name,phase,other_names,country,capacity_mw,status,start_year,operator,owner,lat,lon,location_accuracy,state,gem_location_id,gem_phase_id,source
13 Roeles solar farm,--,,Spain,14.9,operating,2020.0,,Quinto Armónico [100%],41.3326,-4.9094,exact,Castilla y León,L100000824285,G100000827392,GEM Global Solar Power Tracker Feb-2026
Abanilla A solar project,--,,Spain,6.3,operating,2017.0,,,38.1905,-1.0109,exact,Región de Murcia,L100001009197,G100001010567,GEM Global Solar Power Tracker Feb-2026
Abarloar solar farm,--,,Spain,82.5,pre-construction,,,Abarloar Solar SL [100%],40.4254,-3.1831,approximate,Comunidad de Madrid,L100000824286,G100000827393,GEM Global Solar Power Tracker Feb-2026
Abedul 2 New Energy solar farm,--,,Spain,51.6,pre-construction,,Progressum Energy Developments,Progressum Energy Developments [100%],41.6142,-0.7043,approximate,Aragón,L100000824287,G100000827394,GEM Global Solar Power Tracker Feb-2026
Abedul IV solar farm,--,,Spain,49.8,pre-construction,,,,41.7153,-0.6278,exact,Andalucía,L100001062081,G100001071222,GEM Global Solar Power Tracker Feb-2026
Abedul V solar farm,--,,Spain,24.9,pre-construction,,,,41.6914,-0.6336,exact,Aragón,L100001062082,G100001071223,GEM Global Solar Power Tracker Feb-2026
Abedul VI solar farm,--,,Spain,49.8,pre-construction,,,,41.7325,-0.6806,exact,Aragón,L100001062080,G100001071221,GEM Global Solar Power Tracker Feb-2026
Abenójar solar project,--,,Spain,7.6,operating,2017.0,,,38.8979,-4.3661,exact,Castilla-La Mancha,L100001009150,G100001010520,GEM Global Solar Power Tracker Feb-2026
Abertura solar farm,1,,Spain,23.0,operating,2008.0,Iberdrola,LongSol [100%],39.2226,-5.7853,exact,Extremadura,L100000805860,G100000806742,GEM Global Solar Power Tracker Feb-2026
Abeto New Energy solar farm,--,,Spain,75.0,pre-construction,,,Abeto New Energy SLU [100%],42.4927,-1.6669,approximate,Aragón,L100001003309,G100001003790,GEM Global Solar Power Tracker Feb-2026
Abeto solar farm,--,,Spain,50.0,pre-construction,,Abeto Solar,Total Solar Ibérica [100%],40.3974,-3.3104,approximate,Comunidad de Madrid,L100000824288,G100000827395,GEM Global Solar Power Tracker Feb-2026
Ablitas solar project,--,,Spain,6.9,operating,2023.0,,,42.0061,-1.6916,exact,Comunidad Foral de Navarra,L100001009219,G100001010589,GEM Global Solar Power Tracker Feb-2026
Abona solar project,--,,Spain,17.3,operating,2017.0,,,28.1606,-16.4659,exact,Canarias,L100001009235,G100001010605,GEM Global Solar Power Tracker Feb-2026
Abuela Santa Ana Hybrid solar farm,--,,Spain,42.6,pre-construction,,,,39.0608,-1.5032,approximate,Castilla-La Mancha,L100001063979,G100001073573,GEM Global Solar Power Tracker Feb-2026
Abuzaderas solar project,--,,Spain,6.4,operating,2017.0,,,38.7631,-1.7792,exact,Castilla-La Mancha,L100001009091,G100001010461,GEM Global Solar Power Tracker Feb-2026
Acampo Arpal solar farm,--,,Spain,9.2,operating,2023.0,,EDPR Renewable Energy Sources of Greece 1 Sole Proprietorship [100%],41.5712,-0.8315,approximate,Aragón,L100000824289,G100000827396,GEM Global Solar Power Tracker Feb-2026
Acampo Estrén solar farm,--,,Spain,24.9,pre-construction,,,Parque Fotovoltaico Estrén SL [100%],41.5468,-0.8604,approximate,Aragón,L100001000586,G100001000897,GEM Global Solar Power Tracker Feb-2026
Acampo de Orús solar farm,--,,Spain,258.9,shelved - inferred 2 y,,Ener Delta,,41.3473,-0.7809,approximate,Aragón,L100000824290,G100000827397,GEM Global Solar Power Tracker Feb-2026
Acebuche solar farm,--,,Spain,50.0,pre-construction,,,Hanwha Energy Corp,38.659,-4.2902,approximate,Castilla-La Mancha,L100001005471,G100001006511,GEM Global Solar Power Tracker Feb-2026
Aceca Hybrid solar farm,--,,Spain,347.5,pre-construction,,,Iberdrola SA,39.9448,-3.8557,approximate,Castilla-La Mancha,L100001063765,G100001073302,GEM Global Solar Power Tracker Feb-2026
Acequia solar farm,--,,Spain,42.5,pre-construction,,,Acequia Solar SL [100%],40.6587,-3.1626,approximate,Castilla-La Mancha,L100000824291,G100000827398,GEM Global Solar Power Tracker Feb-2026
Actiu Technological Park solar project,--,,Spain,3.7,operating,2017.0,,,38.6062,-0.6593,exact,Comunidad Valenciana,L100001009269,G100001010639,GEM Global Solar Power Tracker Feb-2026
Actuel solar farm,--,,Spain,100.0,announced,,,,40.3592,-1.1411,approximate,Aragón,L100001064029,G100001073631,GEM Global Solar Power Tracker Feb-2026
Adaja 1 solar farm,--,,Spain,51.7,pre-construction,,,Rin Power,41.8676,-3.5387,approximate,Castilla y León,L100001005629,G100001006749,GEM Global Solar Power Tracker Feb-2026
Adeje solar farm,--,,Spain,50.0,pre-construction,,,Adeje Solar SL [100%],41.4485,0.6647,approximate,Cataluña,L100001000846,G100001001203,GEM Global Solar Power Tracker Feb-2026
Adelfa solar farm,--,,Spain,50.0,pre-construction,,Adelfa Solar,Ignis Energía SL [100%],42.1185,-4.6629,approximate,Castilla y León,L100001004644,G100001005448,GEM Global Solar Power Tracker Feb-2026
Adolfo Suárez Madrid-Barajas Airport solar farm,1,,Spain,7.5,pre-construction,2027.0,,Aeropuertos Españoles y Navegación Aérea (AENA) [100%],40.4984,-3.5676,exact,Comunidad de Madrid,L100000824292,G100000827399,GEM Global Solar Power Tracker Feb-2026
Adolfo Suárez Madrid-Barajas Airport solar farm,2,,Spain,120.0,pre-construction,2026.0,,Aeropuertos Españoles y Navegación Aérea (AENA) [100%],40.4984,-3.5676,exact,Comunidad de Madrid,L100000824292,G100000827400,GEM Global Solar Power Tracker Feb-2026
Aena Aeropuerto Madrid Barajas solar farm,--,,Spain,120.0,pre-construction,,,Aeropuertos Españoles y Navegación Aérea (AENA),40.5223,-3.628,approximate,Comunidad de Madrid,L100001005600,G100001006707,GEM Global Solar Power Tracker Feb-2026
Aena Aeropuerto Valencia solar farm,--,,Spain,25.0,construction,,,,39.4943,-0.4848,approximate,Comunidad Valenciana,L100001063126,G100001072508,GEM Global Solar Power Tracker Feb-2026
Aeropuerto Sevilla solar farm,--,,Spain,50.0,pre-construction,,Matrix Renewables,Matrix Renewables [100%],37.4201,-5.8933,approximate,Andalucía,L100000824293,G100000827401,GEM Global Solar Power Tracker Feb-2026
Agenor solar farm,--,,Spain,50.0,operating,2024.0,,NextEnergy Solar Fund [100%],36.5207,-6.2794,approximate,Andalucía,L100000824294,G100000827402,GEM Global Solar Power Tracker Feb-2026
Ager solar project,--,,Spain,11.4,operating,2008.0,,,38.328,-6.688,exact,Extremadura,L100001009113,G100001010483,GEM Global Solar Power Tracker Feb-2026
Agr Maria solar farm,Alpha,,Spain,165.3,pre-construction,,Solaria,,41.7693,-4.2198,approximate,Castilla y León,L100001005595,G100001006697,GEM Global Solar Power Tracker Feb-2026
Agr Maria solar farm,Beta,,Spain,140.1,pre-construction,,Solaria,,41.7693,-4.2198,approximate,Castilla y León,L100001005595,G100001006698,GEM Global Solar Power Tracker Feb-2026
Agr Maria solar farm,Delta,,Spain,228.6,pre-construction,,Solaria,,41.7693,-4.2198,approximate,Castilla y León,L100001005595,G100001006700,GEM Global Solar Power Tracker Feb-2026
Agr Maria solar farm,Gamma,,Spain,140.1,pre-construction,,Solaria,,41.7693,-4.2198,approximate,Castilla y León,L100001005595,G100001006699,GEM Global Solar Power Tracker Feb-2026
Agripa solar farm,--,,Spain,45.3,operating,2022.0,,Endesa SA [100%],39.2774,-6.2734,approximate,Extremadura,L100000824295,G100000827403,GEM Global Solar Power Tracker Feb-2026
Aguasvivas solar farm,--,,Spain,55.0,operating,2024.0,Bruc Management,Q Energy,41.1471,-0.8656,approximate,Aragón,L100001020808,G100001023756,GEM Global Solar Power Tracker Feb-2026
Aguzadera solar farm,--,,Spain,368.4,pre-construction,,,Ric Sun Energy [100%],37.6087,-4.6016,approximate,Andalucía,L100000824296,G100000827404,GEM Global Solar Power Tracker Feb-2026
Ahigal-Cerezo solar farm,--,Complejo Zajuril,Spain,137.0,announced,,Proyecto Fotovoltaico Ahigal-Cerezo,Statkraft AS [100%],40.2079,-6.2002,approximate,Extremadura,L100001003180,G100001003646,GEM Global Solar Power Tracker Feb-2026
Alange solar project,--,,Spain,8.5,operating,2008.0,,,38.8064,-6.2832,exact,Extremadura,L100001009114,G100001010484,GEM Global Solar Power Tracker Feb-2026
Alarcos solar farm,1,,Spain,50.0,operating,2020.0,RWE,RWE AG [100%],38.936,-3.9897,approximate,Castilla-La Mancha,L100000805945,G100000806845,GEM Global Solar Power Tracker Feb-2026
Alaudae solar farm,--,,Spain,45.3,operating,2022.0,,Endesa SA [100%],39.2774,-6.2734,approximate,Extremadura,L100000824297,G100000827405,GEM Global Solar Power Tracker Feb-2026
Alba (Spain) solar farm,--,,Spain,49.9,pre-construction,,,Lured Potencia SL [100%],42.5977,-5.49,approximate,Castilla y León,L100001004669,G100001005479,GEM Global Solar Power Tracker Feb-2026
Albacete Casa Grande solar project,--,,Spain,10.0,operating,2008.0,,,39.044,-1.976,exact,Castilla-La Mancha,L100001009092,G100001010462,GEM Global Solar Power Tracker Feb-2026
Albacete Tinajeros solar project,--,,Spain,19.1,operating,2017.0,,,39.0464,-1.7925,exact,Castilla-La Mancha,L100001009094,G100001010464,GEM Global Solar Power Tracker Feb-2026
Albacete solar farm,--,,Spain,150.6,pre-construction,,Greenpower Renovables,,39.6111,-2.7904,approximate,Castilla-La Mancha,L100000824298,G100000827406,GEM Global Solar Power Tracker Feb-2026
Albacete solar project I,--,,Spain,16.2,operating,2017.0,,,38.9547,-2.0426,exact,Castilla-La Mancha,L100001009444,G100001010814,GEM Global Solar Power Tracker Feb-2026
Albacete solar project II,--,,Spain,2.5,operating,2017.0,,,38.8789,-2.0407,exact,Castilla-La Mancha,L100001009537,G100001010907,GEM Global Solar Power Tracker Feb-2026
Albacete solar project III,--,,Spain,3.8,operating,2017.0,,,38.9841,-1.9797,exact,Castilla-La Mancha,L100001009549,G100001010919,GEM Global Solar Power Tracker Feb-2026
Albacete solar project IV,--,,Spain,3.8,operating,2023.0,,,38.9478,-1.9552,exact,Castilla-La Mancha,L100001009590,G100001010960,GEM Global Solar Power Tracker Feb-2026
Albacete solar project IX,--,,Spain,5.2,operating,2023.0,,,39.0426,-1.8075,exact,Castilla-La Mancha,L100001009942,G100001011312,GEM Global Solar Power Tracker Feb-2026
Albacete solar project V,--,,Spain,2.5,operating,2023.0,,,38.9449,-1.8229,exact,Castilla-La Mancha,L100001009611,G100001010981,GEM Global Solar Power Tracker Feb-2026
Albacete solar project VI,--,,Spain,3.3,operating,2017.0,,,39.0644,-1.7181,exact,Castilla-La Mancha,L100001009636,G100001011006,GEM Global Solar Power Tracker Feb-2026
Albacete solar project VII,--,,Spain,4.4,operating,2017.0,,,39.0947,-1.7538,exact,Castilla-La Mancha,L100001009708,G100001011078,GEM Global Solar Power Tracker Feb-2026
Albacete solar project VIII,--,,Spain,6.0,operating,2023.0,,,39.0776,-2.0682,exact,Castilla-La Mancha,L100001009827,G100001011197,GEM Global Solar Power Tracker Feb-2026
Albacete solar project X,--,,Spain,1.1,operating,2023.0,,,39.1377,-1.8027,exact,Castilla-La Mancha,L100001052894,G100001060688,GEM Global Solar Power Tracker Feb-2026
Albacete solar project XI,--,,Spain,6.0,operating,2017.0,,,39.0514,-2.0678,exact,Castilla-La Mancha,L100001053045,G100001060839,GEM Global Solar Power Tracker Feb-2026
Albacete solar project XII,--,,Spain,3.6,operating,2023.0,,,38.9363,-1.8648,exact,Castilla-La Mancha,L100001053210,G100001061004,GEM Global Solar Power Tracker Feb-2026
Albacete solar project XIII,--,,Spain,10.1,operating,2017.0,,,38.928,-1.9359,exact,Castilla-La Mancha,L100001053229,G100001061023,GEM Global Solar Power Tracker Feb-2026
Albacete solar project XIV,--,,Spain,2.0,operating,2023.0,,,38.9374,-1.8798,exact,Castilla-La Mancha,L100001053304,G100001061098,GEM Global Solar Power Tracker Feb-2026
Albacete solar project XV,--,,Spain,1.0,operating,2022.0,,,39.0677,-1.7755,exact,Castilla-La Mancha,L100001053363,G100001061157,GEM Global Solar Power Tracker Feb-2026
Albacete solar project XVI,--,,Spain,4.4,operating,2017.0,,,38.93,-1.8708,exact,Castilla-La Mancha,L100001053538,G100001061332,GEM Global Solar Power Tracker Feb-2026
Albares solar farm,--,,Spain,90.5,pre-construction,,Green Capital Power,Capital Energy [100%],40.2376,-3.7121,approximate,Comunidad de Madrid,L100000824299,G100000827407,GEM Global Solar Power Tracker Feb-2026
Albeniz solar farm,--,,Spain,50.0,operating,2022.0,,Aquila European Renewables PLC [100%],36.8476,-2.4499,approximate,Andalucía,L100000824300,G100000827408,GEM Global Solar Power Tracker Feb-2026
Alberche 1 solar farm,--,,Spain,49.5,pre-construction,,,Forestalia SL,39.9127,-4.6778,approximate,Castilla-La Mancha,L100001005360,G100001006388,GEM Global Solar Power Tracker Feb-2026
Albornez solar farm,--,,Spain,82.5,pre-construction,,,ib vogt gmbH,38.0218,-4.384,approximate,Andalucía,L100001005615,G100001006731,GEM Global Solar Power Tracker Feb-2026
Alcal 1 solar farm,--,,Spain,57.0,pre-construction,,,Isis Sun Power SL [100%],40.8396,-3.3705,approximate,Castilla-La Mancha,L100000824301,G100000827409,GEM Global Solar Power Tracker Feb-2026
Alcalá De Guadaira Solar Park,1,Amazon Sevilla,Spain,149.0,operating,2020.0,Amazon,Amazon [100%],37.3563,-5.8171,approximate,Andalucía,L100000805699,G100000806555,GEM Global Solar Power Tracker Feb-2026
Alcalá de los Gazules solar farm,Alamak,"Alya Solar, Alamak Solar",Spain,49.9,operating,2024.0,Alya Solar,Euder Energy SL [100%],36.4634,-5.7266,approximate,Andalucía,L100000824302,G100000827410,GEM Global Solar Power Tracker Feb-2026
Alcalá de los Gazules solar farm,Alya,"Alya Solar, Alamak Solar",Spain,24.0,operating,2024.0,Alamak Solar,Euder Energy SL [100%],36.4634,-5.7266,approximate,Andalucía,L100000824302,G100000827411,GEM Global Solar Power Tracker Feb-2026
Alcaniz solar farm,--,,Spain,50.0,shelved,,,,42.02,-0.2749,approximate,Aragón,L100001007667,G100001008893,GEM Global Solar Power Tracker Feb-2026
Alcantarilla Área Metropolitana De Murcia solar project,--,,Spain,3.7,operating,2021.0,,,37.9904,-1.2573,exact,Región de Murcia,L100001010350,G100001011720,GEM Global Solar Power Tracker Feb-2026
Alcarria solar farm,--,,Spain,40.0,pre-construction,2026.0,,Iberdrola SA [100%],39.6196,-2.7904,approximate,Castilla-La Mancha,L100000824304,G100000827413,GEM Global Solar Power Tracker Feb-2026
Alcaudete solar project,--,,Spain,12.6,operating,2017.0,,,37.5705,-4.0933,exact,Andalucía,L100001009187,G100001010557,GEM Global Solar Power Tracker Feb-2026
Alcazar solar farm,1,Planta Solar Alcazar,Spain,44.9,operating,2019.0,Energías Ambientales de Soria,Actividades de Construcción y Servicios SA [24%]; Galp Energia SGPS SA [75%],39.3882,-3.2117,approximate,Castilla-La Mancha,L100000824305,G100000827414,GEM Global Solar Power Tracker Feb-2026
Alcazar solar farm,2,Planta Solar Alcazar,Spain,44.9,operating,2019.0,Energías Ambientales de Soria,Actividades de Construcción y Servicios SA [24%]; Galp Energia SGPS SA [75%],39.3882,-3.2117,approximate,Castilla-La Mancha,L100000824305,G100000827415,GEM Global Solar Power Tracker Feb-2026
Alcione solar farm,--,,Spain,50.0,pre-construction,,,,36.8514,-5.2059,approximate,Andalucía,L100001062043,G100001071164,GEM Global Solar Power Tracker Feb-2026
Alcobendas solar project,--,,Spain,2.5,operating,2024.0,,,40.5258,-3.5892,exact,Comunidad de Madrid,L100001053701,G100001061495,GEM Global Solar Power Tracker Feb-2026
Alcolea I-II solar project,--,,Spain,12.5,operating,2017.0,,,37.9186,-4.6728,exact,Andalucía,L100001009158,G100001010528,GEM Global Solar Power Tracker Feb-2026
Alconchel solar farm,--,Alconchel 2000,Spain,12.0,operating,2024.0,Alter Enersun,CL Grupo Industrial; Senergy Group,39.6196,-2.7904,approximate,Extremadura,L100000824306,G100000827416,GEM Global Solar Power Tracker Feb-2026
Alconchel solar project,--,,Spain,10.5,operating,2017.0,,,38.5231,-7.0589,exact,Extremadura,L100001009115,G100001010485,GEM Global Solar Power Tracker Feb-2026
Alconera II solar project,--,,Spain,7.2,operating,2009.0,,,38.3773,-6.4587,exact,Extremadura,L100001009117,G100001010487,GEM Global Solar Power Tracker Feb-2026
Alconera solar project,--,,Spain,7.4,operating,2008.0,,,38.365,-6.4549,exact,Extremadura,L100001009116,G100001010486,GEM Global Solar Power Tracker Feb-2026
Alcores Calaspasol solar farm,--,,Spain,39.9,operating,,,,37.4706,-5.647,approximate,Andalucía,L100000824307,G100000827417,GEM Global Solar Power Tracker Feb-2026
Alcores solar farm,1,,Spain,40.0,operating,2019.0,X-Elio,X-Elio [100%],37.436,-5.793,exact,Andalucía,L100000806037,G100000806950,GEM Global Solar Power Tracker Feb-2026
Alcornoque solar farm,--,,Spain,50.0,pre-construction,,Alcornoque Solar,Ignis Energía SL [100%],42.1237,-4.6615,approximate,Castilla y León,L100001004639,G100001005444,GEM Global Solar Power Tracker Feb-2026
Alcudia solar farm,--,,Spain,58.0,pre-construction,,,,38.0252,-4.3913,approximate,Andalucía,L100001061824,G100001070892,GEM Global Solar Power Tracker Feb-2026
Alcántara solar farm,--,,Spain,100.0,pre-construction,,Benbros Solar,,38.791,-5.6362,approximate,Extremadura,L100000824303,G100000827412,GEM Global Solar Power Tracker Feb-2026
Aldea de San Miguel solar farm,--,,Spain,53.2,pre-construction,,New Universeline System,BayWa R.E. AG [100%],41.464,-4.6274,approximate,Castilla y León,L100000824308,G100000827418,GEM Global Solar Power Tracker Feb-2026
Aldea del Conde solar project,--,,Spain,17.1,operating,2017.0,,,38.8169,-6.7485,exact,Extremadura,L100001009118,G100001010488,GEM Global Solar Power Tracker Feb-2026
Aldehuela solar farm,--,,Spain,130.0,shelved,,Dos Grados Capital,,40.3051,-3.7307,approximate,Comunidad de Madrid,L100000824309,G100000827419,GEM Global Solar Power Tracker Feb-2026
Alentisque solar farm,--,,Spain,49.3,pre-construction,,,,41.4029,-2.3248,approximate,Castilla y León,L100001064013,G100001073613,GEM Global Solar Power Tracker Feb-2026
Alfajarín solar farm,--,,Spain,76.8,pre-construction,,Enel Green Power,Enel Green Power SpA [100%],41.614,-0.7038,approximate,Aragón,L100000824311,G100000827421,GEM Global Solar Power Tracker Feb-2026
Alfamén solar farm,--,,Spain,200.0,shelved - inferred 2 y,,,Alfamen Energía SL [100%],41.4471,-1.2366,approximate,Aragón,L100000824312,G100000827422,GEM Global Solar Power Tracker Feb-2026
Alfarrasi solar project,--,,Spain,11.7,operating,2017.0,,,38.9059,-0.5089,exact,Comunidad Valenciana,L100001009270,G100001010640,GEM Global Solar Power Tracker Feb-2026
Algarrobo (Spain) solar project,--,,Spain,6.9,operating,2017.0,,,37.6026,-5.103,exact,Andalucía,L100001009242,G100001010612,GEM Global Solar Power Tracker Feb-2026
Algibicos solar farm,1,Algibicos PV,Spain,49.0,operating,2020.0,EKZ Renewables,Elektrizitätswerke des Kantons Zürich [100%],37.847,-1.118,exact,Región de Murcia,L100000805769,G100000806638,GEM Global Solar Power Tracker Feb-2026
Algiedi solar farm,--,,Spain,20.6,operating,2022.0,,Solaria Energía y Medio Ambiente SA [100%],41.9829,-4.4281,approximate,Castilla y León,L100000824313,G100000827423,GEM Global Solar Power Tracker Feb-2026
Alhama solar project,--,,Spain,9.6,operating,2017.0,,,37.8335,-1.3843,exact,Región de Murcia,L100001009198,G100001010568,GEM Global Solar Power Tracker Feb-2026
Alhendín solar farm,--,,Spain,56.0,operating,2024.0,,BayWa R.E. AG [100%],37.1774,-3.5937,approximate,Andalucía,L100000824314,G100000827424,GEM Global Solar Power Tracker Feb-2026
Aliaga solar farm (Spain),1,,Spain,80.0,pre-construction,,Sonnedix,,37.6087,-4.6016,approximate,Andalucía,L100000824315,G100000827425,GEM Global Solar Power Tracker Feb-2026
Aliaga solar farm (Spain),2,,Spain,80.0,pre-construction,,Sonnedix,,37.6087,-4.6016,approximate,Andalucía,L100000824315,G100000827426,GEM Global Solar Power Tracker Feb-2026
Alicante solar farm,1,,Spain,70.0,cancelled - inferred 4 y,,,BayWa R.E. AG [100%],37.9774,-0.6872,approximate,Comunidad Valenciana,L100000806118,G100000807039,GEM Global Solar Power Tracker Feb-2026
Alicante solar project,--,,Spain,1.2,operating,2017.0,,,38.3669,-0.5143,exact,Comunidad Valenciana,L100001053389,G100001061183,GEM Global Solar Power Tracker Feb-2026
Alisio solar farm,--,,Spain,82.5,pre-construction,,,Ignis Energía SL,37.5475,-4.3671,approximate,Andalucía,L100001005616,G100001006732,GEM Global Solar Power Tracker Feb-2026
Alizarsun solar farm,--,Alizarsun Solar PV Park,Spain,50.0,operating,2022.0,,Resolar [100%],41.182,-0.4397,approximate,Aragón,L100001007668,G100001008894,GEM Global Solar Power Tracker Feb-2026
Aljarafe solar farm,--,,Spain,74.8,pre-construction,,Enel Green Power España,Enel Green Power España SL [100%],37.4186,-6.095,approximate,Andalucía,L100000824316,G100000827427,GEM Global Solar Power Tracker Feb-2026
Allives solar farm,--,,Spain,120.0,pre-construction,,Nara Solar,,37.2841,-5.9294,approximate,Andalucía,L100000824317,G100000827428,GEM Global Solar Power Tracker Feb-2026
Almagro solar farm,--,,Spain,100.0,pre-construction,,Capital Wings 2000,Dos Grados Capital [100%],38.8914,-4.0344,approximate,Castilla-La Mancha,L100000824318,G100000827429,GEM Global Solar Power Tracker Feb-2026
Almansa (Akuo) solar farm,1,,Spain,75.6,pre-construction,,Figsel Trade,Akuo Energy SAS [100%],38.8054,-0.8808,approximate,Comunidad Valenciana,L100000824319,G100000827430,GEM Global Solar Power Tracker Feb-2026
Almansa (X-Elio) solar farm,1,,Spain,50.0,operating,2019.0,Eiffage Énergie Systèmes,X-Elio [100%],38.83,-1.048,exact,Castilla-La Mancha,L100000805765,G100000806634,GEM Global Solar Power Tracker Feb-2026
Almansol solar farm,--,,Spain,50.0,announced,,,,38.8863,-2.0153,approximate,Castilla-La Mancha,L100001007669,G100001008895,GEM Global Solar Power Tracker Feb-2026
Almaraz solar farm,1,,Spain,42.6,operating,2022.0,,Iberdrola SA [100%],39.7867,-5.7003,approximate,Extremadura,L100000824320,G100000827431,GEM Global Solar Power Tracker Feb-2026
Almaraz solar farm,2,,Spain,42.6,operating,2022.0,,Iberdrola SA [100%],39.7867,-5.7003,approximate,Extremadura,L100000824320,G100000827432,GEM Global Solar Power Tracker Feb-2026
Almargo solar farm,--,,Spain,100.0,pre-construction,,,Capital Wings 2000 SL,38.8592,-4.0811,approximate,Castilla-La Mancha,L100001005605,G100001006716,GEM Global Solar Power Tracker Feb-2026
Almenara solar farm,--,,Spain,50.0,pre-construction,,,Ignis Energía SL; ib vogt gmbH,41.3684,1.3243,exact,Cataluña,L100000824321,G100000827433,GEM Global Solar Power Tracker Feb-2026
Almendralejo solar farm,--,,Spain,125.0,operating,2023.0,,Acciona SA,38.8695,-6.9791,approximate,Extremadura,L100001007670,G100001008896,GEM Global Solar Power Tracker Feb-2026
Almendro solar farm,--,,Spain,50.0,pre-construction,,Almendro Solar,Hanwha Energy Corp [100%],42.0963,-4.6095,approximate,Castilla y León,L100001004587,G100001005384,GEM Global Solar Power Tracker Feb-2026
Almeria (Euder Energy) solar farm,1,,Spain,50.0,announced,,Euder Energy,Euder Energy SL [100%],36.8564,-2.4669,approximate,Andalucía,L100000824322,G100000827434,GEM Global Solar Power Tracker Feb-2026
Almeria (Euder Energy) solar farm,2,,Spain,50.0,announced,,Euder Energy,Euder Energy SL [100%],36.8564,-2.4669,approximate,Andalucía,L100000824322,G100000827435,GEM Global Solar Power Tracker Feb-2026
Almeria (Euder Energy) solar farm,3,,Spain,50.0,announced,,Euder Energy,Euder Energy SL [100%],36.8564,-2.4669,approximate,Andalucía,L100000824322,G100000827436,GEM Global Solar Power Tracker Feb-2026
Almeria solar project,--,,Spain,6.2,operating,2023.0,,,36.8704,-2.3072,exact,Andalucía,L100001009906,G100001011276,GEM Global Solar Power Tracker Feb-2026
Almizra solar farm,--,,Spain,30.0,pre-construction,,,,38.6735,-0.7934,exact,Comunidad Valenciana,L100001062403,G100001071673,GEM Global Solar Power Tracker Feb-2026
Almod I solar farm,--,,Spain,32.6,pre-construction,,,,37.76,-4.9456,approximate,Andalucía,L100001061938,G100001071044,GEM Global Solar Power Tracker Feb-2026
Almodóvar del Campo solar project,--,,Spain,3.4,operating,2025.0,,,38.7289,-4.2098,exact,Castilla-La Mancha,L100001009151,G100001010521,GEM Global Solar Power Tracker Feb-2026
Almodóvar del Río E solar project,--,,Spain,9.7,operating,2008.0,,,37.838,-4.972,exact,Andalucía,L100001009159,G100001010529,GEM Global Solar Power Tracker Feb-2026
Almodóvar del Río W solar project,--,,Spain,9.6,operating,2008.0,,,37.837,-4.98,exact,Andalucía,L100001009160,G100001010530,GEM Global Solar Power Tracker Feb-2026
Almoguera 1 solar farm,--,,Spain,45.6,pre-construction,,,Libienergy Energías SL,40.417,-2.9214,approximate,Castilla-La Mancha,L100001005464,G100001006503,GEM Global Solar Power Tracker Feb-2026
Almonacid solar project,--,,Spain,5.6,operating,2008.0,,,41.418,-1.2969,exact,Aragón,L100001009283,G100001010653,GEM Global Solar Power Tracker Feb-2026
Alpha Barroso solar farm,--,,Spain,40.0,pre-construction,,,,37.2801,-5.9653,approximate,Andalucía,L100001062052,G100001071177,GEM Global Solar Power Tracker Feb-2026
Alsemur solar farm,Alsemur 1,,Spain,38.0,pre-construction,,,Solaer Energías Bahía Blanca SL,38.6588,-4.2951,approximate,Castilla-La Mancha,L100001005376,G100001006409,GEM Global Solar Power Tracker Feb-2026
Alsemur solar farm,Alsemur 2,,Spain,38.0,pre-construction,,,Solaer Energías Bahía Blanca SL,38.6588,-4.2951,approximate,Castilla-La Mancha,L100001005376,G100001006410,GEM Global Solar Power Tracker Feb-2026
Alsemur solar farm,Alsemur 4,,Spain,15.0,shelved - inferred 2 y,,,Solaer Energías Bahía Blanca SL,38.6588,-4.2951,approximate,Castilla-La Mancha,L100001005376,G100001006498,GEM Global Solar Power Tracker Feb-2026
Alt Camp solar project I,--,,Spain,5.8,operating,2017.0,,,41.2815,1.2844,exact,Cataluña,L100001053149,G100001060943,GEM Global Solar Power Tracker Feb-2026
Alt Camp solar project II,--,,Spain,2.4,operating,2017.0,,,41.3241,1.2684,exact,Cataluña,L100001053569,G100001061363,GEM Global Solar Power Tracker Feb-2026
Alt Camp solar project III,--,,Spain,5.1,operating,2017.0,,,41.3168,1.2583,exact,Cataluña,L100001053700,G100001061494,GEM Global Solar Power Tracker Feb-2026
Alt Urgell solar project,--,,Spain,1.5,operating,2025.0,,,42.2016,1.3214,exact,Cataluña,L100001053582,G100001061376,GEM Global Solar Power Tracker Feb-2026
Alten El Casar solar farm,--,,Spain,13.0,operating,2019.0,,Alter Enersun SA; Grupo Ortiz,40.7025,-3.4297,approximate,Castilla-La Mancha,L100000824323,G100000827437,GEM Global Solar Power Tracker Feb-2026
Altiplano solar project I,--,,Spain,3.6,operating,2023.0,,,38.6224,-1.3474,exact,Región de Murcia,L100001052932,G100001060726,GEM Global Solar Power Tracker Feb-2026
Altiplano solar project II,--,,Spain,2.1,operating,2017.0,,,38.3409,-1.1131,exact,Región de Murcia,L100001053037,G100001060831,GEM Global Solar Power Tracker Feb-2026
Altiplano solar project III,--,,Spain,2.4,operating,2020.0,,,38.5848,-1.1181,exact,Región de Murcia,L100001053071,G100001060865,GEM Global Solar Power Tracker Feb-2026
Altiplano solar project IV,--,,Spain,1.5,operating,2023.0,,,38.4438,-1.2077,exact,Región de Murcia,L100001053234,G100001061028,GEM Global Solar Power Tracker Feb-2026
Altiplano solar project IX,--,,Spain,11.6,operating,2023.0,,,38.6174,-1.3277,exact,Región de Murcia,L100001053624,G100001061418,GEM Global Solar Power Tracker Feb-2026
Altiplano solar project V,--,,Spain,2.3,operating,2022.0,,,38.4564,-1.2768,exact,Región de Murcia,L100001053254,G100001061048,GEM Global Solar Power Tracker Feb-2026
Altiplano solar project VI,--,,Spain,1.1,operating,2023.0,,,38.5431,-1.4866,exact,Región de Murcia,L100001053377,G100001061171,GEM Global Solar Power Tracker Feb-2026
Altiplano solar project VII,--,,Spain,6.2,operating,2024.0,,,38.6377,-1.0897,exact,Región de Murcia,L100001053497,G100001061291,GEM Global Solar Power Tracker Feb-2026
Altiplano solar project VIII,--,,Spain,2.6,operating,2025.0,,,38.5085,-1.3325,exact,Región de Murcia,L100001053614,G100001061408,GEM Global Solar Power Tracker Feb-2026
Altiplano solar project X,--,,Spain,4.6,operating,2023.0,,,38.4034,-1.4198,exact,Región de Murcia,L100001053738,G100001061532,GEM Global Solar Power Tracker Feb-2026
Alto Guadalentín solar project I,--,,Spain,2.4,operating,2024.0,,,37.4729,-1.5386,exact,Región de Murcia,L100001009818,G100001011188,GEM Global Solar Power Tracker Feb-2026
Alto Guadalentín solar project II,--,,Spain,14.7,operating,2021.0,,,37.5511,-1.7941,exact,Región de Murcia,L100001010268,G100001011638,GEM Global Solar Power Tracker Feb-2026
Alto Guadalentín solar project III,--,,Spain,8.5,operating,2021.0,,,37.5559,-1.7875,exact,Región de Murcia,L100001010393,G100001011763,GEM Global Solar Power Tracker Feb-2026
Alto Guadalentín solar project IV,--,,Spain,1.0,operating,2023.0,,,37.4576,-1.4938,exact,Región de Murcia,L100001053227,G100001061021,GEM Global Solar Power Tracker Feb-2026
Alto Guadalentín solar project V,--,,Spain,1.6,operating,2023.0,,,37.495,-1.8565,exact,Región de Murcia,L100001053403,G100001061197,GEM Global Solar Power Tracker Feb-2026
Altos de Libia solar farm,--,,Spain,15.0,operating,,Amarenco,,41.7669,-2.4755,approximate,Castilla y León,L100000824324,G100000827438,GEM Global Solar Power Tracker Feb-2026
Aluvión solar farm,--,,Spain,45.0,pre-construction,,Aluvión Solar,Ignis Energía SL [100%],40.5704,-3.0985,approximate,Castilla-La Mancha,L100000824325,G100000827439,GEM Global Solar Power Tracker Feb-2026
Alvarado solar farm (Spain),1,"Alvarado-La Risca 2 (Phase 2), Alvarado-La Risca 1 (Phase 1)",Spain,50.0,operating,2020.0,Solarpack,Bruc Iberia Energy Investment Partners [100%],38.8098,-6.7908,approximate,Extremadura,L100000805992,G100000806897,GEM Global Solar Power Tracker Feb-2026
Alvarado solar farm (Spain),2,"Alvarado-La Risca 2 (Phase 2), Alvarado-La Risca 1 (Phase 1)",Spain,50.0,operating,2020.0,Solarpack,Bruc Iberia Energy Investment Partners [100%],38.8098,-6.7908,approximate,Extremadura,L100000805992,G100000806898,GEM Global Solar Power Tracker Feb-2026
Alya solar farm,--,,Spain,47.2,pre-construction,,Energía Inagotable de Alya,Forestalia SL [100%],41.5424,0.2082,approximate,Aragón,L100000824326,G100000827440,GEM Global Solar Power Tracker Feb-2026
Amaltea solar farm,--,,Spain,49.5,pre-construction,,Energía Inagotable Amaltea,Forestalia SL [100%],41.5006,0.2078,approximate,Aragón,L100000824327,G100000827441,GEM Global Solar Power Tracker Feb-2026
Amazon 1 solar farm,--,,Spain,111.0,operating,2022.0,Amazon,Amazon [100%],39.5151,-6.3943,approximate,Extremadura,L100000824328,G100000827442,GEM Global Solar Power Tracker Feb-2026
Amazon Alamo solar farm,--,,Spain,100.0,operating,2022.0,Amazon,Amazon [100%],39.9144,-4.0319,approximate,Castilla-La Mancha,L100000824329,G100000827443,GEM Global Solar Power Tracker Feb-2026
Amazon Andalucia 2 solar farm,--,,Spain,59.0,construction,2026.0,Amazon,Amazon [100%],37.5306,-4.7529,approximate,Andalucía,L100000824330,G100000827444,GEM Global Solar Power Tracker Feb-2026
Amazon Antilia solar farm,--,,Spain,40.0,operating,2021.0,Amazon,Amazon [100%],41.2244,-3.9954,approximate,Castilla y León,L100000824331,G100000827445,GEM Global Solar Power Tracker Feb-2026
Amazon Arco solar farm,--,,Spain,137.5,operating,2021.0,Amazon,Amazon [100%],36.6902,-6.1323,approximate,Andalucía,L100000824332,G100000827446,GEM Global Solar Power Tracker Feb-2026
Amazon Armada solar farm,--,Armada Solar,Spain,82.5,operating,2021.0,Armada Solar,Amazon [100%],40.3386,-3.1914,approximate,Comunidad de Madrid,L100000824333,G100000827447,GEM Global Solar Power Tracker Feb-2026
Amazon Cabrera solar farm,--,,Spain,149.0,operating,2020.0,Amazon,Amazon [100%],37.3817,-5.9804,approximate,Andalucía,L100000824335,G100000827449,GEM Global Solar Power Tracker Feb-2026
Amazon Cuenca 3 solar farm,--,,Spain,152.0,shelved - inferred 2 y,,Amazon,Amazon [100%],40.0082,-2.591,approximate,Castilla-La Mancha,L100000824337,G100000827451,GEM Global Solar Power Tracker Feb-2026
Amazon Cáceres 3 solar farm,--,,Spain,364.0,shelved - inferred 2 y,,Amazon,Amazon [100%],39.275,-5.7165,approximate,Extremadura,L100000824336,G100000827450,GEM Global Solar Power Tracker Feb-2026
Amazon Hijar 1 solar farm,--,,Spain,49.0,operating,2021.0,Amazon,Amazon [100%],41.1757,-0.4536,approximate,Aragón,L100000824338,G100000827452,GEM Global Solar Power Tracker Feb-2026
Amazon Palencia solar farm,--,,Spain,28.6,announced,,Amazon,Amazon [100%],42.1525,-4.694,approximate,Castilla y León,L100000824339,G100000827453,GEM Global Solar Power Tracker Feb-2026
Amazon Solar Farm - Andalucia,1,,Spain,59.0,construction,2026.0,Amazon,Amazon [100%],38.7986,-6.2371,approximate,Extremadura,L100000805701,G100000806557,GEM Global Solar Power Tracker Feb-2026
Amazon Solar Farm - Extremadura,1,,Spain,111.0,construction,2027.0,Amazon,Amazon [100%],37.3943,-5.9984,approximate,Andalucía,L100000805702,G100000806558,GEM Global Solar Power Tracker Feb-2026
Amazon Villanueva solar farm,--,,Spain,40.0,operating,2021.0,Amazon,Amazon [100%],39.9467,-2.5984,approximate,Castilla-La Mancha,L100000824340,G100000827454,GEM Global Solar Power Tracker Feb-2026
Amazon Zaragoza solar farm,1,,Spain,50.0,operating,2021.0,Amazon,Amazon [100%],41.6517,-0.7839,approximate,Aragón,L100000805700,G100000806556,GEM Global Solar Power Tracker Feb-2026
Anclote solar farm,--,,Spain,62.5,pre-construction,,,Tejo Solar [100%],36.4327,-5.4519,approximate,Andalucía,L100000824343,G100000827457,GEM Global Solar Power Tracker Feb-2026
Andalusia solar project CC,--,,Spain,1.9,operating,2017.0,,,37.905,-3.1152,exact,Andalucía,L100001053422,G100001061216,GEM Global Solar Power Tracker Feb-2026
Andalusia solar project CCI,--,,Spain,1.8,operating,2022.0,,,38.234,-3.0862,exact,Andalucía,L100001053423,G100001061217,GEM Global Solar Power Tracker Feb-2026
Andalusia solar project CCII,--,,Spain,7.4,operating,2025.0,,,37.0007,-2.5648,exact,Andalucía,L100001053429,G100001061223,GEM Global Solar Power Tracker Feb-2026
Andalusia solar project CCIII,--,,Spain,5.1,operating,2017.0,,,38.3481,-3.0176,exact,Andalucía,L100001053455,G100001061249,GEM Global Solar Power Tracker Feb-2026
Andalusia solar project CCIV,--,,Spain,2.2,operating,2024.0,,,37.1073,-2.3517,exact,Andalucía,L100001053510,G100001061304,GEM Global Solar Power Tracker Feb-2026
Andalusia solar project CCIX,--,,Spain,1.2,operating,2023.0,,,36.9486,-2.1578,exact,Andalucía,L100001053598,G100001061392,GEM Global Solar Power Tracker Feb-2026
Andalusia solar project CCV,--,,Spain,2.8,operating,2022.0,,,38.2704,-5.1942,exact,Andalucía,L100001053514,G100001061308,GEM Global Solar Power Tracker Feb-2026
Andalusia solar project CCVI,--,,Spain,1.9,operating,2023.0,,,36.8116,-2.6765,exact,Andalucía,L100001053523,G100001061317,GEM Global Solar Power Tracker Feb-2026
Andalusia solar project CCVII,--,,Spain,1.3,operating,2024.0,,,37.4075,-5.5379,exact,Andalucía,L100001053528,G100001061322,GEM Global Solar Power Tracker Feb-2026
Andalusia solar project CCVIII,--,,Spain,2.0,operating,2025.0,,,37.5945,-5.6629,exact,Andalucía,L100001053537,G100001061331,GEM Global Solar Power Tracker Feb-2026
Andalusia solar project CCX,--,,Spain,2.4,operating,2024.0,,,37.3731,-4.7305,exact,Andalucía,L100001053605,G100001061399,GEM Global Solar Power Tracker Feb-2026
Andalusia solar project CCXI,--,,Spain,1.4,operating,2023.0,,,37.334,-2.0054,exact,Andalucía,L100001053613,G100001061407,GEM Global Solar Power Tracker Feb-2026
Andalusia solar project CCXII,--,,Spain,4.5,operating,2022.0,,,37.4574,-4.8267,exact,Andalucía,L100001053619,G100001061413,GEM Global Solar Power Tracker Feb-2026
Andalusia solar project CCXIII,--,,Spain,2.0,operating,2022.0,,,37.2507,-1.8101,exact,Andalucía,L100001053622,G100001061416,GEM Global Solar Power Tracker Feb-2026
Andalusia solar project CCXIV,--,,Spain,3.5,operating,2024.0,,,37.8614,-3.09,exact,Andalucía,L100001053668,G100001061462,GEM Global Solar Power Tracker Feb-2026
Andalusia solar project CCXIX,--,,Spain,4.7,operating,2017.0,,,37.2877,-5.5542,exact,Andalucía,L100001053810,G100001061604,GEM Global Solar Power Tracker Feb-2026
Andalusia solar project CCXV,--,,Spain,1.9,operating,2023.0,,,37.0999,-2.1987,exact,Andalucía,L100001053706,G100001061500,GEM Global Solar Power Tracker Feb-2026
Andalusia solar project CCXVI,--,,Spain,1.7,operating,2022.0,,,37.4964,-3.8205,exact,Andalucía,L100001053730,G100001061524,GEM Global Solar Power Tracker Feb-2026
Andalusia solar project CCXVII,--,,Spain,2.0,operating,2017.0,,,37.0163,-5.8069,exact,Andalucía,L100001053745,G100001061539,GEM Global Solar Power Tracker Feb-2026
Andalusia solar project CCXVIII,--,,Spain,2.7,operating,2017.0,,,37.213,-4.7678,exact,Andalucía,L100001053760,G100001061554,GEM Global Solar Power Tracker Feb-2026
Andalusia solar project CCXX,--,,Spain,4.1,operating,2025.0,,,37.9881,-4.0473,exact,Andalucía,L100001053846,G100001061640,GEM Global Solar Power Tracker Feb-2026
Andalusia solar project CCXXI,--,,Spain,2.5,operating,2023.0,,,38.2989,-5.3019,exact,Andalucía,L100001053852,G100001061646,GEM Global Solar Power Tracker Feb-2026
Andalusia solar project CCXXII,--,,Spain,1.0,operating,2022.0,,,37.8032,-5.061,exact,Andalucía,L100001053855,G100001061649,GEM Global Solar Power Tracker Feb-2026
Andalusia solar project CII,--,,Spain,9.6,operating,2024.0,,,37.3983,-4.7092,exact,Andalucía,L100001010149,G100001011519,GEM Global Solar Power Tracker Feb-2026
Andalusia solar project CIV,--,,Spain,5.3,operating,2021.0,,,37.3826,-4.7409,exact,Andalucía,L100001010158,G100001011528,GEM Global Solar Power Tracker Feb-2026
Andalusia solar project CIX,--,,Spain,8.6,operating,2020.0,,,37.7216,-5.4193,exact,Andalucía,L100001010163,G100001011533,GEM Global Solar Power Tracker Feb-2026
Andalusia solar project CL,--,,Spain,1.1,operating,2022.0,,,37.0797,-5.863,exact,Andalucía,L100001052839,G100001060633,GEM Global Solar Power Tracker Feb-2026
Andalusia solar project CLI,--,,Spain,1.2,operating,2025.0,,,37.4865,-5.4652,exact,Andalucía,L100001052864,G100001060658,GEM Global Solar Power Tracker Feb-2026
Andalusia solar project CLII,--,,Spain,3.9,operating,2024.0,,,37.4097,-5.7335,exact,Andalucía,L100001052871,G100001060665,GEM Global Solar Power Tracker Feb-2026
Andalusia solar project CLIII,--,,Spain,3.9,operating,2023.0,,,37.2484,-5.5773,exact,Andalucía,L100001052879,G100001060673,GEM Global Solar Power Tracker Feb-2026
Andalusia solar project CLIV,--,,Spain,3.5,operating,2024.0,,,38.044,-4.1195,exact,Andalucía,L100001052884,G100001060678,GEM Global Solar Power Tracker Feb-2026
Andalusia solar project CLIX,--,,Spain,1.4,operating,2023.0,,,37.4674,-3.8811,exact,Andalucía,L100001052950,G100001060744,GEM Global Solar Power Tracker Feb-2026
Andalusia solar project CLV,--,,Spain,1.5,operating,2023.0,,,37.2179,-4.7794,exact,Andalucía,L100001052906,G100001060700,GEM Global Solar Power Tracker Feb-2026
Andalusia solar project CLVI,--,,Spain,2.7,operating,2023.0,,,37.7532,-5.2773,exact,Andalucía,L100001052920,G100001060714,GEM Global Solar Power Tracker Feb-2026
Andalusia solar project CLVII,--,,Spain,14.5,operating,2024.0,,,37.5548,-5.6172,exact,Andalucía,L100001052935,G100001060729,GEM Global Solar Power Tracker Feb-2026
Andalusia solar project CLVIII,--,,Spain,1.4,operating,2024.0,,,37.3211,-5.6978,exact,Andalucía,L100001052938,G100001060732,GEM Global Solar Power Tracker Feb-2026
Andalusia solar project CLX,--,,Spain,2.1,operating,2017.0,,,37.2951,-5.7828,exact,Andalucía,L100001052959,G100001060753,GEM Global Solar Power Tracker Feb-2026
Andalusia solar project CLXI,--,,Spain,2.7,operating,2019.0,,,37.3811,-1.759,exact,Andalucía,L100001052963,G100001060757,GEM Global Solar Power Tracker Feb-2026
Andalusia solar project CLXII,--,,Spain,8.5,operating,2024.0,,,37.2896,-5.7079,exact,Andalucía,L100001052975,G100001060769,GEM Global Solar Power Tracker Feb-2026
Andalusia solar project CLXIII,--,,Spain,5.9,operating,2024.0,,,36.9144,-2.5304,exact,Andalucía,L100001053009,G100001060803,GEM Global Solar Power Tracker Feb-2026
Andalusia solar project CLXIV,--,,Spain,1.3,operating,2021.0,,,37.4049,-1.9658,exact,Andalucía,L100001053027,G100001060821,GEM Global Solar Power Tracker Feb-2026
Andalusia solar project CLXIX,--,,Spain,1.0,operating,2023.0,,,38.259,-3.5694,exact,Andalucía,L100001053086,G100001060880,GEM Global Solar Power Tracker Feb-2026
Andalusia solar project CLXV,--,,Spain,3.8,operating,2023.0,,,38.1658,-3.6212,exact,Andalucía,L100001053032,G100001060826,GEM Global Solar Power Tracker Feb-2026
Andalusia solar project CLXVI,--,,Spain,1.2,operating,2017.0,,,37.4539,-5.8626,exact,Andalucía,L100001053057,G100001060851,GEM Global Solar Power Tracker Feb-2026
Andalusia solar project CLXVII,--,,Spain,1.3,operating,2021.0,,,37.4146,-1.8165,exact,Andalucía,L100001053061,G100001060855,GEM Global Solar Power Tracker Feb-2026
Andalusia solar project CLXVIII,--,,Spain,1.0,operating,2023.0,,,37.4674,-5.2525,exact,Andalucía,L100001053077,G100001060871,GEM Global Solar Power Tracker Feb-2026
Andalusia solar project CLXX,--,,Spain,3.3,operating,2023.0,,,37.3095,-5.4576,exact,Andalucía,L100001053105,G100001060899,GEM Global Solar Power Tracker Feb-2026
Andalusia solar project CLXXI,--,,Spain,3.2,operating,2017.0,,,37.0772,-5.6182,exact,Andalucía,L100001053115,G100001060909,GEM Global Solar Power Tracker Feb-2026
Andalusia solar project CLXXII,--,,Spain,1.2,operating,2019.0,,,37.9579,-3.6456,exact,Andalucía,L100001053128,G100001060922,GEM Global Solar Power Tracker Feb-2026
Andalusia solar project CLXXIII,--,,Spain,4.3,operating,2024.0,,,37.568,-5.9788,exact,Andalucía,L100001053132,G100001060926,GEM Global Solar Power Tracker Feb-2026
Andalusia solar project CLXXIV,--,,Spain,4.4,operating,2025.0,,,37.3051,-5.4475,exact,Andalucía,L100001053150,G100001060944,GEM Global Solar Power Tracker Feb-2026
Andalusia solar project CLXXIX,--,,Spain,2.5,operating,2024.0,,,37.4345,-4.5378,exact,Andalucía,L100001053200,G100001060994,GEM Global Solar Power Tracker Feb-2026
Andalusia solar project CLXXV,--,,Spain,2.3,operating,2017.0,,,37.2062,-5.0664,exact,Andalucía,L100001053151,G100001060945,GEM Global Solar Power Tracker Feb-2026
Andalusia solar project CLXXVI,--,,Spain,3.7,operating,2017.0,,,38.1384,-3.167,exact,Andalucía,L100001053175,G100001060969,GEM Global Solar Power Tracker Feb-2026
Andalusia solar project CLXXVII,--,,Spain,6.8,operating,2017.0,,,38.3227,-4.6434,exact,Andalucía,L100001053177,G100001060971,GEM Global Solar Power Tracker Feb-2026
Andalusia solar project CLXXVIII,--,,Spain,17.2,operating,2022.0,,,37.5481,-6.1242,exact,Andalucía,L100001053192,G100001060986,GEM Global Solar Power Tracker Feb-2026
Andalusia solar project CLXXX,--,,Spain,3.2,operating,2024.0,,,37.5249,-5.0295,exact,Andalucía,L100001053202,G100001060996,GEM Global Solar Power Tracker Feb-2026
Andalusia solar project CLXXXI,--,,Spain,3.1,operating,2019.0,,,38.2984,-5.2871,exact,Andalucía,L100001053211,G100001061005,GEM Global Solar Power Tracker Feb-2026
Andalusia solar project CLXXXII,--,,Spain,2.3,operating,2023.0,,,37.4539,-3.877,exact,Andalucía,L100001053217,G100001061011,GEM Global Solar Power Tracker Feb-2026
Andalusia solar project CLXXXIII,--,,Spain,2.5,operating,2017.0,,,37.3806,-4.4972,exact,Andalucía,L100001053223,G100001061017,GEM Global Solar Power Tracker Feb-2026
Andalusia solar project CLXXXIV,--,,Spain,2.7,operating,2017.0,,,37.3251,-6.2888,exact,Andalucía,L100001053230,G100001061024,GEM Global Solar Power Tracker Feb-2026
Andalusia solar project CLXXXIX,--,,Spain,2.8,operating,2017.0,,,38.2889,-5.2609,exact,Andalucía,L100001053310,G100001061104,GEM Global Solar Power Tracker Feb-2026
Andalusia solar project CLXXXV,--,,Spain,3.1,operating,2017.0,,,37.3204,-5.4327,exact,Andalucía,L100001053232,G100001061026,GEM Global Solar Power Tracker Feb-2026
Andalusia solar project CLXXXVI,--,,Spain,1.3,operating,2017.0,,,37.7289,-6.1358,exact,Andalucía,L100001053242,G100001061036,GEM Global Solar Power Tracker Feb-2026
Andalusia solar project CLXXXVII,--,,Spain,7.3,operating,2018.0,,,37.5264,-5.1745,exact,Andalucía,L100001053256,G100001061050,GEM Global Solar Power Tracker Feb-2026
Andalusia solar project CLXXXVIII,--,,Spain,1.0,operating,2023.0,,,38.0158,-3.9884,exact,Andalucía,L100001053285,G100001061079,GEM Global Solar Power Tracker Feb-2026
Andalusia solar project CVII,--,,Spain,16.4,operating,2017.0,,,37.5996,-4.6956,exact,Andalucía,L100001010161,G100001011531,GEM Global Solar Power Tracker Feb-2026
Andalusia solar project CXC,--,,Spain,3.1,operating,2017.0,,,37.459,-5.8996,exact,Andalucía,L100001053321,G100001061115,GEM Global Solar Power Tracker Feb-2026
Andalusia solar project CXCI,--,,Spain,4.2,operating,2017.0,,,37.4404,-6.2117,exact,Andalucía,L100001053323,G100001061117,GEM Global Solar Power Tracker Feb-2026
Andalusia solar project CXCII,--,,Spain,2.1,operating,2017.0,,,37.7017,-5.4167,exact,Andalucía,L100001053330,G100001061124,GEM Global Solar Power Tracker Feb-2026
Andalusia solar project CXCIII,--,,Spain,1.1,operating,2024.0,,,38.2879,-5.2002,exact,Andalucía,L100001053347,G100001061141,GEM Global Solar Power Tracker Feb-2026
Andalusia solar project CXCIV,--,,Spain,9.6,operating,2023.0,,,38.3616,-2.7963,exact,Andalucía,L100001053351,G100001061145,GEM Global Solar Power Tracker Feb-2026
Andalusia solar project CXCIX,--,,Spain,2.4,operating,2017.0,,,38.373,-5.0115,exact,Andalucía,L100001053405,G100001061199,GEM Global Solar Power Tracker Feb-2026
Andalusia solar project CXCV,--,,Spain,2.2,operating,2017.0,,,37.1148,-2.5666,exact,Andalucía,L100001053352,G100001061146,GEM Global Solar Power Tracker Feb-2026
Andalusia solar project CXCVI,--,,Spain,6.6,operating,2024.0,,,37.5159,-5.6788,exact,Andalucía,L100001053391,G100001061185,GEM Global Solar Power Tracker Feb-2026
Andalusia solar project CXCVII,--,,Spain,2.3,operating,2017.0,,,37.4529,-5.0869,exact,Andalucía,L100001053392,G100001061186,GEM Global Solar Power Tracker Feb-2026
Andalusia solar project CXCVIII,--,,Spain,2.3,operating,2023.0,,,37.1866,-5.1226,exact,Andalucía,L100001053397,G100001061191,GEM Global Solar Power Tracker Feb-2026
Andalusia solar project CXI,--,,Spain,16.1,operating,2021.0,,,37.4444,-3.8897,exact,Andalucía,L100001010185,G100001011555,GEM Global Solar Power Tracker Feb-2026
Andalusia solar project CXIII,--,,Spain,8.5,operating,2023.0,,,36.987,-2.1473,exact,Andalucía,L100001010253,G100001011623,GEM Global Solar Power Tracker Feb-2026
Andalusia solar project CXIX,--,,Spain,15.9,operating,2021.0,,,37.0687,-2.29,exact,Andalucía,L100001010259,G100001011629,GEM Global Solar Power Tracker Feb-2026
Andalusia solar project CXLIII,--,,Spain,8.4,operating,2017.0,,,37.4085,-4.7354,exact,Andalucía,L100001010560,G100001011930,GEM Global Solar Power Tracker Feb-2026
Andalusia solar project CXLIV,--,,Spain,1.8,operating,2020.0,,,37.0365,-6.1877,exact,Andalucía,L100001052796,G100001060590,GEM Global Solar Power Tracker Feb-2026
Andalusia solar project CXLIX,--,,Spain,4.4,operating,2025.0,,,37.4063,-4.8759,exact,Andalucía,L100001052836,G100001060630,GEM Global Solar Power Tracker Feb-2026
Andalusia solar project CXLV,--,,Spain,16.0,operating,2024.0,,,37.7286,-4.9864,exact,Andalucía,L100001052812,G100001060606,GEM Global Solar Power Tracker Feb-2026
Andalusia solar project CXLVI,--,,Spain,3.8,operating,2024.0,,,37.5718,-5.9996,exact,Andalucía,L100001052820,G100001060614,GEM Global Solar Power Tracker Feb-2026
Andalusia solar project CXLVII,--,,Spain,1.1,operating,2023.0,,,37.9976,-3.8032,exact,Andalucía,L100001052826,G100001060620,GEM Global Solar Power Tracker Feb-2026
Andalusia solar project CXLVIII,--,,Spain,2.0,operating,2024.0,,,38.057,-3.5928,exact,Andalucía,L100001052829,G100001060623,GEM Global Solar Power Tracker Feb-2026
Andalusia solar project CXXXII,--,,Spain,7.5,operating,2023.0,,,37.1588,-5.6038,exact,Andalucía,L100001010474,G100001011844,GEM Global Solar Power Tracker Feb-2026
Andalusia solar project CXXXIII,--,,Spain,5.8,operating,2021.0,,,38.3614,-4.8276,exact,Andalucía,L100001010480,G100001011850,GEM Global Solar Power Tracker Feb-2026
Andalusia solar project CXXXIX,--,,Spain,6.8,operating,2019.0,,,37.5613,-5.8155,exact,Andalucía,L100001010534,G100001011904,GEM Global Solar Power Tracker Feb-2026
Andalusia solar project CXXXVIII,--,,Spain,3.1,operating,2017.0,,,37.449,-6.1164,exact,Andalucía,L100001010519,G100001011889,GEM Global Solar Power Tracker Feb-2026
Andalusia solar project I,--,,Spain,4.7,operating,2017.0,,,38.1561,-2.9944,exact,Andalucía,L100001009306,G100001010676,GEM Global Solar Power Tracker Feb-2026
Andalusia solar project II,--,,Spain,16.6,operating,2020.0,,,37.4221,-5.7587,exact,Andalucía,L100001009325,G100001010695,GEM Global Solar Power Tracker Feb-2026
Andalusia solar project L,--,,Spain,5.2,operating,2017.0,,,37.9297,-3.5315,exact,Andalucía,L100001009648,G100001011018,GEM Global Solar Power Tracker Feb-2026
Andalusia solar project LI,--,,Spain,2.1,operating,2019.0,,,37.6344,-5.5873,exact,Andalucía,L100001009666,G100001011036,GEM Global Solar Power Tracker Feb-2026
Andalusia solar project LII,--,,Spain,3.6,operating,2017.0,,,37.4418,-6.1235,exact,Andalucía,L100001009667,G100001011037,GEM Global Solar Power Tracker Feb-2026
Andalusia solar project LIII,--,,Spain,9.0,operating,2017.0,,,37.4562,-5.8461,exact,Andalucía,L100001009682,G100001011052,GEM Global Solar Power Tracker Feb-2026
Andalusia solar project LIV,--,,Spain,5.3,operating,2017.0,,,37.8628,-3.0799,exact,Andalucía,L100001009712,G100001011082,GEM Global Solar Power Tracker Feb-2026
Andalusia solar project LV,--,,Spain,3.3,operating,2017.0,,,37.6288,-5.6804,exact,Andalucía,L100001009719,G100001011089,GEM Global Solar Power Tracker Feb-2026
Andalusia solar project LVI,--,,Spain,5.0,operating,2017.0,,,36.8437,-2.929,exact,Andalucía,L100001009731,G100001011101,GEM Global Solar Power Tracker Feb-2026
Andalusia solar project LVII,--,,Spain,2.9,operating,2017.0,,,37.6899,-6.0077,exact,Andalucía,L100001009741,G100001011111,GEM Global Solar Power Tracker Feb-2026
Andalusia solar project LVIII,--,,Spain,1.4,operating,2017.0,,,37.4819,-5.2182,exact,Andalucía,L100001009745,G100001011115,GEM Global Solar Power Tracker Feb-2026
Andalusia solar project LX,--,,Spain,3.9,operating,2024.0,,,37.5321,-5.0543,exact,Andalucía,L100001009776,G100001011146,GEM Global Solar Power Tracker Feb-2026
Andalusia solar project LXI,--,,Spain,3.6,operating,2017.0,,,38.5387,-5.0566,exact,Andalucía,L100001009789,G100001011159,GEM Global Solar Power Tracker Feb-2026
Andalusia solar project LXII,--,,Spain,5.9,operating,2017.0,,,37.975,-4.0549,exact,Andalucía,L100001009790,G100001011160,GEM Global Solar Power Tracker Feb-2026
Andalusia solar project LXIII,--,,Spain,1.7,operating,2017.0,,,36.96,-2.5877,exact,Andalucía,L100001009805,G100001011175,GEM Global Solar Power Tracker Feb-2026
Andalusia solar project LXIV,--,,Spain,3.3,operating,2017.0,,,37.1164,-5.8794,exact,Andalucía,L100001009806,G100001011176,GEM Global Solar Power Tracker Feb-2026
Andalusia solar project LXIX,--,,Spain,2.9,operating,2023.0,,,38.2787,-3.5791,exact,Andalucía,L100001009858,G100001011228,GEM Global Solar Power Tracker Feb-2026
Andalusia solar project LXV,--,,Spain,2.1,operating,2017.0,,,37.5024,-5.1707,exact,Andalucía,L100001009813,G100001011183,GEM Global Solar Power Tracker Feb-2026
Andalusia solar project LXVI,--,,Spain,16.5,operating,2017.0,,,37.5755,-4.1262,exact,Andalucía,L100001009824,G100001011194,GEM Global Solar Power Tracker Feb-2026
Andalusia solar project LXVII,--,,Spain,5.5,operating,2017.0,,,37.1724,-5.7267,exact,Andalucía,L100001009837,G100001011207,GEM Global Solar Power Tracker Feb-2026
Andalusia solar project LXVIII,--,,Spain,2.8,operating,2023.0,,,37.4401,-5.3321,exact,Andalucía,L100001009838,G100001011208,GEM Global Solar Power Tracker Feb-2026
Andalusia solar project LXX,--,,Spain,8.4,operating,2017.0,,,37.9181,-3.5368,exact,Andalucía,L100001009863,G100001011233,GEM Global Solar Power Tracker Feb-2026
Andalusia solar project LXXI,--,,Spain,4.1,operating,2017.0,,,37.2847,-6.2746,exact,Andalucía,L100001009878,G100001011248,GEM Global Solar Power Tracker Feb-2026
Andalusia solar project LXXII,--,,Spain,2.2,operating,2017.0,,,37.8774,-6.0818,exact,Andalucía,L100001009880,G100001011250,GEM Global Solar Power Tracker Feb-2026
Andalusia solar project LXXIII,--,,Spain,4.8,operating,2024.0,,,37.7091,-4.2736,exact,Andalucía,L100001009900,G100001011270,GEM Global Solar Power Tracker Feb-2026
Andalusia solar project LXXIV,--,,Spain,13.4,operating,2017.0,,,38.3102,-5.2995,exact,Andalucía,L100001009917,G100001011287,GEM Global Solar Power Tracker Feb-2026
Andalusia solar project LXXV,--,,Spain,16.8,operating,2017.0,,,36.9683,-6.0667,exact,Andalucía,L100001009932,G100001011302,GEM Global Solar Power Tracker Feb-2026
Andalusia solar project LXXVI,--,,Spain,3.6,operating,2017.0,,,37.2731,-5.1335,exact,Andalucía,L100001009937,G100001011307,GEM Global Solar Power Tracker Feb-2026
Andalusia solar project LXXVII,--,,Spain,7.7,operating,2017.0,,,37.2961,-6.2702,exact,Andalucía,L100001009950,G100001011320,GEM Global Solar Power Tracker Feb-2026
Andalusia solar project LXXVIII,--,,Spain,6.5,operating,2017.0,,,37.514,-6.2314,exact,Andalucía,L100001009954,G100001011324,GEM Global Solar Power Tracker Feb-2026
Andalusia solar project LXXX,--,,Spain,3.4,operating,2017.0,,,37.2926,-4.8176,exact,Andalucía,L100001009965,G100001011335,GEM Global Solar Power Tracker Feb-2026
Andalusia solar project LXXXI,--,,Spain,5.0,operating,2024.0,,,37.6358,-4.3781,exact,Andalucía,L100001009974,G100001011344,GEM Global Solar Power Tracker Feb-2026
Andalusia solar project LXXXII,--,,Spain,8.7,operating,2019.0,,,37.6337,-5.1301,exact,Andalucía,L100001009977,G100001011347,GEM Global Solar Power Tracker Feb-2026
Andalusia solar project LXXXIII,--,,Spain,15.3,operating,2017.0,,,37.5837,-4.6938,exact,Andalucía,L100001009987,G100001011357,GEM Global Solar Power Tracker Feb-2026
Andalusia solar project LXXXIV,--,,Spain,3.0,operating,2017.0,,,37.1902,-5.1322,exact,Andalucía,L100001009988,G100001011358,GEM Global Solar Power Tracker Feb-2026
Andalusia solar project LXXXIX,--,,Spain,1.9,operating,2017.0,,,37.5594,-5.6568,exact,Andalucía,L100001010019,G100001011389,GEM Global Solar Power Tracker Feb-2026
Andalusia solar project LXXXVI,--,,Spain,4.7,operating,2017.0,,,37.4638,-4.9148,exact,Andalucía,L100001009999,G100001011369,GEM Global Solar Power Tracker Feb-2026
Andalusia solar project LXXXVII,--,,Spain,17.2,operating,2017.0,,,37.9993,-4.319,exact,Andalucía,L100001010005,G100001011375,GEM Global Solar Power Tracker Feb-2026
Andalusia solar project LXXXVIII,--,,Spain,5.9,operating,2017.0,,,37.6269,-5.6236,exact,Andalucía,L100001010008,G100001011378,GEM Global Solar Power Tracker Feb-2026
Andalusia solar project XC,--,,Spain,4.1,operating,2017.0,,,38.1546,-3.4725,exact,Andalucía,L100001010023,G100001011393,GEM Global Solar Power Tracker Feb-2026
Andalusia solar project XCII,--,,Spain,13.4,operating,2022.0,,,37.2608,-5.8907,exact,Andalucía,L100001010126,G100001011496,GEM Global Solar Power Tracker Feb-2026
Andalusia solar project XCIV,--,,Spain,10.4,operating,2020.0,,,37.3832,-5.8551,exact,Andalucía,L100001010128,G100001011498,GEM Global Solar Power Tracker Feb-2026
Andalusia solar project XIV,--,,Spain,4.8,operating,2021.0,,,37.9631,-3.829,exact,Andalucía,L100001009381,G100001010751,GEM Global Solar Power Tracker Feb-2026
Andalusia solar project XIX,--,,Spain,5.6,operating,2017.0,,,37.5517,-5.1692,exact,Andalucía,L100001009405,G100001010775,GEM Global Solar Power Tracker Feb-2026
Andalusia solar project XL,--,,Spain,5.7,operating,2024.0,,,37.3692,-4.7572,exact,Andalucía,L100001009583,G100001010953,GEM Global Solar Power Tracker Feb-2026
Andalusia solar project XLI,--,,Spain,3.9,operating,2017.0,,,36.8119,-2.9186,exact,Andalucía,L100001009586,G100001010956,GEM Global Solar Power Tracker Feb-2026
Andalusia solar project XLII,--,,Spain,4.4,operating,2017.0,,,37.5336,-5.1755,exact,Andalucía,L100001009592,G100001010962,GEM Global Solar Power Tracker Feb-2026
Andalusia solar project XLIV,--,,Spain,2.2,operating,2023.0,,,37.9582,-3.6834,exact,Andalucía,L100001009612,G100001010982,GEM Global Solar Power Tracker Feb-2026
Andalusia solar project XLV,--,,Spain,2.4,operating,2017.0,,,38.3354,-4.8281,exact,Andalucía,L100001009614,G100001010984,GEM Global Solar Power Tracker Feb-2026
Andalusia solar project XLVI,--,,Spain,3.4,operating,2017.0,,,37.6123,-5.8011,exact,Andalucía,L100001009621,G100001010991,GEM Global Solar Power Tracker Feb-2026
Andalusia solar project XLVII,--,,Spain,3.5,operating,2017.0,,,37.5439,-5.1289,exact,Andalucía,L100001009624,G100001010994,GEM Global Solar Power Tracker Feb-2026
Andalusia solar project XLVIII,--,,Spain,2.3,operating,2017.0,,,37.9194,-3.3644,exact,Andalucía,L100001009638,G100001011008,GEM Global Solar Power Tracker Feb-2026
Andalusia solar project XV,--,,Spain,3.3,operating,2017.0,,,38.4825,-4.9312,exact,Andalucía,L100001009393,G100001010763,GEM Global Solar Power Tracker Feb-2026
Andalusia solar project XVII,--,,Spain,2.4,operating,2017.0,,,37.6532,-5.5602,exact,Andalucía,L100001009403,G100001010773,GEM Global Solar Power Tracker Feb-2026
Andalusia solar project XVIII,--,,Spain,2.9,operating,2023.0,,,37.818,-3.0882,exact,Andalucía,L100001009404,G100001010774,GEM Global Solar Power Tracker Feb-2026
Andalusia solar project XX,--,,Spain,6.7,operating,2017.0,,,37.1459,-6.158,exact,Andalucía,L100001009419,G100001010789,GEM Global Solar Power Tracker Feb-2026
Andalusia solar project XXI,--,,Spain,2.7,operating,2017.0,,,37.4369,-5.8761,exact,Andalucía,L100001009424,G100001010794,GEM Global Solar Power Tracker Feb-2026
Andalusia solar project XXII,--,,Spain,9.5,operating,2024.0,,,37.2981,-4.7247,exact,Andalucía,L100001009437,G100001010807,GEM Global Solar Power Tracker Feb-2026
Andalusia solar project XXIII,--,,Spain,3.4,operating,2023.0,,,37.1398,-5.4712,exact,Andalucía,L100001009443,G100001010813,GEM Global Solar Power Tracker Feb-2026
Andalusia solar project XXIV,--,,Spain,2.2,operating,2017.0,,,38.4818,-5.1357,exact,Andalucía,L100001009453,G100001010823,GEM Global Solar Power Tracker Feb-2026
Andalusia solar project XXIX,--,,Spain,3.2,operating,2017.0,,,38.3701,-4.999,exact,Andalucía,L100001009498,G100001010868,GEM Global Solar Power Tracker Feb-2026
Andalusia solar project XXV,--,,Spain,3.1,operating,2017.0,,,37.5422,-5.2416,exact,Andalucía,L100001009464,G100001010834,GEM Global Solar Power Tracker Feb-2026
Andalusia solar project XXVI,--,,Spain,4.9,operating,2017.0,,,38.0091,-3.9796,exact,Andalucía,L100001009472,G100001010842,GEM Global Solar Power Tracker Feb-2026
Andalusia solar project XXVII,--,,Spain,3.5,operating,2023.0,,,37.4762,-1.9346,exact,Andalucía,L100001009484,G100001010854,GEM Global Solar Power Tracker Feb-2026
Andalusia solar project XXVIII,--,,Spain,5.1,operating,2017.0,,,38.3599,-4.8639,exact,Andalucía,L100001009485,G100001010855,GEM Global Solar Power Tracker Feb-2026
Andalusia solar project XXX,--,,Spain,2.0,operating,2017.0,,,37.4334,-5.6922,exact,Andalucía,L100001009509,G100001010879,GEM Global Solar Power Tracker Feb-2026
Andalusia solar project XXXI,--,,Spain,2.8,operating,2024.0,,,37.5624,-5.1086,exact,Andalucía,L100001009515,G100001010885,GEM Global Solar Power Tracker Feb-2026
Andalusia solar project XXXII,--,,Spain,3.8,operating,2023.0,,,37.1556,-5.4244,exact,Andalucía,L100001009516,G100001010886,GEM Global Solar Power Tracker Feb-2026
Andalusia solar project XXXIII,--,,Spain,1.6,operating,2017.0,,,37.417,-5.8162,exact,Andalucía,L100001009521,G100001010891,GEM Global Solar Power Tracker Feb-2026
Andalusia solar project XXXIX,--,,Spain,4.2,operating,2017.0,,,38.2851,-3.6078,exact,Andalucía,L100001009579,G100001010949,GEM Global Solar Power Tracker Feb-2026
Andalusia solar project XXXVI,--,,Spain,2.9,operating,2023.0,,,37.9807,-3.852,exact,Andalucía,L100001009533,G100001010903,GEM Global Solar Power Tracker Feb-2026
Andalusia solar project XXXVII,--,,Spain,2.8,operating,2017.0,,,37.8285,-5.0081,exact,Andalucía,L100001009554,G100001010924,GEM Global Solar Power Tracker Feb-2026
Andalusia solar project XXXVIII,--,,Spain,2.9,operating,2017.0,,,37.4123,-5.839,exact,Andalucía,L100001009560,G100001010930,GEM Global Solar Power Tracker Feb-2026
Andarríos solar farm,--,,Spain,58.1,pre-construction,,,Andarríos Solar SL [100%],41.8577,-4.8915,approximate,Castilla y León,L100001003681,G100001004189,GEM Global Solar Power Tracker Feb-2026
Andasol 1 solar farm,--,,Spain,50.0,operating,2008.0,,Cobra Group [75%]; Solar Millennium [25%],37.2282,-3.0685,exact,Andalucía,L100000824345,G100000827459,GEM Global Solar Power Tracker Feb-2026
Andasol 2 solar farm,--,,Spain,50.0,operating,2009.0,,Cobra Group [75%]; Solar Millennium [25%],37.2164,-3.0565,exact,Andalucía,L100000824346,G100000827460,GEM Global Solar Power Tracker Feb-2026
Andasol 3 solar farm,--,,Spain,50.0,operating,2011.0,,RWE Renewables; Ferrostaal; Solar Millennium,37.2262,-3.0508,exact,Andalucía,L100000824347,G100000827461,GEM Global Solar Power Tracker Feb-2026
Andrea solar farm,--,,Spain,250.0,pre-construction,,Enel Green Power,Endesa SA [100%],37.2453,-1.9188,approximate,Andalucía,L100000824348,G100000827462,GEM Global Solar Power Tracker Feb-2026
Andresina solar farm,--,,Spain,23.0,pre-construction,,,,37.3133,-7.3611,exact,Andalucía,L100001061712,G100001070754,GEM Global Solar Power Tracker Feb-2026
Andujar solar farm,1,Ence Andujar,Spain,40.0,construction,,,Naturgy Energy Group SA [100%],38.0593,-4.0366,exact,Andalucía,L100000805851,G100000806733,GEM Global Solar Power Tracker Feb-2026
Andujar solar farm,2,Ence Andujar,Spain,40.0,construction,,,Naturgy Energy Group SA [100%],38.0593,-4.0366,exact,Andalucía,L100000805851,G100001090829,GEM Global Solar Power Tracker Feb-2026
Andujar solar farm,3,Ence Andujar,Spain,20.0,construction,,,Naturgy Energy Group SA [100%],38.0593,-4.0366,exact,Andalucía,L100000805851,G100001090830,GEM Global Solar Power Tracker Feb-2026
Andévalo solar farm,1,,Spain,50.0,operating,2020.0,Iberdrola Renovables Energia,Iberdrola SA [100%],37.6102,-7.2453,approximate,Andalucía,L100000805876,G100000806761,GEM Global Solar Power Tracker Feb-2026
Anet solar farm,--,,Spain,75.0,pre-construction,,Nara Solar,,37.6087,-4.6016,approximate,Andalucía,L100000824349,G100000827463,GEM Global Solar Power Tracker Feb-2026
Angostillos Hybrid solar farm,--,,Spain,31.2,pre-construction,,,,41.9914,-4.2757,approximate,Castilla y León,L100001064032,G100001073634,GEM Global Solar Power Tracker Feb-2026
Anguita solar farm,--,,Spain,82.5,pre-construction,,Geoxia Trade,CSF Continua Anguita SL,41.213,-2.353,approximate,Castilla y León,L100000824350,G100000827464,GEM Global Solar Power Tracker Feb-2026
Anoia solar project I,--,,Spain,1.3,operating,2017.0,,,41.571,1.6563,exact,Cataluña,L100001053067,G100001060861,GEM Global Solar Power Tracker Feb-2026
Anoia solar project II,--,,Spain,2.8,operating,2023.0,,,41.7408,1.53,exact,Cataluña,L100001053103,G100001060897,GEM Global Solar Power Tracker Feb-2026
Anoia solar project III,--,,Spain,3.1,operating,2017.0,,,41.4868,1.4967,exact,Cataluña,L100001053188,G100001060982,GEM Global Solar Power Tracker Feb-2026
Anoia solar project IV,--,,Spain,1.3,operating,2025.0,,,41.4848,1.5093,exact,Cataluña,L100001053252,G100001061046,GEM Global Solar Power Tracker Feb-2026
Anoia solar project V,--,,Spain,2.3,operating,2025.0,,,41.4806,1.8032,exact,Cataluña,L100001053442,G100001061236,GEM Global Solar Power Tracker Feb-2026
Antequera solar farm,--,,Spain,44.0,pre-construction,,,Soltec Energias Renovables SL,37.02,-4.561,approximate,Andalucía,L100001007624,G100001008814,GEM Global Solar Power Tracker Feb-2026
Antequera solar project I,--,,Spain,3.4,operating,2017.0,,,37.0735,-4.7298,exact,Andalucía,L100001009458,G100001010828,GEM Global Solar Power Tracker Feb-2026
Antequera solar project II,--,,Spain,12.0,operating,2017.0,,,37.1366,-4.7023,exact,Andalucía,L100001009578,G100001010948,GEM Global Solar Power Tracker Feb-2026
Antequera solar project III,--,,Spain,2.3,operating,2017.0,,,37.2626,-4.6822,exact,Andalucía,L100001009685,G100001011055,GEM Global Solar Power Tracker Feb-2026
Antequera solar project IV,--,,Spain,2.1,operating,2017.0,,,36.9019,-4.4181,exact,Andalucía,L100001009894,G100001011264,GEM Global Solar Power Tracker Feb-2026
Antequera solar project V,--,,Spain,2.6,operating,2017.0,,,36.9579,-4.6428,exact,Andalucía,L100001009961,G100001011331,GEM Global Solar Power Tracker Feb-2026
Antequera solar project VI,--,,Spain,1.1,operating,2025.0,,,37.084,-4.5442,exact,Andalucía,L100001052833,G100001060627,GEM Global Solar Power Tracker Feb-2026
Antequera solar project VII,--,,Spain,1.0,operating,2020.0,,,37.0213,-4.6433,exact,Andalucía,L100001053390,G100001061184,GEM Global Solar Power Tracker Feb-2026
Anthus Energy solar farm,--,,Spain,118.0,pre-construction,,Isemaren,,41.77,-4.2093,approximate,Castilla y León,L100000824351,G100000827465,GEM Global Solar Power Tracker Feb-2026
Antracita solar farm,--,,Spain,49.9,pre-construction,,Planta Fotovoltaica Antracita,Nogal Medina SL [100%],42.6352,-6.1141,approximate,Castilla y León,L100001004597,G100001005394,GEM Global Solar Power Tracker Feb-2026
Apamate solar farm,--,,Spain,50.0,pre-construction,,Apamate Solar,Ignis Energía SL [100%],42.1146,-4.6519,approximate,Castilla y León,L100001004642,G100001005446,GEM Global Solar Power Tracker Feb-2026
Apicio solar farm,1,Brovales Apicio,Spain,50.0,operating,2021.0,Enel Green Power,Endesa SA [100%],38.1663,-6.6601,exact,Extremadura,L100000805780,G100000806654,GEM Global Solar Power Tracker Feb-2026
Aquarii solar farm (Spain),--,,Spain,89.4,pre-construction,,,Planta FV 127 SL [100%],42.6039,-6.0218,approximate,Castilla y León,L100000824352,G100000827466,GEM Global Solar Power Tracker Feb-2026
Ar-Hue solar farm,1,Ar-Hue-I,Spain,25.0,shelved,,Solaria Energía y Medio Ambiente,Solaria Energía y Medio Ambiente SA [100%],42.1361,-0.0298,approximate,Aragón,L100000805986,G100000806891,GEM Global Solar Power Tracker Feb-2026
Ara solar farm,1,,Spain,60.0,shelved - inferred 2 y,,,Solaria Energía y Medio Ambiente SA [100%],40.8805,-6.6236,approximate,Castilla y León,L100000806797,G100000807787,GEM Global Solar Power Tracker Feb-2026
Ara solar farm,2,,Spain,60.0,shelved - inferred 2 y,,,Solaria Energía y Medio Ambiente SA [100%],40.9744,-6.5868,approximate,Castilla y León,L100000806797,G100000807788,GEM Global Solar Power Tracker Feb-2026
Ara solar farm,3,,Spain,60.0,shelved - inferred 2 y,,,Solaria Energía y Medio Ambiente SA [100%],40.9994,-6.6711,approximate,Castilla y León,L100000806797,G100000807789,GEM Global Solar Power Tracker Feb-2026
Ara solar farm,4,,Spain,60.0,shelved - inferred 2 y,,,Solaria Energía y Medio Ambiente SA [100%],41.0214,-6.638,approximate,Castilla y León,L100000806797,G100000807790,GEM Global Solar Power Tracker Feb-2026
Ara solar farm,5,,Spain,60.0,shelved - inferred 2 y,,,Solaria Energía y Medio Ambiente SA [100%],41.0725,-6.6662,approximate,Castilla y León,L100000806797,G100000807791,GEM Global Solar Power Tracker Feb-2026
Ara solar farm,6,,Spain,60.0,shelved - inferred 2 y,,,Solaria Energía y Medio Ambiente SA [100%],41.0482,-6.7514,approximate,Castilla y León,L100000806797,G100000807792,GEM Global Solar Power Tracker Feb-2026
Arabako Errioxa/Rioja Alavesa solar project,--,,Spain,7.2,operating,2024.0,,,42.5574,-2.5989,exact,País Vasco,L100001053640,G100001061434,GEM Global Solar Power Tracker Feb-2026
Arabako Lautada/Llanada Alavesa solar project,--,,Spain,3.1,operating,2017.0,,,42.8596,-2.3731,exact,País Vasco,L100001010018,G100001011388,GEM Global Solar Power Tracker Feb-2026
Arabako Lautada/Llanada Alavesa solar project I,--,,Spain,1.3,operating,2025.0,,,42.8691,-2.3846,exact,País Vasco,L100001053593,G100001061387,GEM Global Solar Power Tracker Feb-2026
Arada solar farm,--,,Spain,155.0,pre-construction,,Statkraft,Statkraft AS [100%],39.8116,-0.2005,exact,Comunidad Valenciana,L100000824353,G100000827467,GEM Global Solar Power Tracker Feb-2026
Aragon solar project I,--,,Spain,4.2,operating,2023.0,,,42.2356,0.3553,exact,Aragón,L100001009311,G100001010681,GEM Global Solar Power Tracker Feb-2026
Aragon solar project IV,--,,Spain,2.7,operating,2017.0,,,42.1572,0.3028,exact,Aragón,L100001010330,G100001011700,GEM Global Solar Power Tracker Feb-2026
Aragon solar project IX,--,,Spain,1.1,operating,2020.0,,,42.0256,0.4751,exact,Aragón,L100001053000,G100001060794,GEM Global Solar Power Tracker Feb-2026
Aragon solar project V,--,,Spain,2.2,operating,2021.0,,,42.198,0.3504,exact,Aragón,L100001010331,G100001011701,GEM Global Solar Power Tracker Feb-2026
Aragon solar project VI,--,,Spain,1.2,operating,2017.0,,,42.0398,0.4668,exact,Aragón,L100001052828,G100001060622,GEM Global Solar Power Tracker Feb-2026
Aragon solar project VII,--,,Spain,1.1,operating,2022.0,,,40.9172,-1.2786,exact,Aragón,L100001052905,G100001060699,GEM Global Solar Power Tracker Feb-2026
Aragon solar project VIII,--,,Spain,1.0,operating,2025.0,,,40.7734,-1.3382,exact,Aragón,L100001052947,G100001060741,GEM Global Solar Power Tracker Feb-2026
Aragon solar project X,--,,Spain,1.8,operating,2023.0,,,40.8756,-1.3538,exact,Aragón,L100001053290,G100001061084,GEM Global Solar Power Tracker Feb-2026
Aragon solar project XI,--,,Spain,2.2,operating,2023.0,,,42.2025,0.4878,exact,Aragón,L100001053574,G100001061368,GEM Global Solar Power Tracker Feb-2026
Aragon solar project XII,--,,Spain,1.0,operating,2017.0,,,42.2036,0.4462,exact,Aragón,L100001053670,G100001061464,GEM Global Solar Power Tracker Feb-2026
Aragon solar project XIII,--,,Spain,2.3,operating,2025.0,,,40.8762,-0.9549,exact,Aragón,L100001053679,G100001061473,GEM Global Solar Power Tracker Feb-2026
Aragon solar project XIV,--,,Spain,1.0,operating,2017.0,,,40.881,-1.3241,exact,Aragón,L100001053787,G100001061581,GEM Global Solar Power Tracker Feb-2026
Aragon solar project XV,--,,Spain,1.2,operating,2022.0,,,42.3112,0.1828,exact,Aragón,L100001053800,G100001061594,GEM Global Solar Power Tracker Feb-2026
Arañuelo A solar farm,--,,Spain,47.5,pre-construction,,,,39.867,-5.3466,approximate,Extremadura,L100001062545,G100001071831,GEM Global Solar Power Tracker Feb-2026
Arañuelo B solar farm,--,,Spain,47.5,pre-construction,,,,39.8664,-5.3469,approximate,Extremadura,L100001062536,G100001071824,GEM Global Solar Power Tracker Feb-2026
Arañuelo C solar farm,--,,Spain,47.4,pre-construction,,,,39.8667,-5.3476,approximate,Extremadura,L100001062547,G100001071833,GEM Global Solar Power Tracker Feb-2026
Arañuelo D solar farm,--,,Spain,47.5,pre-construction,,,,39.867,-5.3466,approximate,Extremadura,L100001062546,G100001071832,GEM Global Solar Power Tracker Feb-2026
Arbante solar project,--,,Spain,11.3,operating,2017.0,,,42.4954,-2.3097,exact,Comunidad Foral de Navarra,L100001009220,G100001010590,GEM Global Solar Power Tracker Feb-2026
Arcatierra solar farm,--,,Spain,36.3,pre-construction,,Alamo Energías,Alamo Energías SLU [100%],42.2521,-6.0417,approximate,Castilla y León,L100001004632,G100001005433,GEM Global Solar Power Tracker Feb-2026
Archidona (Bruc Energy) solar farm,--,,Spain,400.0,pre-construction,,Bruc Iberia Energy Investment Partners,Bruc Iberia Energy Investment Partners [100%],36.7317,-4.5018,approximate,Andalucía,L100000824354,G100000827468,GEM Global Solar Power Tracker Feb-2026
Archidona (Encavis) solar farm,--,,Spain,56.3,operating,,,Encavis AG [100%],37.095,-4.3815,approximate,Andalucía,L100000824355,G100000827469,GEM Global Solar Power Tracker Feb-2026
Archidona (Wezen) solar farm,--,,Spain,103.8,pre-construction,,Wezen Solar,,37.6087,-4.6016,approximate,Andalucía,L100000824356,G100000827470,GEM Global Solar Power Tracker Feb-2026
Archidona solar project,--,,Spain,7.4,operating,2008.0,,,37.09,-4.433,exact,Andalucía,L100001009194,G100001010564,GEM Global Solar Power Tracker Feb-2026
Arcicóllar A solar project,--,,Spain,17.3,operating,2017.0,,,40.0493,-4.0554,exact,Castilla-La Mancha,L100001009257,G100001010627,GEM Global Solar Power Tracker Feb-2026
Arco 6 solar farm,--,,Spain,49.8,pre-construction,,,,36.66,-4.7643,approximate,Andalucía,L100001061887,G100001070984,GEM Global Solar Power Tracker Feb-2026
Arco I solar farm,--,,Spain,45.0,pre-construction,,,,39.4524,-6.5091,approximate,Extremadura,L100001062530,G100001071818,GEM Global Solar Power Tracker Feb-2026
Arcos de la Frontera 1 solar farm,--,,Spain,26.7,pre-construction,,,,36.46,-5.9376,approximate,Andalucía,L100001062007,G100001071128,GEM Global Solar Power Tracker Feb-2026
Ardila solar farm,1,,Spain,50.0,operating,2021.0,Enel Green Power,Endesa SA [100%],38.159,-6.5906,approximate,Extremadura,L100000805783,G100000806657,GEM Global Solar Power Tracker Feb-2026
Arenales (Iberdrola) solar farm,1,,Spain,150.0,operating,2021.0,Iberdrola Renovables Energia,Iberdrola SA [100%],39.4578,-6.4421,approximate,Extremadura,L100000805877,G100000806762,GEM Global Solar Power Tracker Feb-2026
Arenales (Mitra) solar farm,1,,Spain,113.3,pre-construction,,,Compañía Española de Petróleos SA [100%],38.791,-5.6362,approximate,Extremadura,L100000824357,G100000827471,GEM Global Solar Power Tracker Feb-2026
Arenales (Mitra) solar farm,2,,Spain,112.5,pre-construction,,,Compañía Española de Petróleos SA [100%],38.791,-5.6362,approximate,Extremadura,L100000824357,G100000827472,GEM Global Solar Power Tracker Feb-2026
Arenales (Mitra) solar farm,3,,Spain,145.2,pre-construction,,,Compañía Española de Petróleos SA [100%],38.791,-5.6362,approximate,Extremadura,L100000824357,G100000827473,GEM Global Solar Power Tracker Feb-2026
Arenales Thermosolar solar farm,--,,Spain,50.0,operating,2013.0,Obrascón Huarte Lain (OHL),RREEF Infrastructure; Obrascón Huarte Lain (OHL),37.1549,-5.553,exact,Andalucía,L100000824358,G100000827474,GEM Global Solar Power Tracker Feb-2026
Arenas solar farm,1,,Spain,177.5,pre-construction,,,,39.4059,-3.1384,approximate,Castilla-La Mancha,L100001061708,G100001070748,GEM Global Solar Power Tracker Feb-2026
Arenas solar farm,2,,Spain,114.0,pre-construction,,,,39.3666,-3.0922,approximate,Castilla-La Mancha,L100001061708,G100001070749,GEM Global Solar Power Tracker Feb-2026
Arenas solar farm,3,,Spain,116.3,pre-construction,,,,39.3666,-3.0922,approximate,Castilla-La Mancha,L100001061708,G100001070750,GEM Global Solar Power Tracker Feb-2026
Arenosas solar farm,--,Arcos Arenosas,Spain,46.6,operating,2022.0,,Renewables Infrastructure Group LTD (TRIG) [100%],36.6061,-5.7988,approximate,Andalucía,L100000824359,G100000827475,GEM Global Solar Power Tracker Feb-2026
Arericsol 8 solar farm,--,,Spain,25.0,operating,2023.0,,ERG SpA,38.1678,-6.6534,approximate,Extremadura,L100001007622,G100001008807,GEM Global Solar Power Tracker Feb-2026
Arguedas III solar project,--,,Spain,4.9,operating,2023.0,,,42.1862,-1.6082,exact,Comunidad Foral de Navarra,L100001009221,G100001010591,GEM Global Solar Power Tracker Feb-2026
Arico solar project I,--,,Spain,2.1,operating,2023.0,,,28.1601,-16.4497,exact,Canarias,L100001009594,G100001010964,GEM Global Solar Power Tracker Feb-2026
Arico solar project II,--,,Spain,11.3,operating,2017.0,,,28.1389,-16.4623,exact,Canarias,L100001009816,G100001011186,GEM Global Solar Power Tracker Feb-2026
Arico solar project III,--,,Spain,13.0,operating,2017.0,,,28.1765,-16.4436,exact,Canarias,L100001009831,G100001011201,GEM Global Solar Power Tracker Feb-2026
Arico solar project IV,--,,Spain,17.3,operating,2023.0,,,28.1546,-16.4823,exact,Canarias,L100001010007,G100001011377,GEM Global Solar Power Tracker Feb-2026
Arico solar project V,--,,Spain,9.0,operating,2017.0,,,28.1944,-16.4418,exact,Canarias,L100001053329,G100001061123,GEM Global Solar Power Tracker Feb-2026
Arico solar project VI,--,,Spain,1.5,operating,2022.0,,,28.1777,-16.4689,exact,Canarias,L100001053561,G100001061355,GEM Global Solar Power Tracker Feb-2026
Arico solar project VII,--,,Spain,1.3,operating,2017.0,,,28.1437,-16.5023,exact,Canarias,L100001053727,G100001061521,GEM Global Solar Power Tracker Feb-2026
Armadura solar farm,--,,Spain,220.7,pre-construction,2027.0,Armadura Solar,Azora Capital [100%],41.2628,-6.4653,approximate,Castilla y León,L100000824360,G100000827476,GEM Global Solar Power Tracker Feb-2026
Arnedo solar farm,1,Arnedo Solar Plant,Spain,34.0,operating,2008.0,Grupo T-Solar Global,Cubico Sustainable Investments [100%],42.2748,-2.0446,exact,La Rioja,L100000806007,G100000806916,GEM Global Solar Power Tracker Feb-2026
Arroyadas solar farm,--,Amazon Arroyadas solar farm,Spain,33.0,operating,2024.0,Matrix Renewables,Matrix Renewables [100%],41.523,-4.7768,exact,Castilla y León,L100000824361,G100000827477,GEM Global Solar Power Tracker Feb-2026
Arroyo Caballo solar farm,--,,Spain,20.0,pre-construction,,,,39.5016,-5.8669,approximate,Extremadura,L100001062523,G100001071813,GEM Global Solar Power Tracker Feb-2026
Arroyo San Miguel solar farm,--,,Spain,143.3,pre-construction,,Sungrow Power,,38.791,-5.6362,approximate,Extremadura,L100000824362,G100000827478,GEM Global Solar Power Tracker Feb-2026
Artico solar farm,--,,Spain,100.0,pre-construction,,Steag Solar Energy,,41.77,-4.2093,approximate,Castilla y León,L100000824363,G100000827479,GEM Global Solar Power Tracker Feb-2026
Aspillera solar farm,--,,Spain,50.0,pre-construction,,,Aspillera Solar SL [100%],41.5167,1.4353,approximate,Cataluña,L100001000847,G100001001204,GEM Global Solar Power Tracker Feb-2026
Aste CSP solar farm,1A,,Spain,50.0,operating,2012.0,,Elecnor SA; ARiES Energy; ABN AMRO,39.18,-3.2647,exact,Castilla-La Mancha,L100000824364,G100000827480,GEM Global Solar Power Tracker Feb-2026
Aste CSP solar farm,1B,,Spain,50.0,operating,2012.0,,Elecnor SA; ARiES Energy; ABN AMRO,39.173,-3.267,exact,Castilla-La Mancha,L100000824364,G100000827481,GEM Global Solar Power Tracker Feb-2026
Astexol 2 CSP solar farm,--,,Spain,49.9,operating,2012.0,,Elecnor SA; ARiES Energy; ABN AMRO,38.8121,-7.059,exact,Extremadura,L100000824365,G100000827482,GEM Global Solar Power Tracker Feb-2026
Asturiana de Zinc solar farm,--,,Spain,28.7,construction,,,Asturiana de Zinc,43.5907,-5.9317,approximate,Asturias,L100001064193,G100001073836,GEM Global Solar Power Tracker Feb-2026
Atascaburras solar farm,--,,Spain,166.3,pre-construction,,,Ric Sun Energy [100%],39.6111,-2.7904,approximate,Castilla-La Mancha,L100000824366,G100000827483,GEM Global Solar Power Tracker Feb-2026
Atenea solar farm,--,,Spain,192.0,pre-construction,,,Capital Energy,42.6221,-5.9281,approximate,Castilla y León,L100001005587,G100001006687,GEM Global Solar Power Tracker Feb-2026
Atik solar farm,--,,Spain,13.3,pre-construction,,Energía Inagotable de Atik,Forestalia SL [100%],41.5417,0.2025,approximate,Aragón,L100000824367,G100000827484,GEM Global Solar Power Tracker Feb-2026
Atzeneta solar project,--,,Spain,2.7,operating,2017.0,,,40.2135,-0.1857,exact,Comunidad Valenciana,L100001009149,G100001010519,GEM Global Solar Power Tracker Feb-2026
Augusto I solar farm,--,,Spain,36.0,pre-construction,,,,42.0428,-0.8035,exact,Aragón,L100001062078,G100001071219,GEM Global Solar Power Tracker Feb-2026
Augusto solar farm,1,August Solar,Spain,50.0,operating,2020.0,Enel Green Power España,Endesa SA [100%],38.866,-6.884,approximate,Extremadura,L100000805792,G100000806666,GEM Global Solar Power Tracker Feb-2026
Auliver solar farm,--,,Spain,30.0,pre-construction,,,Auliver Solar SL [100%],41.3779,0.6251,approximate,Cataluña,L100001000861,G100001001218,GEM Global Solar Power Tracker Feb-2026
Aura Solar (Spain) solar farm,--,,Spain,700.0,pre-construction,,,Audax Solar SPV XXVI SL [100%],40.7036,-3.3261,approximate,Castilla-La Mancha,L100001003772,G100001004327,GEM Global Solar Power Tracker Feb-2026
Aurea solar farm,--,,Spain,171.0,pre-construction,,Aurea Solar,Fotowatio Renewable Ventures (FRV) BV [100%],39.1115,-6.7059,approximate,Extremadura,L100001003770,G100001004325,GEM Global Solar Power Tracker Feb-2026
Autonomous Community Of The Basque Country solar project I,--,,Spain,1.0,operating,2022.0,,,43.2793,-2.8583,exact,País Vasco,L100001053087,G100001060881,GEM Global Solar Power Tracker Feb-2026
Autonomous Community Of The Basque Country solar project II,--,,Spain,1.1,operating,2021.0,,,43.2148,-2.9008,exact,País Vasco,L100001053338,G100001061132,GEM Global Solar Power Tracker Feb-2026
Autonomous Community Of The Basque Country solar project III,--,,Spain,1.1,operating,2025.0,,,43.3017,-2.9535,exact,País Vasco,L100001053534,G100001061328,GEM Global Solar Power Tracker Feb-2026
Autonomous Community Of The Basque Country solar project IV,--,,Spain,2.3,operating,2023.0,,,43.0776,-2.9961,exact,País Vasco,L100001053695,G100001061489,GEM Global Solar Power Tracker Feb-2026
Avejaruco solar farm,--,,Spain,49.8,pre-construction,,,,42.1458,0.2247,approximate,Aragón,L100001062124,G100001071309,GEM Global Solar Power Tracker Feb-2026
Avinyó solar farm,--,,Spain,21.3,pre-construction,,,,41.7026,2.2508,approximate,Cataluña,L100001062288,G100001071537,GEM Global Solar Power Tracker Feb-2026
Avutarda solar farm,--,,Spain,52.9,pre-construction,,Avutarda Solar,Ignis Energía SL [100%],40.522,-3.5189,approximate,Comunidad de Madrid,L100000824368,G100000827485,GEM Global Solar Power Tracker Feb-2026
Ayamonte Costa Occidental solar project,--,,Spain,17.4,operating,2017.0,,,37.2728,-7.3678,exact,Andalucía,L100001009546,G100001010916,GEM Global Solar Power Tracker Feb-2026
Ayamonte Hybrid solar farm,--,,Spain,57.6,announced,,Iberdrola,Iberdrola SA [100%],37.2148,-7.4001,approximate,Andalucía,L100000824369,G100000827486,GEM Global Solar Power Tracker Feb-2026
Ayora (Cobra Group) solar farm,--,,Spain,199.9,pre-construction,,,Cobra Group [100%],39.0023,-1.0842,approximate,Comunidad Valenciana,L100000824370,G100000827487,GEM Global Solar Power Tracker Feb-2026
Ayora (Grenergy) solar farm,1,,Spain,154.7,construction,2026.0,PV I Ataulfo,Grenergy [100%],38.9778,-1.155,approximate,Comunidad Valenciana,L100000824371,G100000827488,GEM Global Solar Power Tracker Feb-2026
Azaila A solar project,--,,Spain,5.9,operating,2023.0,,,41.2839,-0.4928,exact,Aragón,L100001009253,G100001010623,GEM Global Solar Power Tracker Feb-2026
Azaila solar farm,1,,Spain,50.0,operating,2021.0,Iberdrola Renovables Energia,Iberdrola SA [100%],41.2598,-0.455,exact,Aragón,L100000805863,G100000806745,GEM Global Solar Power Tracker Feb-2026
Aznalcázar solar farm,--,,Spain,492.5,pre-construction,,Kiwi Solar 1,,37.6087,-4.6016,approximate,Andalucía,L100000824372,G100000827489,GEM Global Solar Power Tracker Feb-2026
Aznalcóllar solar project,--,,Spain,15.0,operating,2008.0,,,37.498,-6.231,exact,Andalucía,L100001009243,G100001010613,GEM Global Solar Power Tracker Feb-2026
Azor solar farm,--,,Spain,64.1,pre-construction,,Azor Solar,Ignis Energía SL [100%],40.5412,-3.5267,approximate,Comunidad de Madrid,L100000824373,G100000827490,GEM Global Solar Power Tracker Feb-2026
Azuer solar farm,1,,Spain,47.1,operating,,,Ibox Energy [60%]; Cox Energy SAB de CV [40%],39.0014,-3.3698,approximate,Castilla-La Mancha,L100000824374,G100000827491,GEM Global Solar Power Tracker Feb-2026
Azuer solar farm,2,,Spain,36.3,operating,,,Ibox Energy [60%]; Cox Energy SAB de CV [40%],39.0014,-3.3698,approximate,Castilla-La Mancha,L100000824374,G100000827492,GEM Global Solar Power Tracker Feb-2026
Azután solar farm,1,,Spain,60.0,pre-construction,,,,39.7822,-5.0864,approximate,Castilla-La Mancha,L100001061648,G100001070667,GEM Global Solar Power Tracker Feb-2026
Azután solar farm,2,,Spain,60.0,pre-construction,,,,39.7822,-5.0864,approximate,Castilla-La Mancha,L100001061648,G100001070668,GEM Global Solar Power Tracker Feb-2026
Azután solar farm,3,,Spain,60.0,pre-construction,,,,39.7822,-5.0864,approximate,Castilla-La Mancha,L100001061648,G100001070669,GEM Global Solar Power Tracker Feb-2026
Añanako Kuadrilla/Cuadrilla De Añana solar project I,--,,Spain,1.1,operating,2025.0,,,42.7989,-2.9012,exact,País Vasco,L100001052783,G100001060577,GEM Global Solar Power Tracker Feb-2026
Añanako Kuadrilla/Cuadrilla De Añana solar project II,--,,Spain,1.0,operating,2025.0,,,42.8759,-3.0666,exact,País Vasco,L100001052897,G100001060691,GEM Global Solar Power Tracker Feb-2026
Añanako Kuadrilla/Cuadrilla De Añana solar project III,--,,Spain,1.4,operating,2025.0,,,42.8095,-2.8038,exact,País Vasco,L100001052907,G100001060701,GEM Global Solar Power Tracker Feb-2026
Añanako Kuadrilla/Cuadrilla De Añana solar project IV,--,,Spain,1.3,operating,2017.0,,,42.7756,-2.8527,exact,País Vasco,L100001053299,G100001061093,GEM Global Solar Power Tracker Feb-2026
Añover solar farm,--,,Spain,50.0,announced,,,,39.5263,-3.9983,approximate,Castilla-La Mancha,L100001007671,G100001008897,GEM Global Solar Power Tracker Feb-2026
Badajoz Tierra De Badajoz solar project I,--,,Spain,3.2,operating,2017.0,,,38.9287,-6.8856,exact,Extremadura,L100001009456,G100001010826,GEM Global Solar Power Tracker Feb-2026
Badajoz Tierra De Badajoz solar project II,--,,Spain,12.0,operating,2017.0,,,38.8226,-7.0035,exact,Extremadura,L100001009626,G100001010996,GEM Global Solar Power Tracker Feb-2026
Badajoz Tierra De Badajoz solar project III,--,,Spain,4.1,operating,2017.0,,,38.7561,-6.9643,exact,Extremadura,L100001009735,G100001011105,GEM Global Solar Power Tracker Feb-2026
Badajoz Tierra De Badajoz solar project IX,--,,Spain,2.6,operating,2017.0,,,38.7848,-7.1199,exact,Extremadura,L100001053048,G100001060842,GEM Global Solar Power Tracker Feb-2026
Badajoz Tierra De Badajoz solar project V,--,,Spain,4.3,operating,2024.0,,,39.0133,-6.9138,exact,Extremadura,L100001009986,G100001011356,GEM Global Solar Power Tracker Feb-2026
Badajoz Tierra De Badajoz solar project VI,--,,Spain,14.9,operating,2020.0,,,38.8803,-6.8758,exact,Extremadura,L100001010083,G100001011453,GEM Global Solar Power Tracker Feb-2026
Badajoz Tierra De Badajoz solar project VII,--,,Spain,7.4,operating,2022.0,,,38.8292,-6.9919,exact,Extremadura,L100001010084,G100001011454,GEM Global Solar Power Tracker Feb-2026
Badajoz Tierra De Badajoz solar project VIII,--,,Spain,4.2,operating,2024.0,,,38.8015,-6.6286,exact,Extremadura,L100001052910,G100001060704,GEM Global Solar Power Tracker Feb-2026
Badajoz Tierra De Badajoz solar project X,--,,Spain,2.4,operating,2017.0,,,38.6794,-6.8247,exact,Extremadura,L100001053445,G100001061239,GEM Global Solar Power Tracker Feb-2026
Badajoz Tierra De Badajoz solar project XI,--,,Spain,1.4,operating,2017.0,,,38.9473,-6.9208,exact,Extremadura,L100001053562,G100001061356,GEM Global Solar Power Tracker Feb-2026
Bages solar project I,--,,Spain,2.1,operating,2023.0,,,41.7762,1.851,exact,Cataluña,L100001053005,G100001060799,GEM Global Solar Power Tracker Feb-2026
Bages solar project II,--,,Spain,2.7,operating,2023.0,,,41.8759,1.7133,exact,Cataluña,L100001053070,G100001060864,GEM Global Solar Power Tracker Feb-2026
Bages solar project III,--,,Spain,3.3,operating,2023.0,,,41.755,1.8041,exact,Cataluña,L100001053305,G100001061099,GEM Global Solar Power Tracker Feb-2026
Bages solar project IV,--,,Spain,2.0,operating,2017.0,,,41.7565,1.6727,exact,Cataluña,L100001053656,G100001061450,GEM Global Solar Power Tracker Feb-2026
Bages solar project V,--,,Spain,1.6,operating,2017.0,,,41.7446,1.6281,exact,Cataluña,L100001053711,G100001061505,GEM Global Solar Power Tracker Feb-2026
Bages solar project VI,--,,Spain,3.4,operating,2024.0,,,41.7557,1.8811,exact,Cataluña,L100001053807,G100001061601,GEM Global Solar Power Tracker Feb-2026
Bages solar project VII,--,,Spain,2.2,operating,2023.0,,,41.9251,1.6547,exact,Cataluña,L100001053836,G100001061630,GEM Global Solar Power Tracker Feb-2026
Baix Camp solar project I,--,,Spain,3.0,operating,2024.0,,,41.148,1.0411,exact,Cataluña,L100001053046,G100001060840,GEM Global Solar Power Tracker Feb-2026
Baix Camp solar project II,--,,Spain,1.3,operating,2017.0,,,41.1538,0.9992,exact,Cataluña,L100001053615,G100001061409,GEM Global Solar Power Tracker Feb-2026
Baix Ebre solar project,--,,Spain,2.1,operating,2017.0,,,40.8772,0.4766,exact,Cataluña,L100001009656,G100001011026,GEM Global Solar Power Tracker Feb-2026
Baix Ebre solar project I,--,,Spain,5.1,operating,2022.0,,,40.7651,0.5963,exact,Cataluña,L100001053485,G100001061279,GEM Global Solar Power Tracker Feb-2026
Baix Ebre solar project II,--,,Spain,2.1,operating,2024.0,,,40.8034,0.6744,exact,Cataluña,L100001053618,G100001061412,GEM Global Solar Power Tracker Feb-2026
Baix Ebre solar project III,--,,Spain,1.2,operating,2024.0,,,40.7157,0.5887,exact,Cataluña,L100001053759,G100001061553,GEM Global Solar Power Tracker Feb-2026
Baix Llobregat solar project I,--,,Spain,4.7,operating,2017.0,,,41.4974,1.896,exact,Cataluña,L100001009768,G100001011138,GEM Global Solar Power Tracker Feb-2026
Baix Llobregat solar project II,--,,Spain,3.5,operating,2017.0,,,41.5067,1.9223,exact,Cataluña,L100001009804,G100001011174,GEM Global Solar Power Tracker Feb-2026
Baix Llobregat solar project III,--,,Spain,1.2,operating,2023.0,,,41.4549,1.9655,exact,Cataluña,L100001052936,G100001060730,GEM Global Solar Power Tracker Feb-2026
Baix Llobregat solar project IV,--,,Spain,1.0,operating,2017.0,,,41.5052,1.9005,exact,Cataluña,L100001053198,G100001060992,GEM Global Solar Power Tracker Feb-2026
Baix Llobregat solar project IX,--,,Spain,2.0,operating,2022.0,,,41.3906,2.0341,exact,Cataluña,L100001053797,G100001061591,GEM Global Solar Power Tracker Feb-2026
Baix Llobregat solar project V,--,,Spain,3.4,operating,2024.0,,,41.5109,1.8909,exact,Cataluña,L100001053288,G100001061082,GEM Global Solar Power Tracker Feb-2026
Baix Llobregat solar project VI,--,,Spain,3.8,operating,2017.0,,,41.3135,2.1382,exact,Cataluña,L100001053508,G100001061302,GEM Global Solar Power Tracker Feb-2026
Baix Llobregat solar project VII,--,,Spain,2.2,operating,2023.0,,,41.3313,2.0512,exact,Cataluña,L100001053555,G100001061349,GEM Global Solar Power Tracker Feb-2026
Baix Llobregat solar project VIII,--,,Spain,1.5,operating,2024.0,,,41.4674,1.8772,exact,Cataluña,L100001053753,G100001061547,GEM Global Solar Power Tracker Feb-2026
Baix Penedès solar project,--,,Spain,4.0,operating,2024.0,,,41.2601,1.5798,exact,Cataluña,L100001053275,G100001061069,GEM Global Solar Power Tracker Feb-2026
Bajo Aragón solar project II,--,,Spain,3.1,operating,2021.0,,,40.8431,-0.2606,exact,Aragón,L100001010316,G100001011686,GEM Global Solar Power Tracker Feb-2026
Bajo Aragón solar project III,--,,Spain,1.2,operating,2021.0,,,40.9778,-0.1684,exact,Aragón,L100001010492,G100001011862,GEM Global Solar Power Tracker Feb-2026
Bajo Aragón solar project IV,--,,Spain,1.1,operating,2017.0,,,40.881,-0.4471,exact,Aragón,L100001052837,G100001060631,GEM Global Solar Power Tracker Feb-2026
Bajo Aragón solar project V,--,,Spain,2.5,operating,2017.0,,,40.8598,-0.1544,exact,Aragón,L100001053439,G100001061233,GEM Global Solar Power Tracker Feb-2026
Bajo Aragón-Caspe / Baix Aragó-Casp solar project II,--,,Spain,3.5,operating,2017.0,,,41.3056,-0.096,exact,Aragón,L100001010320,G100001011690,GEM Global Solar Power Tracker Feb-2026
Bajo Aragón-Caspe / Baix Aragó-Casp solar project III,--,,Spain,1.4,operating,2025.0,,,41.2736,0.3156,exact,Aragón,L100001052848,G100001060642,GEM Global Solar Power Tracker Feb-2026
Bajo Aragón-Caspe / Baix Aragó-Casp solar project IV,--,,Spain,1.4,operating,2025.0,,,41.2442,0.3647,exact,Aragón,L100001052940,G100001060734,GEM Global Solar Power Tracker Feb-2026
Bajo Aragón-Caspe / Baix Aragó-Casp solar project V,--,,Spain,2.3,operating,2024.0,,,41.2578,-0.0099,exact,Aragón,L100001053547,G100001061341,GEM Global Solar Power Tracker Feb-2026
Bajo Cinca / Baix Cinca solar project,--,,Spain,2.3,operating,2023.0,,,41.5225,0.2795,exact,Aragón,L100001009948,G100001011318,GEM Global Solar Power Tracker Feb-2026
Bajo Cinca / Baix Cinca solar project I,--,,Spain,1.3,operating,2023.0,,,41.5284,0.4217,exact,Aragón,L100001052852,G100001060646,GEM Global Solar Power Tracker Feb-2026
Bajo Cinca / Baix Cinca solar project II,--,,Spain,2.9,operating,2022.0,,,41.5032,0.0046,exact,Aragón,L100001052989,G100001060783,GEM Global Solar Power Tracker Feb-2026
Bajo Cinca / Baix Cinca solar project III,--,,Spain,1.0,operating,2022.0,,,41.522,0.3669,exact,Aragón,L100001053796,G100001061590,GEM Global Solar Power Tracker Feb-2026
Bajo Guadalentín solar project I,--,,Spain,5.2,operating,2019.0,,,37.5738,-1.3003,exact,Región de Murcia,L100001009359,G100001010729,GEM Global Solar Power Tracker Feb-2026
Bajo Guadalentín solar project II,--,,Spain,3.2,operating,2017.0,,,37.8028,-1.3881,exact,Región de Murcia,L100001009455,G100001010825,GEM Global Solar Power Tracker Feb-2026
Bajo Guadalentín solar project III,--,,Spain,8.5,operating,2017.0,,,37.8781,-1.3087,exact,Región de Murcia,L100001009780,G100001011150,GEM Global Solar Power Tracker Feb-2026
Bajo Guadalentín solar project IV,--,,Spain,6.1,operating,2017.0,,,37.783,-1.6501,exact,Región de Murcia,L100001009845,G100001011215,GEM Global Solar Power Tracker Feb-2026
Bajo Guadalentín solar project IX,--,,Spain,2.9,operating,2025.0,,,37.8775,-1.3685,exact,Región de Murcia,L100001052877,G100001060671,GEM Global Solar Power Tracker Feb-2026
Bajo Guadalentín solar project V,--,,Spain,4.5,operating,2024.0,,,37.6364,-1.3706,exact,Región de Murcia,L100001009933,G100001011303,GEM Global Solar Power Tracker Feb-2026
Bajo Guadalentín solar project VI,--,,Spain,6.0,operating,2017.0,,,37.8478,-1.3418,exact,Región de Murcia,L100001010051,G100001011421,GEM Global Solar Power Tracker Feb-2026
Bajo Guadalentín solar project VII,--,,Spain,17.9,operating,2017.0,,,37.6401,-1.3473,exact,Región de Murcia,L100001010287,G100001011657,GEM Global Solar Power Tracker Feb-2026
Bajo Guadalentín solar project VIII,--,,Spain,10.3,operating,2024.0,,,37.6249,-1.3614,exact,Región de Murcia,L100001010515,G100001011885,GEM Global Solar Power Tracker Feb-2026
Bajo Guadalentín solar project X,--,,Spain,1.3,operating,2025.0,,,37.778,-1.3244,exact,Región de Murcia,L100001052933,G100001060727,GEM Global Solar Power Tracker Feb-2026
Bajo Guadalentín solar project XI,--,,Spain,10.9,operating,2024.0,,,37.7781,-1.431,exact,Región de Murcia,L100001053025,G100001060819,GEM Global Solar Power Tracker Feb-2026
Bajo Guadalentín solar project XII,--,,Spain,5.7,operating,2023.0,,,37.626,-1.347,exact,Región de Murcia,L100001053091,G100001060885,GEM Global Solar Power Tracker Feb-2026
Bajo Guadalentín solar project XIII,--,,Spain,5.2,operating,2024.0,,,37.6948,-1.3884,exact,Región de Murcia,L100001053276,G100001061070,GEM Global Solar Power Tracker Feb-2026
Bajo Guadalentín solar project XIV,--,,Spain,11.7,operating,2024.0,,,37.8561,-1.3867,exact,Región de Murcia,L100001053280,G100001061074,GEM Global Solar Power Tracker Feb-2026
Bajo Guadalentín solar project XIX,--,,Spain,2.9,operating,2024.0,,,37.7934,-1.3804,exact,Región de Murcia,L100001053819,G100001061613,GEM Global Solar Power Tracker Feb-2026
Bajo Guadalentín solar project XV,--,,Spain,2.3,operating,2025.0,,,37.5571,-1.4196,exact,Región de Murcia,L100001053388,G100001061182,GEM Global Solar Power Tracker Feb-2026
Bajo Guadalentín solar project XVI,--,,Spain,1.5,operating,2024.0,,,37.7856,-1.4785,exact,Región de Murcia,L100001053506,G100001061300,GEM Global Solar Power Tracker Feb-2026
Bajo Guadalentín solar project XVII,--,,Spain,1.1,operating,2023.0,,,37.873,-1.3819,exact,Región de Murcia,L100001053740,G100001061534,GEM Global Solar Power Tracker Feb-2026
Bajo Guadalentín solar project XVIII,--,,Spain,1.1,operating,2022.0,,,37.9189,-1.2985,exact,Región de Murcia,L100001053792,G100001061586,GEM Global Solar Power Tracker Feb-2026
Bajo Guadalquivir solar farm,1,,Spain,50.0,pre-construction,,,Esparity Solar,37.039,-5.8923,approximate,Andalucía,L100000824375,G100000827493,GEM Global Solar Power Tracker Feb-2026
Bajo Guadalquivir solar farm,2,,Spain,50.0,pre-construction,,,Esparity Solar,37.039,-5.8923,approximate,Andalucía,L100000824375,G100000827494,GEM Global Solar Power Tracker Feb-2026
Bajo Martín solar project,--,,Spain,1.8,operating,2017.0,,,41.2182,-0.4672,exact,Aragón,L100001009755,G100001011125,GEM Global Solar Power Tracker Feb-2026
Baldio 2 solar farm,--,,Spain,19.0,operating,,,Solaria Energía y Medio Ambiente SA [100%],40.2981,-2.0182,approximate,Castilla-La Mancha,L100000824376,G100000827495,GEM Global Solar Power Tracker Feb-2026
Ballestas solar farm,--,,Spain,34.4,construction,,Sistemas Energéticos Serra de Lourenza,Iberdrola SA [100%],42.1525,-4.1376,approximate,Castilla y León,L100000824377,G100000827496,GEM Global Solar Power Tracker Feb-2026
Balsicas solar farm,--,,Spain,85.9,announced,,,KPMG,37.6127,-0.9882,approximate,Región de Murcia,L100001005614,G100001006730,GEM Global Solar Power Tracker Feb-2026
Baluarte solar farm,--,,Spain,50.0,pre-construction,,Baluarte Solar,Ignis Energía SL [100%],42.5723,-4.3783,approximate,Castilla y León,L100001004641,G100001005445,GEM Global Solar Power Tracker Feb-2026
Baluma solar farm,--,,Spain,62.5,pre-construction,,,Verbund AG,37.2318,-3.6507,approximate,Andalucía,L100001005650,G100001006781,GEM Global Solar Power Tracker Feb-2026
Baobab solar farm,--,,Spain,85.0,announced,,,,41.8594,-5.0766,approximate,Castilla y León,L100001007661,G100001008887,GEM Global Solar Power Tracker Feb-2026
Barbastro Somontano De Barbastro solar project,--,,Spain,15.4,operating,2021.0,,,42.0022,0.1157,exact,Aragón,L100001010436,G100001011806,GEM Global Solar Power Tracker Feb-2026
Barcelona Barcelonès solar project I,--,,Spain,1.7,operating,2018.0,,,41.4511,2.1829,exact,Cataluña,L100001053142,G100001060936,GEM Global Solar Power Tracker Feb-2026
Barcelona Barcelonès solar project II,--,,Spain,1.4,operating,2017.0,,,41.3311,2.1251,exact,Cataluña,L100001053441,G100001061235,GEM Global Solar Power Tracker Feb-2026
Barcelonès solar project,--,,Spain,1.1,operating,2017.0,,,41.4109,2.2251,exact,Cataluña,L100001053503,G100001061297,GEM Global Solar Power Tracker Feb-2026
Barcience (Aquila Clean Energy) solar farm,--,,Spain,29.9,construction,,,Aquila Clean Energy [100%],39.966,-4.23,approximate,Castilla-La Mancha,L100000824379,G100000827498,GEM Global Solar Power Tracker Feb-2026
Barcience solar farm,1,,Spain,50.0,operating,2021.0,Iberdrola Renovables Energia,Iberdrola SA [100%],39.923,-4.088,exact,Castilla-La Mancha,L100000805878,G100000806763,GEM Global Solar Power Tracker Feb-2026
Barcina Garoña Vega solar farm,1,,Spain,57.5,pre-construction,,,Vega Lyra Promociones Fotovoltaicas SL [100%],42.7984,-3.236,approximate,Castilla y León,L100001003735,G100001004261,GEM Global Solar Power Tracker Feb-2026
Barcina Garoña Vega solar farm,2,,Spain,57.0,pre-construction,,,Vega Lyra Promociones Fotovoltaicas SL [100%],42.7984,-3.236,approximate,Castilla y León,L100001003735,G100001004262,GEM Global Solar Power Tracker Feb-2026
Bardenas solar project,--,,Spain,10.1,operating,2008.0,,,42.271,-1.666,exact,Comunidad Foral de Navarra,L100001009222,G100001010592,GEM Global Solar Power Tracker Feb-2026
Bargas (Aragón) solar farm,--,,Spain,50.0,pre-construction,,,Merfonda Solar SL [100%],41.7693,-1.4222,approximate,Aragón,L100001000643,G100001000964,GEM Global Solar Power Tracker Feb-2026
Bargas (Castilla-La Mancha) solar farm,1,,Spain,50.0,operating,2020.0,Solarpack,Aventron AG [100%],39.9178,-4.1168,exact,Castilla-La Mancha,L100000805991,G100000806896,GEM Global Solar Power Tracker Feb-2026
Barranco del Tollo solar farm,--,,Spain,165.8,shelved - inferred 2 y,,,Nara Solar SL [100%],41.7975,-1.2235,approximate,Aragón,L100000824380,G100000827499,GEM Global Solar Power Tracker Feb-2026
Barranquilla solar farm,--,,Spain,50.0,pre-construction,,,Energía Barranquilla,39.6146,-2.1043,approximate,Castilla-La Mancha,L100001005379,G100001006416,GEM Global Solar Power Tracker Feb-2026
Barrica solar farm,Calamocha 1,"Calamocha 1, Escucha 1",Spain,49.5,operating,2022.0,Fuerzas Energéticas del Sur de Europa,Lightsource BP [100%],40.9029,-1.2767,exact,Aragón,L100000806566,G100000807532,GEM Global Solar Power Tracker Feb-2026
Barrica solar farm,Escucha 1,"Calamocha 1, Escucha 1",Spain,49.5,operating,2023.0,Modelos Energéticos Sostenibles,Lightsource BP [100%],40.7095,-0.8472,exact,Aragón,L100000806566,G100000807533,GEM Global Solar Power Tracker Feb-2026
Batea solar farm,--,,Spain,29.5,pre-construction,,,Energía Inagotable del Proyecto Batea SL [100%],41.1131,0.3532,approximate,Cataluña,L100001000862,G100001001219,GEM Global Solar Power Tracker Feb-2026
Baten solar farm,--,,Spain,49.5,pre-construction,,Energía Inagotable de Baten,Forestalia SL [100%],41.498,0.3229,approximate,Aragón,L100000824381,G100000827501,GEM Global Solar Power Tracker Feb-2026
Bay Of Cádiz solar project I,--,,Spain,5.4,operating,2020.0,,,36.6246,-6.2938,exact,Andalucía,L100001009326,G100001010696,GEM Global Solar Power Tracker Feb-2026
Belinchón solar farm,Belidos,,Spain,50.0,operating,,,Grenergy [100%],40.0678,-2.9667,exact,Castilla-La Mancha,L100000824382,G100000827502,GEM Global Solar Power Tracker Feb-2026
Belinchón solar farm,Belitres,,Spain,50.0,operating,,,Grenergy [100%],40.0678,-2.9667,exact,Castilla-La Mancha,L100000824382,G100000827503,GEM Global Solar Power Tracker Feb-2026
Belinchón solar farm,Beliuno,,Spain,50.0,operating,,,Grenergy [100%],40.0678,-2.9667,exact,Castilla-La Mancha,L100000824382,G100000827504,GEM Global Solar Power Tracker Feb-2026
Bellisens solar farm,--,,Spain,45.6,pre-construction,,,Celtis Solar SL [100%],41.1576,1.2101,approximate,Cataluña,L100001000967,G100001001334,GEM Global Solar Power Tracker Feb-2026
Belmez solar project,--,,Spain,15.7,operating,2017.0,,,38.2811,-5.2393,exact,Andalucía,L100001009161,G100001010531,GEM Global Solar Power Tracker Feb-2026
Belorado solar farm,--,,Spain,50.0,pre-construction,,Alfa Lirae PV7,LAMARQUES-AZ SL [100%],42.4289,-3.1791,approximate,Castilla y León,L100001004618,G100001005421,GEM Global Solar Power Tracker Feb-2026
Belvis solar farm,1,,Spain,45.5,operating,2025.0,China Three Gorges CORP (CTG),China Three Gorges CORP (CTG) [100%],39.7982,-5.6754,exact,Extremadura,L100000824383,G100000827505,GEM Global Solar Power Tracker Feb-2026
Belvis solar farm,2,,Spain,45.5,operating,2025.0,China Three Gorges CORP (CTG),China Three Gorges CORP (CTG) [100%],39.7982,-5.6754,exact,Extremadura,L100000824383,G100000827506,GEM Global Solar Power Tracker Feb-2026
Belvis solar farm,3,,Spain,4.5,operating,2025.0,China Three Gorges CORP (CTG),China Three Gorges CORP (CTG) [100%],39.7982,-5.6754,exact,Extremadura,L100000824383,G100000827507,GEM Global Solar Power Tracker Feb-2026
Benahadux solar project,--,,Spain,10.6,operating,2008.0,,,36.9268,-2.4758,exact,Andalucía,L100001009107,G100001010477,GEM Global Solar Power Tracker Feb-2026
Beneixama (Hive Energy) solar farm,--,,Spain,53.0,announced,,,Hive Energy,38.6288,-0.7653,approximate,Comunidad Valenciana,L100001007564,G100001008719,GEM Global Solar Power Tracker Feb-2026
Beneixama Solar PV Park,1,"Sol de Vinalopo, Vinalopo",Spain,20.0,cancelled - inferred 4 y,,City Solar,Eolia Renovables SA (EOLIASUR) [100%],38.7191,-0.7225,exact,Comunidad Valenciana,L100000805739,G100000806606,GEM Global Solar Power Tracker Feb-2026
Berguedà solar project,--,,Spain,1.1,operating,2017.0,,,41.9694,1.7048,exact,Cataluña,L100001010047,G100001011417,GEM Global Solar Power Tracker Feb-2026
Berguedà solar project I,--,,Spain,1.2,operating,2025.0,,,42.0662,1.9619,exact,Cataluña,L100001053022,G100001060816,GEM Global Solar Power Tracker Feb-2026
Betierra solar farm,Betierra 1,"Betierra 3, Betierra 1, Betierra 2",Spain,50.0,operating,2024.0,,Sonnedix,40.0484,-3.058,approximate,Castilla-La Mancha,L100001005481,G100001006525,GEM Global Solar Power Tracker Feb-2026
Betierra solar farm,Betierra 2,"Betierra 3, Betierra 1, Betierra 2",Spain,50.0,operating,2024.0,,Sonnedix,40.0484,-3.058,approximate,Castilla-La Mancha,L100001005481,G100001006526,GEM Global Solar Power Tracker Feb-2026
Betierra solar farm,Betierra 3,"Betierra 3, Betierra 1, Betierra 2",Spain,50.0,operating,2024.0,,Sonnedix,40.0484,-3.058,approximate,Castilla-La Mancha,L100001005481,G100001006527,GEM Global Solar Power Tracker Feb-2026
Beturia solar farm,1,,Spain,50.0,operating,2021.0,Enel Green Power,Endesa SA [100%],38.159,-6.5906,approximate,Extremadura,L100000805781,G100000806655,GEM Global Solar Power Tracker Feb-2026
Bianca solar farm,--,,Spain,49.5,pre-construction,,Energía Inagotable de Bianca,Forestalia SL [100%],41.5811,0.2127,approximate,Aragón,L100000824384,G100000827508,GEM Global Solar Power Tracker Feb-2026
Biar solar farm,--,,Spain,45.5,pre-construction,,,Iberdrola SA [100%],38.3516,-0.49,approximate,Comunidad Valenciana,L100000824385,G100000827509,GEM Global Solar Power Tracker Feb-2026
Bibey solar farm,--,,Spain,58.8,shelved - inferred 2 y,,Bibey Desarrollo Empresarial,Atitlan Helios [100%],38.0843,-0.9467,approximate,Comunidad Valenciana,L100000824386,G100000827510,GEM Global Solar Power Tracker Feb-2026
Bichero solar farm,--,,Spain,64.5,pre-construction,,Bichero Solar,Ignis Energía SL [100%],40.6574,-3.152,approximate,Castilla-La Mancha,L100000824387,G100000827511,GEM Global Solar Power Tracker Feb-2026
Bienvenida solar farm,1,Bienvenida PV,Spain,180.0,operating,2021.0,ib vogt gmbH,Talanx Group [100%],38.283,-6.161,approximate,Extremadura,L100000805856,G100000806738,GEM Global Solar Power Tracker Feb-2026
Bierzo solar farm,1,,Spain,50.0,pre-construction,,Camanal Energía,Resolar [100%],42.5185,-5.9451,approximate,Castilla y León,L100001004602,G100001005399,GEM Global Solar Power Tracker Feb-2026
Bierzo solar farm,3,,Spain,50.0,pre-construction,,Alfavat Soluciones Energéticas,Resolar [100%],42.6358,-6.0369,approximate,Castilla y León,L100001004602,G100001005400,GEM Global Solar Power Tracker Feb-2026
Biniatria solar farm,1,Nou Biniatria,Spain,12.6,operating,,Endesa,Endesa SA [100%],39.8094,3.0818,exact,Islas Baleares,L100000824388,G100000827512,GEM Global Solar Power Tracker Feb-2026
Bisbita solar farm,--,,Spain,100.0,pre-construction,,,Grenergy,40.8398,-3.4901,approximate,Comunidad de Madrid,L100001005603,G100001006711,GEM Global Solar Power Tracker Feb-2026
Blanca solar project,--,,Spain,6.4,operating,2023.0,,,38.2215,-1.3161,exact,Región de Murcia,L100001009199,G100001010569,GEM Global Solar Power Tracker Feb-2026
Bluesol solar farm,1,,Spain,27.8,construction,,,,38.659,-4.2356,exact,Castilla-La Mancha,L100001062229,G100001071463,GEM Global Solar Power Tracker Feb-2026
Bluesol solar farm,2,,Spain,27.8,construction,,,,38.659,-4.2356,exact,Castilla-La Mancha,L100001062229,G100001073436,GEM Global Solar Power Tracker Feb-2026
Bobadilla solar farm,--,,Spain,348.0,pre-construction,,Eyre Sun,,37.0322,-4.7389,exact,Andalucía,L100000824389,G100000827513,GEM Global Solar Power Tracker Feb-2026
Boedo solar farm,1,,Spain,40.5,pre-construction,,Bolero Energy,Q Energy [100%],42.6591,-4.3202,approximate,Castilla y León,L100001004631,G100001005434,GEM Global Solar Power Tracker Feb-2026
Boedo solar farm,2,,Spain,42.2,pre-construction,,Vals Energy Power,Q Energy [100%],42.6591,-4.3202,approximate,Castilla y León,L100001004631,G100001005432,GEM Global Solar Power Tracker Feb-2026
Bolardo solar farm,--,,Spain,67.5,cancelled,,Bolardo Solar,Bolardo Solar SL [100%],40.5431,-3.1017,approximate,Castilla-La Mancha,L100000824390,G100000827514,GEM Global Solar Power Tracker Feb-2026
Bolarque 2 solar farm,--,,Spain,50.0,pre-construction,,,,40.3609,-2.9691,approximate,Castilla-La Mancha,L100001062256,G100001071493,GEM Global Solar Power Tracker Feb-2026
Bolarque solar farm,1,,Spain,50.0,operating,2022.0,Acciona,Acciona SA [100%],40.3336,-2.6302,exact,Castilla-La Mancha,L100000824391,G100000827515,GEM Global Solar Power Tracker Feb-2026
Bolbaite 2 solar farm,--,,Spain,40.0,pre-construction,,,,39.0523,-0.6207,exact,Comunidad Valenciana,L100001062391,G100001071659,GEM Global Solar Power Tracker Feb-2026
Bombarda solar farm,--,,Spain,40.0,pre-construction,,Bombarda Solar,Ignis Energía SL [100%],42.5818,-4.3763,approximate,Castilla y León,L100001004643,G100001005447,GEM Global Solar Power Tracker Feb-2026
Bonete solar farm,2,,Spain,49.9,operating,2019.0,,Eni SpA [100%],38.8559,-1.303,exact,Castilla-La Mancha,L100000824392,G100000827516,GEM Global Solar Power Tracker Feb-2026
Bonete solar farm,3,,Spain,46.4,operating,2019.0,,Eni SpA [100%],38.8379,-1.3087,approximate,Castilla-La Mancha,L100000824392,G100000827517,GEM Global Solar Power Tracker Feb-2026
Bonete solar farm,4,,Spain,44.4,operating,2019.0,,Eni SpA [100%],38.8443,-1.312,exact,Castilla-La Mancha,L100000824392,G100000827518,GEM Global Solar Power Tracker Feb-2026
Borges CSP solar farm,--,,Spain,24.2,operating,2012.0,,Comsa Medio Ambiente SA; Workline Productions SL,41.5292,0.8001,exact,Cataluña,L100000824393,G100000827519,GEM Global Solar Power Tracker Feb-2026
Boyante solar farm,--,,Spain,62.5,pre-construction,,,Verbund AG,37.2286,-3.649,approximate,Andalucía,L100001005649,G100001006780,GEM Global Solar Power Tracker Feb-2026
Braza Cordel solar farm,--,,Spain,32.0,pre-construction,,,Hanwha Corp,38.6617,-4.2972,approximate,Castilla-La Mancha,L100001005477,G100001006517,GEM Global Solar Power Tracker Feb-2026
Braza Corona solar farm,--,,Spain,50.0,pre-construction,,,Hanwha Energy Corp,38.6588,-4.2928,approximate,Castilla-La Mancha,L100001005475,G100001006515,GEM Global Solar Power Tracker Feb-2026
Brazatortas (Q Energy) solar farm,--,,Spain,38.3,announced,,,,38.6593,-4.2941,approximate,Castilla-La Mancha,L100001005687,G100001006833,GEM Global Solar Power Tracker Feb-2026
Brazatortas-Rotonda solar farm,1,,Spain,32.9,pre-construction,,,Renovables Rotonda,38.6595,-4.2937,approximate,Castilla-La Mancha,L100001005353,G100001006381,GEM Global Solar Power Tracker Feb-2026
Brazatortas-Rotonda solar farm,2,,Spain,32.9,pre-construction,,,Renovables Rotonda,38.6595,-4.2937,approximate,Castilla-La Mancha,L100001005353,G100001006382,GEM Global Solar Power Tracker Feb-2026
Brazoinves I solar farm,--,,Spain,30.0,operating,2023.0,,,38.6576,-4.2581,exact,Castilla-La Mancha,L100001062241,G100001071476,GEM Global Solar Power Tracker Feb-2026
Brianes El Baldío solar farm,--,,Spain,47.4,pre-construction,,,,37.8489,-1.1684,approximate,Región de Murcia,L100001062779,G100001072117,GEM Global Solar Power Tracker Feb-2026
Broza solar farm,--,,Spain,50.0,pre-construction,,,Ignis Energía SL [100%],40.5718,-3.2918,approximate,Comunidad de Madrid,L100000824394,G100000827520,GEM Global Solar Power Tracker Feb-2026
Bruma solar farm,--,,Spain,70.0,pre-construction,,Bruma Solar,Ignis Energía SL [100%],40.4736,-3.2862,approximate,Comunidad de Madrid,L100000824395,G100000827521,GEM Global Solar Power Tracker Feb-2026
Budweiser solar farm,1,"Illora Solar, Verbund Pinos Puente",Spain,74.0,operating,,BayWa R.E.,BayWa R.E. AG [100%],39.3261,-4.838,approximate,Extremadura,L100000805711,G100000806572,GEM Global Solar Power Tracker Feb-2026
Budweiser solar farm,2,"Illora Solar, Verbund Pinos Puente",Spain,74.0,operating,,BayWa R.E.,BayWa R.E. AG [100%],39.3261,-4.838,approximate,Extremadura,L100000805711,G100000806573,GEM Global Solar Power Tracker Feb-2026
Buendía solar farm,--,,Spain,291.5,pre-construction,,,Ric Sun Energy [100%],39.6111,-2.7904,approximate,Castilla-La Mancha,L100000824396,G100000827522,GEM Global Solar Power Tracker Feb-2026
Bullas solar project,--,,Spain,9.5,operating,2025.0,,,38.051,-1.6894,exact,Región de Murcia,L100001009200,G100001010570,GEM Global Solar Power Tracker Feb-2026
Burgos solar project,--,,Spain,4.6,operating,2023.0,,,42.3659,-3.7598,exact,Castilla y León,L100001010216,G100001011586,GEM Global Solar Power Tracker Feb-2026
Burgos solar project I,--,,Spain,1.3,operating,2024.0,,,42.3507,-3.6558,exact,Castilla y León,L100001052868,G100001060662,GEM Global Solar Power Tracker Feb-2026
Burgos solar project II,--,,Spain,1.2,operating,2025.0,,,42.2947,-3.6977,exact,Castilla y León,L100001053661,G100001061455,GEM Global Solar Power Tracker Feb-2026
Burgos solar project III,--,,Spain,1.7,operating,2025.0,,,42.3546,-3.7366,exact,Castilla y León,L100001053822,G100001061616,GEM Global Solar Power Tracker Feb-2026
Busardo solar farm,--,,Spain,50.0,pre-construction,,,,41.9801,0.2831,approximate,Aragón,L100001062083,G100001071305,GEM Global Solar Power Tracker Feb-2026
CFS Alarcos solar farm,--,,Spain,49.9,operating,2019.0,,China Three Gorges CORP (CTG) [100%],38.8571,-4.0814,approximate,Castilla-La Mancha,L100000824455,G100000827600,GEM Global Solar Power Tracker Feb-2026
CS Badajoz solar farm,4,,Spain,45.6,construction,,Renopool 1,Renopool 1 SL [100%],38.8777,-6.9798,approximate,Extremadura,L100000824481,G100000827634,GEM Global Solar Power Tracker Feb-2026
CSF Carril XE solar farm,--,,Spain,43.9,operating,,,,38.0657,-1.667,approximate,Región de Murcia,L100001007674,G100001008901,GEM Global Solar Power Tracker Feb-2026
CSF Continua Anguita solar farm,--,,Spain,93.0,operating,2021.0,Continua Energías Positivas,Continua Energías Positivas [100%],41.0273,-2.37,approximate,Castilla-La Mancha,L100000824482,G100000827635,GEM Global Solar Power Tracker Feb-2026
Cabeza Mesá solar farm,--,,Spain,27.3,pre-construction,,,,40.6022,-4.8421,approximate,Castilla y León,L100001061645,G100001070661,GEM Global Solar Power Tracker Feb-2026
Cabra 0 solar farm,--,,Spain,226.4,pre-construction,,,Tentusol,37.6484,-4.6981,approximate,Andalucía,L100001005542,G100001006607,GEM Global Solar Power Tracker Feb-2026
Cabrero solar farm,--,,Spain,150.0,pre-construction,,Veleta Power,,39.6111,-2.7904,approximate,Castilla-La Mancha,L100000824397,G100000827523,GEM Global Solar Power Tracker Feb-2026
Cabrovales 1 solar farm,--,,Spain,52.0,construction,,,Q Energy,38.2048,-6.2932,approximate,Extremadura,L100001063478,G100001072946,GEM Global Solar Power Tracker Feb-2026
Cadima solar farm,1,,Spain,40.0,operating,2019.0,Eiffage Énergie Systèmes,X-Elio [100%],36.986,-2.043,approximate,Andalucía,L100000805766,G100000806635,GEM Global Solar Power Tracker Feb-2026
Cadiz (Euder Energy) solar farm,1,,Spain,26.0,announced,,Euder Energy,Euder Energy SL [100%],36.5185,-6.2777,approximate,Andalucía,L100000824401,G100000827527,GEM Global Solar Power Tracker Feb-2026
Cadiz (Euder Energy) solar farm,2,,Spain,26.0,announced,,Euder Energy,Euder Energy SL [100%],36.5185,-6.2777,approximate,Andalucía,L100000824401,G100000827528,GEM Global Solar Power Tracker Feb-2026
Caelum 4 solar farm,--,,Spain,119.2,pre-construction,,,TotalEnergies SE,42.4318,-5.3706,approximate,Castilla y León,L100001007561,G100001008714,GEM Global Solar Power Tracker Feb-2026
Caiba solar farm,--,,Spain,200.0,pre-construction,,,,40.2909,-4.0581,approximate,Comunidad de Madrid,L100001062345,G100001071604,GEM Global Solar Power Tracker Feb-2026
Calamocha 2 solar farm,--,Proyecto Vendimia,Spain,49.5,operating,2021.0,Fuerzas Energéticas del Sur de Europa IV,Plenium Partners [100%]; Bankinter,41.2594,-0.5386,exact,Aragón,L100001000582,G100001000889,GEM Global Solar Power Tracker Feb-2026
Calasparra solar farm,--,,Spain,22.3,operating,,,,38.2635,-1.6817,exact,Región de Murcia,L100001007672,G100001008898,GEM Global Solar Power Tracker Feb-2026
Calatayud I solar farm,--,,Spain,49.5,operating,2023.0,,,41.5215,-1.2525,exact,Aragón,L100001063338,G100001072788,GEM Global Solar Power Tracker Feb-2026
Calatrava 1 solar farm,--,Cluster Calatrava,Spain,22.3,operating,2022.0,Enel Green Power,Enel Green Power SpA [100%],38.9935,-3.3951,approximate,Castilla-La Mancha,L100000824402,G100000827529,GEM Global Solar Power Tracker Feb-2026
Calatrava 2 solar farm,--,,Spain,50.0,operating,2024.0,Lantania,Verbund AG,38.877,-3.8675,approximate,Castilla-La Mancha,L100001005690,G100001006836,GEM Global Solar Power Tracker Feb-2026
Calaveron Solar solar farm,1,,Spain,21.0,operating,2008.0,Eiffage Énergie Systèmes,EPURON [100%],39.3269,-2.5292,exact,Castilla-La Mancha,L100000805764,G100000806633,GEM Global Solar Power Tracker Feb-2026
Caldas solar project,--,,Spain,2.2,operating,2019.0,,,42.704,-8.6776,exact,Galicia,L100001053684,G100001061478,GEM Global Solar Power Tracker Feb-2026
Caldereros solar farm,--,,Spain,39.9,pre-construction,,,,40.8006,-1.6884,approximate,Castilla-La Mancha,L100001063862,G100001073434,GEM Global Solar Power Tracker Feb-2026
Calders solar farm,--,,Spain,20.0,pre-construction,,,Meroil Sun Light 3 SLU [100%],41.7915,1.9886,approximate,Cataluña,L100001000900,G100001001261,GEM Global Solar Power Tracker Feb-2026
Calera y Chozas solar farm,--,,Spain,16.2,pre-construction,,,,39.1357,-2.2162,approximate,Castilla-La Mancha,L100001007673,G100001008900,GEM Global Solar Power Tracker Feb-2026
Calera y Chozas solar project,--,,Spain,16.2,operating,2021.0,,,39.932,-4.965,exact,Castilla-La Mancha,L100001009090,G100001010460,GEM Global Solar Power Tracker Feb-2026
Callejas solar farm,--,,Spain,49.5,pre-construction,,,Iberdrola Renovables Castilla-La Mancha SA [100%],39.633,-1.806,approximate,Castilla-La Mancha,L100001004297,G100001005016,GEM Global Solar Power Tracker Feb-2026
Calzada III solar farm,--,,Spain,22.4,pre-construction,,,,41.4406,-1.2388,approximate,Aragón,L100001062131,G100001071317,GEM Global Solar Power Tracker Feb-2026
Calzada de Calatrava solar project,--,,Spain,10.0,operating,2008.0,,,38.7071,-3.72,exact,Castilla-La Mancha,L100001009152,G100001010522,GEM Global Solar Power Tracker Feb-2026
Calzadilla (Iberenova) solar farm,--,,Spain,148.9,pre-construction,,Iberenova Promociones,,38.791,-5.6362,approximate,Extremadura,L100000824403,G100000827530,GEM Global Solar Power Tracker Feb-2026
Calzadilla (Statkraft) solar farm,--,Complejo Zajuril,Spain,114.0,pre-construction,2028.0,Proyecto Fotovoltaico Calzadilla,Statkraft AS [100%],40.0534,-6.5474,approximate,Extremadura,L100001003179,G100001003645,GEM Global Solar Power Tracker Feb-2026
Calzadilla (Valsolar) solar farm,1,"Calzadilla II (Phase 2), Calzadilla I (Phase 1), Calzadilla III (Phase 3)",Spain,50.0,cancelled,,Valsolar S.L. Energías Renovables,SAG Solarstorm AG [100%],38.3011,-6.3167,approximate,Extremadura,L100000806017,G100000806926,GEM Global Solar Power Tracker Feb-2026
Calzadilla (Valsolar) solar farm,2,"Calzadilla II (Phase 2), Calzadilla I (Phase 1), Calzadilla III (Phase 3)",Spain,120.0,cancelled,,Valsolar S.L. Energías Renovables,SAG Solarstorm AG [100%],38.3011,-6.3167,approximate,Extremadura,L100000806017,G100000806927,GEM Global Solar Power Tracker Feb-2026
Calzadilla (Valsolar) solar farm,3,"Calzadilla II (Phase 2), Calzadilla I (Phase 1), Calzadilla III (Phase 3)",Spain,75.0,cancelled,,Valsolar S.L. Energías Renovables,SAG Solarstorm AG [100%],38.3011,-6.3167,approximate,Extremadura,L100000806017,G100000806928,GEM Global Solar Power Tracker Feb-2026
Camarillas solar farm,--,,Spain,150.0,announced,,San Isidro Solar 7,,41.3473,-0.7809,approximate,Aragón,L100000824404,G100000827531,GEM Global Solar Power Tracker Feb-2026
Camino Fregacedos solar farm,1,,Spain,350.0,announced,,Solaria Energía y Medio Ambiente,Solaria Energía y Medio Ambiente SA [100%],39.6209,-4.4892,approximate,Castilla-La Mancha,L100000805988,G100000806893,GEM Global Solar Power Tracker Feb-2026
Campanario (Bahía de Plata) solar farm,--,,Spain,106.7,pre-construction,,Bahía de Plata State 2017,,39.6111,-2.7904,approximate,Castilla-La Mancha,L100000824405,G100000827532,GEM Global Solar Power Tracker Feb-2026
Campanario (Elawan) solar farm,1,Elawan Campanario (Phase 1),Spain,39.7,operating,2020.0,,Elawan Energy SL [100%],38.8465,-1.3001,exact,Castilla-La Mancha,L100000824406,G100000827533,GEM Global Solar Power Tracker Feb-2026
Campanario (Elawan) solar farm,2,Elawan Campanario (Phase 1),Spain,48.1,operating,2021.0,Elawan Energy,Elawan Energy SL [100%],38.901,-1.3291,exact,Castilla-La Mancha,L100000824406,G100000827534,GEM Global Solar Power Tracker Feb-2026
Campanario (Elawan) solar farm,3,Elawan Campanario (Phase 1),Spain,48.1,operating,2021.0,Elawan Energy,Elawan Energy SL [100%],38.931,-1.3078,exact,Castilla-La Mancha,L100000824406,G100000827535,GEM Global Solar Power Tracker Feb-2026
Campanario (Elawan) solar farm,4,Elawan Campanario (Phase 1),Spain,50.0,operating,2021.0,,Elawan Energy SL [100%],38.9094,-1.3366,exact,Castilla-La Mancha,L100000824406,G100000827536,GEM Global Solar Power Tracker Feb-2026
Campanario (Elawan) solar farm,5,Elawan Campanario (Phase 1),Spain,50.0,operating,2021.0,,Elawan Energy SL [100%],38.9103,-1.3199,exact,Castilla-La Mancha,L100000824406,G100000827537,GEM Global Solar Power Tracker Feb-2026
Campanario (Planea Energia) solar farm,--,,Spain,80.0,operating,2023.0,,Planea Energia,38.8713,-1.3466,approximate,Castilla-La Mancha,L100001007589,G100001008759,GEM Global Solar Power Tracker Feb-2026
Campina Cordobesa Dos solar farm,--,,Spain,11.3,operating,2022.0,,Taiga Mistral Gestion SGEIC [100%],37.3917,-4.7659,approximate,Andalucía,L100000824407,G100000827538,GEM Global Solar Power Tracker Feb-2026
Campiña De Jerez solar project,--,,Spain,13.7,operating,2023.0,,,36.5817,-5.8457,exact,Andalucía,L100001053477,G100001061271,GEM Global Solar Power Tracker Feb-2026
Campo Arañuelo (Naturgy) solar farm,--,,Spain,269.6,pre-construction,2026.0,Naturgy Energy Group,Naturgy Energy Group SA [100%],39.5266,-5.6307,approximate,Extremadura,L100000824408,G100000827539,GEM Global Solar Power Tracker Feb-2026
Campo Arañuelo solar farm,1,"Arañuelo I (Phase 1), Arañuelo III (Phase 3), Arañuelo II (Phase 2)",Spain,50.0,operating,2021.0,Iberdrola Renovables Energia,Iberdrola SA [100%],39.8161,-5.6831,approximate,Extremadura,L100000805864,G100000806746,GEM Global Solar Power Tracker Feb-2026
Campo Arañuelo solar farm,2,"Arañuelo I (Phase 1), Arañuelo III (Phase 3), Arañuelo II (Phase 2)",Spain,50.0,operating,2021.0,Iberdrola Renovables Energia,Iberdrola SA [100%],39.8161,-5.6831,approximate,Extremadura,L100000805864,G100000806747,GEM Global Solar Power Tracker Feb-2026
Campo Arañuelo solar farm,3,"Arañuelo I (Phase 1), Arañuelo III (Phase 3), Arañuelo II (Phase 2)",Spain,40.0,operating,2021.0,Iberdrola Renovables Energia,Iberdrola SA [100%],39.7865,-5.7008,exact,Extremadura,L100000805864,G100000806749,GEM Global Solar Power Tracker Feb-2026
Campo De Belchite solar project,--,,Spain,4.3,operating,2021.0,,,41.376,-0.7583,exact,Aragón,L100001010309,G100001011679,GEM Global Solar Power Tracker Feb-2026
Campo De Borja solar project,--,,Spain,2.1,operating,2025.0,,,41.8601,-1.383,exact,Aragón,L100001053714,G100001061508,GEM Global Solar Power Tracker Feb-2026
Campo De Cariñena solar project I,--,,Spain,4.2,operating,2017.0,,,41.3596,-1.2616,exact,Aragón,L100001009457,G100001010827,GEM Global Solar Power Tracker Feb-2026
Campo De Cariñena solar project II,--,,Spain,3.5,operating,2017.0,,,41.4417,-1.236,exact,Aragón,L100001009525,G100001010895,GEM Global Solar Power Tracker Feb-2026
Campo De Cariñena solar project III,--,,Spain,1.8,operating,2017.0,,,41.4506,-1.2274,exact,Aragón,L100001009674,G100001011044,GEM Global Solar Power Tracker Feb-2026
Campo De Cariñena solar project IV,--,,Spain,1.2,operating,2022.0,,,41.493,-1.1447,exact,Aragón,L100001053006,G100001060800,GEM Global Solar Power Tracker Feb-2026
Campo De Cariñena solar project V,--,,Spain,3.2,operating,2017.0,,,41.3657,-1.2581,exact,Aragón,L100001053165,G100001060959,GEM Global Solar Power Tracker Feb-2026
Campo De Cariñena solar project VI,--,,Spain,1.5,operating,2017.0,,,41.3462,-1.2362,exact,Aragón,L100001053320,G100001061114,GEM Global Solar Power Tracker Feb-2026
Campo De Cartagena Y Mar Menor solar project I,--,,Spain,3.3,operating,2017.0,,,37.7659,-1.2414,exact,Región de Murcia,L100001009811,G100001011181,GEM Global Solar Power Tracker Feb-2026
Campo De Cartagena Y Mar Menor solar project III,--,,Spain,8.3,operating,2020.0,,,37.6875,-1.3182,exact,Región de Murcia,L100001010284,G100001011654,GEM Global Solar Power Tracker Feb-2026
Campo De Cartagena Y Mar Menor solar project IV,--,,Spain,5.1,operating,2023.0,,,37.6789,-1.2155,exact,Región de Murcia,L100001010285,G100001011655,GEM Global Solar Power Tracker Feb-2026
Campo De Cartagena Y Mar Menor solar project IX,--,,Spain,2.3,operating,2024.0,,,37.6717,-1.1651,exact,Región de Murcia,L100001053213,G100001061007,GEM Global Solar Power Tracker Feb-2026
Campo De Cartagena Y Mar Menor solar project VI,--,,Spain,9.3,operating,2019.0,,,37.7214,-1.1411,exact,Región de Murcia,L100001010378,G100001011748,GEM Global Solar Power Tracker Feb-2026
Campo De Cartagena Y Mar Menor solar project VII,--,,Spain,10.4,operating,2019.0,,,37.7204,-1.1272,exact,Región de Murcia,L100001010406,G100001011776,GEM Global Solar Power Tracker Feb-2026
Campo De Cartagena Y Mar Menor solar project VIII,--,,Spain,14.7,operating,2020.0,,,37.734,-0.8889,exact,Región de Murcia,L100001010429,G100001011799,GEM Global Solar Power Tracker Feb-2026
Campo De Cartagena Y Mar Menor solar project X,--,,Spain,3.2,operating,2017.0,,,37.7936,-0.8863,exact,Región de Murcia,L100001053247,G100001061041,GEM Global Solar Power Tracker Feb-2026
Campo De Cartagena Y Mar Menor solar project XI,--,,Spain,3.0,operating,2017.0,,,37.7029,-1.2737,exact,Región de Murcia,L100001053334,G100001061128,GEM Global Solar Power Tracker Feb-2026
Campo De Cartagena Y Mar Menor solar project XII,--,,Spain,4.6,operating,2022.0,,,37.7615,-1.2035,exact,Región de Murcia,L100001053558,G100001061352,GEM Global Solar Power Tracker Feb-2026
Campo De Cartagena Y Mar Menor solar project XIII,--,,Spain,2.9,operating,2023.0,,,37.6364,-0.8921,exact,Región de Murcia,L100001053806,G100001061600,GEM Global Solar Power Tracker Feb-2026
Campo De Daroca solar project,--,,Spain,2.5,operating,2017.0,,,41.1366,-1.3578,exact,Aragón,L100001053133,G100001060927,GEM Global Solar Power Tracker Feb-2026
Campo De Gibraltar solar project,--,,Spain,17.1,operating,2017.0,,,36.1934,-5.4187,exact,Andalucía,L100001009418,G100001010788,GEM Global Solar Power Tracker Feb-2026
Campo De Gibraltar solar project I,--,,Spain,3.6,operating,2023.0,,,36.2012,-5.4532,exact,Andalucía,L100001052892,G100001060686,GEM Global Solar Power Tracker Feb-2026
Campo de Arañuelo solar farm,--,,Spain,300.0,construction,2026.0,Naturgy Energy Group,Naturgy Energy Group SA [100%],38.7653,-6.581,approximate,Extremadura,L100000824409,G100000827540,GEM Global Solar Power Tracker Feb-2026
Campollano solar project,--,,Spain,6.6,operating,2017.0,,,39.0105,-1.8954,exact,Castilla-La Mancha,L100001009095,G100001010465,GEM Global Solar Power Tracker Feb-2026
Campos (Spain) solar farm,--,,Spain,27.8,pre-construction,,,,38.8269,-1.6949,approximate,Castilla-La Mancha,L100001062236,G100001071471,GEM Global Solar Power Tracker Feb-2026
Campos 115 solar farm,--,,Spain,100.0,pre-construction,,,Gestiona Energías Renovables,38.0406,-1.3506,approximate,Región de Murcia,L100001005609,G100001006721,GEM Global Solar Power Tracker Feb-2026
Campos 259 solar farm,--,,Spain,259.0,pre-construction,,Gestiona Energías Renovables,,38.0428,-1.3635,approximate,Región de Murcia,L100000824410,G100000827541,GEM Global Solar Power Tracker Feb-2026
Campos Salados solar farm,--,,Spain,90.5,pre-construction,,,Renantis UK Ltd [100%],39.1358,-0.4555,approximate,Comunidad Valenciana,L100000824413,G100000827544,GEM Global Solar Power Tracker Feb-2026
Campos de Al-Andalus solar farm,1,,Spain,46.6,shelved - inferred 2 y,,Enel Green Power España,Endesa SA [100%],37.3723,-6.8806,approximate,Andalucía,L100001005210,G100001006167,GEM Global Solar Power Tracker Feb-2026
Campos de Al-Andalus solar farm,2,,Spain,50.0,shelved - inferred 2 y,,Enel Green Power España,Endesa SA [100%],37.3723,-6.8806,approximate,Andalucía,L100001005210,G100001006168,GEM Global Solar Power Tracker Feb-2026
Campos de Al-Andalus solar farm,3,,Spain,12.4,shelved - inferred 2 y,,Enel Green Power España,Endesa SA [100%],37.3723,-6.8806,approximate,Andalucía,L100001005210,G100001006169,GEM Global Solar Power Tracker Feb-2026
Campos de Levante solar farm,1,,Spain,100.0,pre-construction,,Renantis UK,Renantis UK Ltd [100%],39.4726,-0.7178,approximate,Comunidad Valenciana,L100000806340,G100000807278,GEM Global Solar Power Tracker Feb-2026
Campos de Zuloaga solar farm,--,Campos de Zuluaga solar farm,Spain,62.5,pre-construction,,Falck Renewables Power 2,Renantis SpA [100%],42.7828,-1.7346,approximate,Comunidad Foral de Navarra,L100000824411,G100000827542,GEM Global Solar Power Tracker Feb-2026
Campos del Condado solar farm,4,,Spain,57.3,pre-construction,,Arena Power Solar 33 SLU,Arena Power Solar 33 SLU [100%],37.4178,-6.801,approximate,Andalucía,L100000824412,G100000827543,GEM Global Solar Power Tracker Feb-2026
Campos del Condado solar farm,5,,Spain,23.4,pre-construction,,,Arena Power Solar 34 SLU [100%],37.4178,-6.801,approximate,Andalucía,L100000824412,G100001006165,GEM Global Solar Power Tracker Feb-2026
Campos del Condado solar farm,6,,Spain,61.2,pre-construction,,,Arena Power Solar 35 SLU [100%],37.4178,-6.801,approximate,Andalucía,L100000824412,G100001006164,GEM Global Solar Power Tracker Feb-2026
Campos del Rio solar project,--,,Spain,10.0,operating,2022.0,,,38.06,-1.341,exact,Región de Murcia,L100001009201,G100001010571,GEM Global Solar Power Tracker Feb-2026
Campos del Río solar farm,--,,Spain,49.4,pre-construction,,Amber Solar Power Veinticuatro,TotalEnergies SE [65%]; Soltec Energias Renovables SL [35%],38.028,-1.3265,approximate,Región de Murcia,L100001003182,G100001003648,GEM Global Solar Power Tracker Feb-2026
Campus Data Center CCGreen solar farm,--,,Spain,520.0,announced,2030.0,,Ingenostrum SL [100%],39.4697,-6.3791,approximate,Extremadura,L100000824414,G100000827545,GEM Global Solar Power Tracker Feb-2026
Canarias solar project I,--,,Spain,4.8,operating,2023.0,,,27.9216,-15.418,exact,Canarias,L100001052856,G100001060650,GEM Global Solar Power Tracker Feb-2026
Canarias solar project II,--,,Spain,2.8,operating,2024.0,,,27.9882,-15.409,exact,Canarias,L100001052863,G100001060657,GEM Global Solar Power Tracker Feb-2026
Canarias solar project III,--,,Spain,1.3,operating,2022.0,,,28.084,-16.6004,exact,Canarias,L100001052928,G100001060722,GEM Global Solar Power Tracker Feb-2026
Canarias solar project IV,--,,Spain,3.4,operating,2025.0,,,28.233,-14.1114,exact,Canarias,L100001052929,G100001060723,GEM Global Solar Power Tracker Feb-2026
Canarias solar project IX,--,,Spain,3.9,operating,2017.0,,,28.0706,-16.5123,exact,Canarias,L100001053261,G100001061055,GEM Global Solar Power Tracker Feb-2026
Canarias solar project V,--,,Spain,3.9,operating,2021.0,,,27.8038,-15.4497,exact,Canarias,L100001052946,G100001060740,GEM Global Solar Power Tracker Feb-2026
Canarias solar project VI,--,,Spain,5.0,operating,2023.0,,,27.976,-15.4125,exact,Canarias,L100001052971,G100001060765,GEM Global Solar Power Tracker Feb-2026
Canarias solar project VII,--,,Spain,1.1,operating,2022.0,,,28.9343,-13.6434,exact,Canarias,L100001052986,G100001060780,GEM Global Solar Power Tracker Feb-2026
Canarias solar project VIII,--,,Spain,2.5,operating,2017.0,,,27.8754,-15.4038,exact,Canarias,L100001053036,G100001060830,GEM Global Solar Power Tracker Feb-2026
Canarias solar project X,--,,Spain,2.0,operating,2021.0,,,27.8145,-15.4477,exact,Canarias,L100001053292,G100001061086,GEM Global Solar Power Tracker Feb-2026
Canarias solar project XI,--,,Spain,11.1,operating,2023.0,,,28.5133,-13.8826,exact,Canarias,L100001053308,G100001061102,GEM Global Solar Power Tracker Feb-2026
Canarias solar project XII,--,,Spain,1.5,operating,2024.0,,,28.2621,-14.0149,exact,Canarias,L100001053372,G100001061166,GEM Global Solar Power Tracker Feb-2026
Canarias solar project XIII,--,,Spain,5.2,operating,2023.0,,,27.7614,-15.6141,exact,Canarias,L100001053492,G100001061286,GEM Global Solar Power Tracker Feb-2026
Canarias solar project XIV,--,,Spain,11.8,operating,2022.0,,,27.8906,-15.4117,exact,Canarias,L100001053498,G100001061292,GEM Global Solar Power Tracker Feb-2026
Canarias solar project XIX,--,,Spain,1.5,operating,2023.0,,,28.006,-15.7904,exact,Canarias,L100001053801,G100001061595,GEM Global Solar Power Tracker Feb-2026
Canarias solar project XV,--,,Spain,1.9,operating,2023.0,,,28.5576,-17.887,exact,Canarias,L100001053500,G100001061294,GEM Global Solar Power Tracker Feb-2026
Canarias solar project XVI,--,,Spain,13.6,operating,2024.0,,,28.5186,-13.854,exact,Canarias,L100001053526,G100001061320,GEM Global Solar Power Tracker Feb-2026
Canarias solar project XVII,--,,Spain,2.7,operating,2022.0,,,27.9847,-15.3883,exact,Canarias,L100001053548,G100001061342,GEM Global Solar Power Tracker Feb-2026
Canarias solar project XVIII,--,,Spain,1.4,operating,2021.0,,,27.9297,-15.4097,exact,Canarias,L100001053763,G100001061557,GEM Global Solar Power Tracker Feb-2026
Cancillos solar farm,--,,Spain,82.6,pre-construction,,EDPR Renewable Energy Sources of Greece 1 Sole Proprietorship,,41.3473,-0.7809,approximate,Aragón,L100000824416,G100000827550,GEM Global Solar Power Tracker Feb-2026
Canes 1 solar farm,--,,Spain,50.0,pre-construction,,,Grenergy,40.2982,-2.9811,approximate,Castilla-La Mancha,L100001005462,G100001006501,GEM Global Solar Power Tracker Feb-2026
Canopus solar farm,--,,Spain,49.5,pre-construction,,Energía Inagotable de Canopus,Forestalia SL [100%],41.5957,0.1979,approximate,Aragón,L100000824417,G100000827551,GEM Global Solar Power Tracker Feb-2026
Canredondo solar farm,--,,Spain,22.0,operating,2022.0,Naturgy Energy Group,Naturgy Energy Group SA [100%],40.6345,-3.1744,approximate,Castilla-La Mancha,L100000824418,G100000827552,GEM Global Solar Power Tracker Feb-2026
Cantabria solar project,--,,Spain,1.2,operating,2025.0,,,43.3085,-3.4028,exact,Cantabria,L100001053774,G100001061568,GEM Global Solar Power Tracker Feb-2026
Cantillana solar project,--,,Spain,10.5,operating,2017.0,,,37.5896,-5.8166,exact,Andalucía,L100001009244,G100001010614,GEM Global Solar Power Tracker Feb-2026
Cantoria II solar project,--,,Spain,12.6,operating,2023.0,,,37.375,-2.244,exact,Andalucía,L100001009108,G100001010478,GEM Global Solar Power Tracker Feb-2026
Caoba (Spain) solar farm,--,,Spain,50.0,pre-construction,,Caoba Solar,Amarenco [100%],41.7794,-5.9074,approximate,Castilla y León,L100001004663,G100001005473,GEM Global Solar Power Tracker Feb-2026
Cap Blanc solar farm,--,,Spain,24.6,pre-construction,,,Energía Inagotable de Paventia SL [100%],41.5938,1.1408,approximate,Cataluña,L100001000952,G100001001320,GEM Global Solar Power Tracker Feb-2026
Caparacena 220 solar farm,--,,Spain,93.2,pre-construction,,,,37.289,-3.7849,approximate,Andalucía,L100001063703,G100001073227,GEM Global Solar Power Tracker Feb-2026
Caparacena 400 solar farm,--,,Spain,217.6,announced,,,Enel Green Power,37.3923,-3.5205,approximate,Andalucía,L100001005588,G100001006688,GEM Global Solar Power Tracker Feb-2026
Caparacena solar farm,--,,Spain,250.0,pre-construction,,,,37.0516,-3.878,approximate,Andalucía,L100001064020,G100001073623,GEM Global Solar Power Tracker Feb-2026
Capiruza II solar farm,--,,Spain,42.0,pre-construction,,,,38.7361,-1.9802,approximate,Castilla-La Mancha,L100001061866,G100001070953,GEM Global Solar Power Tracker Feb-2026
Capricornius solar farm,1,Solaria Cyl-Ma-I,Spain,25.0,operating,2021.0,Solaria Energía y Medio Ambiente,Solaria Energía y Medio Ambiente SA [100%],41.9813,-4.4237,approximate,Castilla y León,L100000805971,G100000806875,GEM Global Solar Power Tracker Feb-2026
Caramonte solar farm,--,,Spain,49.1,pre-construction,,,,41.091,-2.4222,approximate,Castilla y León,L100001063782,G100001073320,GEM Global Solar Power Tracker Feb-2026
Caravón solar farm,--,,Spain,70.0,pre-construction,,Caravón Solar,Ignis Energía SL [100%],40.7647,-3.1757,approximate,Castilla-La Mancha,L100000824420,G100000827554,GEM Global Solar Power Tracker Feb-2026
Carbeso solar farm,--,,Spain,44.4,pre-construction,,,Carbeso Solar SL [100%],41.6994,1.425,approximate,Cataluña,L100001000850,G100001001207,GEM Global Solar Power Tracker Feb-2026
Carbo solar farm,--,,Spain,81.4,pre-construction,,,Enel Green Power,37.5649,-4.2793,approximate,Andalucía,L100001005617,G100001006733,GEM Global Solar Power Tracker Feb-2026
Carina solar farm,10,,Spain,49.4,pre-construction,,,Solaria Promoción y Desarrollo Fotovoltaico SL [100%],40.0476,-3.8445,approximate,Castilla-La Mancha,L100000824421,G100000827557,GEM Global Solar Power Tracker Feb-2026
Carina solar farm,8,,Spain,49.4,pre-construction,,,Solaria Promoción y Desarrollo Fotovoltaico SL [100%],40.1775,-4.0326,approximate,Castilla-La Mancha,L100000824421,G100000827555,GEM Global Solar Power Tracker Feb-2026
Carina solar farm,9,,Spain,49.4,pre-construction,,,Solaria Promoción y Desarrollo Fotovoltaico SL [100%],40.0385,-3.8384,approximate,Castilla-La Mancha,L100000824421,G100000827556,GEM Global Solar Power Tracker Feb-2026
Carlit solar farm,--,,Spain,95.9,pre-construction,,Carlit Solar Spain,Carlit Solar Spain SL [100%],38.4433,-0.9258,approximate,Comunidad Valenciana,L100000824422,G100000827558,GEM Global Solar Power Tracker Feb-2026
Carmen solar farm,--,,Spain,60.0,pre-construction,,Green Tie Desarrollo SLU,,40.4325,-3.6799,approximate,Comunidad de Madrid,L100000824423,G100000827559,GEM Global Solar Power Tracker Feb-2026
Carmona (Q Energy) solar farm,1,,Spain,35.0,construction,2026.0,,Q Energy,37.4509,-5.6483,approximate,Andalucía,L100001063502,G100001072982,GEM Global Solar Power Tracker Feb-2026
Carmona (Q Energy) solar farm,2,,Spain,35.0,construction,2026.0,,Q Energy,37.4509,-5.6483,approximate,Andalucía,L100001063502,G100001072984,GEM Global Solar Power Tracker Feb-2026
Carmona (Q Energy) solar farm,3,,Spain,35.0,construction,2026.0,,Q Energy,37.4509,-5.6483,approximate,Andalucía,L100001063502,G100001072985,GEM Global Solar Power Tracker Feb-2026
Carmona solar farm,--,,Spain,400.0,pre-construction,,Bruc Iberia Energy Investment Partners,Bruc Iberia Energy Investment Partners [100%],37.3923,-5.9623,approximate,Andalucía,L100000824424,G100000827560,GEM Global Solar Power Tracker Feb-2026
Carmona solar project,--,,Spain,6.0,operating,2007.0,,,37.5189,-5.6592,exact,Andalucía,L100001009245,G100001010615,GEM Global Solar Power Tracker Feb-2026
Carmonita Ministerio solar farm,1,,Spain,159.0,operating,2024.0,Fotowatio Renewable Ventures (FRV),Fotowatio Renewable Ventures (FRV),39.1365,-6.3406,approximate,Extremadura,L100000824425,G100000827561,GEM Global Solar Power Tracker Feb-2026
Carmonita Ministerio solar farm,2,,Spain,159.0,operating,2024.0,Fotowatio Renewable Ventures (FRV),Fotowatio Renewable Ventures (FRV),39.1365,-6.3406,approximate,Extremadura,L100000824425,G100001006156,GEM Global Solar Power Tracker Feb-2026
Carmonita Ministerio solar farm,3,,Spain,159.0,operating,2024.0,Fotowatio Renewable Ventures (FRV),Fotowatio Renewable Ventures (FRV),39.1365,-6.3406,approximate,Extremadura,L100000824425,G100001006157,GEM Global Solar Power Tracker Feb-2026
Carmonita Norte solar farm,1,,Spain,46.0,operating,2024.0,Fotowatio Renewable Ventures (FRV),Fotowatio Renewable Ventures (FRV) BV [100%],39.1439,-6.2788,approximate,Extremadura,L100000824426,G100000827562,GEM Global Solar Power Tracker Feb-2026
Carmonita Norte solar farm,2,,Spain,46.0,operating,2024.0,Fotowatio Renewable Ventures (FRV),Fotowatio Renewable Ventures (FRV) BV [100%],39.1439,-6.2788,approximate,Extremadura,L100000824426,G100001006141,GEM Global Solar Power Tracker Feb-2026
Carmonita Norte solar farm,3,,Spain,23.0,operating,2024.0,Fotowatio Renewable Ventures (FRV),Fotowatio Renewable Ventures (FRV) BV [100%],39.1439,-6.2788,approximate,Extremadura,L100000824426,G100001006142,GEM Global Solar Power Tracker Feb-2026
Carmonita Sur solar farm,1,,Spain,35.0,operating,2024.0,Fotowatio Renewable Ventures (FRV),Fotowatio Renewable Ventures (FRV) BV [100%],39.1357,-6.3205,approximate,Extremadura,L100000824427,G100000827563,GEM Global Solar Power Tracker Feb-2026
Carmonita Sur solar farm,2,,Spain,35.0,operating,2024.0,Fotowatio Renewable Ventures (FRV),Fotowatio Renewable Ventures (FRV) BV [100%],39.1357,-6.3205,approximate,Extremadura,L100000824427,G100001006159,GEM Global Solar Power Tracker Feb-2026
Carmonita Sur solar farm,3,,Spain,35.0,operating,2024.0,Fotowatio Renewable Ventures (FRV),Fotowatio Renewable Ventures (FRV) BV [100%],39.1357,-6.3205,approximate,Extremadura,L100000824427,G100001006160,GEM Global Solar Power Tracker Feb-2026
Carolina Solar PV solar farm,--,,Spain,300.0,pre-construction,,,Shell Desarrollo 1 SLU [100%],40.097,-3.4477,approximate,Comunidad de Madrid,L100001004288,G100001005002,GEM Global Solar Power Tracker Feb-2026
Carolinas I solar project,--,,Spain,18.1,operating,2019.0,,,40.7102,-3.4046,exact,Castilla-La Mancha,L100001009181,G100001010551,GEM Global Solar Power Tracker Feb-2026
Carpio A solar project,--,,Spain,5.0,operating,2017.0,,,41.2361,-5.1499,exact,Castilla y León,L100001009274,G100001010644,GEM Global Solar Power Tracker Feb-2026
Carpio de Tajo solar farm,1,,Spain,50.0,operating,2019.0,Naturgy Energy Group,Naturgy Energy Group SA [100%],39.8457,-4.5275,exact,Castilla-La Mancha,L100000805905,G100000806792,GEM Global Solar Power Tracker Feb-2026
Carracorisa solar farm,--,,Spain,85.7,shelved - inferred 2 y,,Ardermer Itg,,41.3473,-0.7809,approximate,Aragón,L100000824429,G100000827565,GEM Global Solar Power Tracker Feb-2026
Carramolinos solar farm,--,,Spain,58.6,pre-construction,,Green Capital Power,,41.77,-4.2093,approximate,Castilla y León,L100000824430,G100000827566,GEM Global Solar Power Tracker Feb-2026
Carrascosa solar farm,--,,Spain,38.0,pre-construction,,Energías Eólicas de Cuenca,Iberdrola SA [100%],40.0023,-2.7193,approximate,Castilla-La Mancha,L100001003201,G100001003668,GEM Global Solar Power Tracker Feb-2026
Carrerada solar farm,--,,Spain,24.8,pre-construction,,,Energías Renovables de Gladiateur 28 SL [100%],41.7324,1.4253,approximate,Cataluña,L100001000898,G100001001259,GEM Global Solar Power Tracker Feb-2026
Carril solar farm,1,CSF Carril,Spain,360.0,pre-construction,,Desarrollos Fotovoltaicos Carril 400,RP Global [100%],37.521,-1.8351,exact,Región de Murcia,L100000805944,G100000806844,GEM Global Solar Power Tracker Feb-2026
Cartagena Campo De Cartagena Y Mar Menor solar project I,--,,Spain,4.4,operating,2024.0,,,37.6891,-0.9067,exact,Región de Murcia,L100001009661,G100001011031,GEM Global Solar Power Tracker Feb-2026
Cartagena Campo De Cartagena Y Mar Menor solar project II,--,,Spain,6.3,operating,2021.0,,,37.6552,-0.9422,exact,Región de Murcia,L100001010283,G100001011653,GEM Global Solar Power Tracker Feb-2026
Cartagena Campo De Cartagena Y Mar Menor solar project III,--,,Spain,5.2,operating,2019.0,,,37.6129,-0.9298,exact,Región de Murcia,L100001010417,G100001011787,GEM Global Solar Power Tracker Feb-2026
Cartagena Campo De Cartagena Y Mar Menor solar project IV,--,,Spain,2.5,operating,2022.0,,,37.6476,-0.896,exact,Región de Murcia,L100001052799,G100001060593,GEM Global Solar Power Tracker Feb-2026
Cartagena Campo De Cartagena Y Mar Menor solar project IX,--,,Spain,3.9,operating,2024.0,,,37.6317,-0.8379,exact,Región de Murcia,L100001053518,G100001061312,GEM Global Solar Power Tracker Feb-2026
Cartagena Campo De Cartagena Y Mar Menor solar project V,--,,Spain,3.3,operating,2023.0,,,37.6461,-1.0393,exact,Región de Murcia,L100001053306,G100001061100,GEM Global Solar Power Tracker Feb-2026
Cartagena Campo De Cartagena Y Mar Menor solar project VI,--,,Spain,1.0,operating,2021.0,,,37.7045,-0.8677,exact,Región de Murcia,L100001053419,G100001061213,GEM Global Solar Power Tracker Feb-2026
Cartagena Campo De Cartagena Y Mar Menor solar project VII,--,,Spain,2.1,operating,2024.0,,,37.617,-0.9239,exact,Región de Murcia,L100001053451,G100001061245,GEM Global Solar Power Tracker Feb-2026
Cartagena Campo De Cartagena Y Mar Menor solar project VIII,--,,Spain,3.5,operating,2021.0,,,37.6575,-1.0002,exact,Región de Murcia,L100001053489,G100001061283,GEM Global Solar Power Tracker Feb-2026
Cartagena solar farm,1,SABIC Cartagena,Spain,100.0,construction,,Iberdrola Renovables Energia,Iberdrola SA [100%],37.7063,-1.1009,exact,Región de Murcia,L100000805874,G100000806759,GEM Global Solar Power Tracker Feb-2026
Cartago A1 solar farm,Ampliación de Biacor,Cartago I,Spain,52.7,operating,2023.0,,Bruc Iberia Energy Investment Partners [100%],37.4583,-5.6408,approximate,Andalucía,L100000824431,G100001006146,GEM Global Solar Power Tracker Feb-2026
Cartago A1 solar farm,Don Rodrigo 3,Cartago I,Spain,52.7,operating,2023.0,,Bruc Iberia Energy Investment Partners [100%],37.4583,-5.6408,approximate,Andalucía,L100000824431,G100000827567,GEM Global Solar Power Tracker Feb-2026
Cartago A1 solar farm,Don Rodrigo 4,Cartago I,Spain,52.7,operating,2023.0,,Bruc Iberia Energy Investment Partners [100%],37.4583,-5.6408,approximate,Andalucía,L100000824431,G100001006144,GEM Global Solar Power Tracker Feb-2026
Cartago A1 solar farm,Don Rodrigo 5,Cartago I,Spain,52.7,operating,2023.0,,Bruc Iberia Energy Investment Partners [100%],37.4583,-5.6408,approximate,Andalucía,L100000824431,G100001006145,GEM Global Solar Power Tracker Feb-2026
Cartago A1 solar farm,Freya,Cartago I,Spain,52.7,operating,2023.0,,Bruc Iberia Energy Investment Partners [100%],37.4583,-5.6408,approximate,Andalucía,L100000824431,G100000827568,GEM Global Solar Power Tracker Feb-2026
Cartago A2 solar farm,Bianor,Cartago II,Spain,48.3,construction,,,Bruc Iberia Energy Investment Partners [100%],37.2404,-5.8357,approximate,Andalucía,L100001005202,G100001006148,GEM Global Solar Power Tracker Feb-2026
Cartago A2 solar farm,Don Rodrigo 2,Cartago II,Spain,48.3,construction,,,Bruc Iberia Energy Investment Partners [100%],37.2404,-5.8357,approximate,Andalucía,L100001005202,G100001006147,GEM Global Solar Power Tracker Feb-2026
Cartago A2 solar farm,Elvisa,Cartago II,Spain,58.0,construction,,,Bruc Iberia Energy Investment Partners [100%],37.2404,-5.8357,approximate,Andalucía,L100001005202,G100001006149,GEM Global Solar Power Tracker Feb-2026
Cartuja 1 solar farm,--,,Spain,36.0,pre-construction,,,,36.7269,-6.1326,approximate,Andalucía,L100001062010,G100001071131,GEM Global Solar Power Tracker Feb-2026
Cartuja 2 solar farm,--,,Spain,36.0,pre-construction,,,,36.7101,-6.1604,approximate,Andalucía,L100001061940,G100001071046,GEM Global Solar Power Tracker Feb-2026
Cartuja 3 solar farm,--,,Spain,36.0,pre-construction,,,,36.6912,-6.1597,approximate,Andalucía,L100001061992,G100001071112,GEM Global Solar Power Tracker Feb-2026
Cartuja solar farm,--,,Spain,46.8,operating,2021.0,Abei Energy,Commerz Real AG [100%],36.5806,-6.1079,exact,Andalucía,L100000824432,G100000827569,GEM Global Solar Power Tracker Feb-2026
Cartujano I solar farm,--,,Spain,50.0,pre-construction,,,,36.7282,-6.0123,exact,Andalucía,L100001061642,G100001070660,GEM Global Solar Power Tracker Feb-2026
Carucedo solar farm,--,,Spain,100.0,shelved,,Carucedo Solar,Ignis Energía SL [100%],39.8615,-4.0281,approximate,Castilla-La Mancha,L100000824433,G100000827570,GEM Global Solar Power Tracker Feb-2026
Casa Mosen solar farm,--,,Spain,46.8,pre-construction,,,,38.506,-0.9194,approximate,Comunidad Valenciana,L100001062419,G100001071691,GEM Global Solar Power Tracker Feb-2026
Casa Valdes solar farm,--,,Spain,44.0,operating,2023.0,RWE,RWE AG [100%],40.541,-3.1913,exact,Castilla-La Mancha,L100000824435,G100000827572,GEM Global Solar Power Tracker Feb-2026
Casa de Cascos solar farm,--,,Spain,173.7,shelved - inferred 2 y,,,,38.791,-5.6362,approximate,Extremadura,L100000824434,G100000827571,GEM Global Solar Power Tracker Feb-2026
Casa del Aire I Hybrid solar farm,--,,Spain,49.4,pre-construction,,,,39.029,-1.8637,approximate,Castilla-La Mancha,L100001061694,G100001070734,GEM Global Solar Power Tracker Feb-2026
Casa del Aire II Hybrid solar farm,--,,Spain,54.6,pre-construction,,,,38.9527,-1.8629,approximate,Castilla-La Mancha,L100001061692,G100001070730,GEM Global Solar Power Tracker Feb-2026
Casablanca CSP solar farm,--,Casablanca Talarrubias,Spain,49.9,operating,2013.0,,Cobra Group [100%],39.2416,-5.3117,exact,Extremadura,L100000824436,G100000827573,GEM Global Solar Power Tracker Feb-2026
Casafuerte solar farm,1,,Spain,43.6,construction,,,Aresol Renovables,42.4927,-2.8703,exact,La Rioja,L100001062643,G100001071946,GEM Global Solar Power Tracker Feb-2026
Casafuerte solar farm,2,,Spain,46.0,construction,,,Aresol Renovables,42.4884,-2.8549,exact,La Rioja,L100001062643,G100001092050,GEM Global Solar Power Tracker Feb-2026
Casafuerte solar farm,3,,Spain,35.5,construction,,,Aresol Renovables,42.4554,-2.8411,exact,La Rioja,L100001062643,G100001092051,GEM Global Solar Power Tracker Feb-2026
Casafuerte solar farm,4,,Spain,37.5,construction,,,Aresol Renovables,42.448,-2.8576,exact,La Rioja,L100001062643,G100001092052,GEM Global Solar Power Tracker Feb-2026
Casafuerte solar farm,5,,Spain,10.6,construction,,,Aresol Renovables,42.4555,-2.89,exact,La Rioja,L100001062643,G100001092053,GEM Global Solar Power Tracker Feb-2026
Casafuerte solar farm,6,,Spain,48.4,construction,,,Aresol Renovables,42.4607,-2.851,exact,La Rioja,L100001062643,G100001092054,GEM Global Solar Power Tracker Feb-2026
Casafuerte solar farm,7,,Spain,48.4,construction,,,Aresol Renovables,42.4471,-2.9139,exact,La Rioja,L100001062643,G100001092055,GEM Global Solar Power Tracker Feb-2026
Casafuerte solar farm,8,,Spain,35.5,construction,,,Aresol Renovables,42.4815,-2.9447,exact,La Rioja,L100001062643,G100001092056,GEM Global Solar Power Tracker Feb-2026
Casafuerte solar farm,9,,Spain,35.5,construction,,,Aresol Renovables,42.4663,-2.9356,exact,La Rioja,L100001062643,G100001092057,GEM Global Solar Power Tracker Feb-2026
Casares solar farm,1,,Spain,27.0,pre-construction,,,,36.4179,-5.2523,approximate,Andalucía,L100001061674,G100001070707,GEM Global Solar Power Tracker Feb-2026
Casares solar farm,2,,Spain,27.0,pre-construction,,,,36.4179,-5.2523,approximate,Andalucía,L100001061674,G100001070709,GEM Global Solar Power Tracker Feb-2026
Casares solar farm,3,,Spain,26.0,pre-construction,,,,36.4179,-5.2523,approximate,Andalucía,L100001061674,G100001070710,GEM Global Solar Power Tracker Feb-2026
Casas De Los Pinos solar farm,1,,Spain,28.0,operating,2008.0,,Renovalia Energy Group [100%],39.275,-2.4095,exact,Castilla-La Mancha,L100000806724,G100000807701,GEM Global Solar Power Tracker Feb-2026
Casas Ibañez solar project,--,,Spain,6.9,operating,2023.0,,,39.2711,-1.469,exact,Castilla-La Mancha,L100001009096,G100001010466,GEM Global Solar Power Tracker Feb-2026
Casas de Don Pedro solar farm,1,PSF Casas de Don Pedro,Spain,39.2,construction,2026.0,,Haz de los Girasoles SLU [100%],39.0146,-3.3721,approximate,Castilla-La Mancha,L100000824437,G100000827574,GEM Global Solar Power Tracker Feb-2026
Casas de Don Pedro solar farm,2,PSF Casas de Don Pedro,Spain,30.0,shelved,,,Serge Energia SLU [100%],39.0146,-3.3721,approximate,Castilla-La Mancha,L100000824437,G100000827575,GEM Global Solar Power Tracker Feb-2026
Casas de Don Pedro solar project,--,,Spain,16.5,operating,2023.0,,,39.1157,-5.3346,exact,Extremadura,L100001009119,G100001010489,GEM Global Solar Power Tracker Feb-2026
Casatejada solar project,--,,Spain,11.4,operating,2009.0,,,39.883,-5.667,exact,Extremadura,L100001009137,G100001010507,GEM Global Solar Power Tracker Feb-2026
Casetona solar farm,--,,Spain,27.7,operating,,Sistemas Energéticos Jaralón,Iberdrola SA [100%],42.1523,-4.1422,approximate,Castilla y León,L100001004498,G100001005272,GEM Global Solar Power Tracker Feb-2026
Castano solar farm,--,,Spain,134.0,operating,2025.0,,ib vogt gmbH,40.9113,-4.2466,exact,Castilla y León,L100001007662,G100001008888,GEM Global Solar Power Tracker Feb-2026
Castejon solar project,--,,Spain,6.2,operating,2017.0,,,42.1521,-1.6572,exact,Comunidad Foral de Navarra,L100001009223,G100001010593,GEM Global Solar Power Tracker Feb-2026
Castellfollit solar farm,--,,Spain,43.8,pre-construction,,,Xaloc Solar SL [100%],41.6661,1.6818,approximate,Cataluña,L100001000855,G100001001212,GEM Global Solar Power Tracker Feb-2026
Castellón hydrogen solar farm,--,,Spain,40.0,shelved - inferred 2 y,,,Enagás SA; Iberdrola SA,40.2777,-0.2324,approximate,Comunidad Valenciana,L100001007629,G100001008823,GEM Global Solar Power Tracker Feb-2026
Castelnou solar project,--,,Spain,4.9,operating,2017.0,,,41.2209,-0.3016,exact,Aragón,L100001009254,G100001010624,GEM Global Solar Power Tracker Feb-2026
Castilblanco solar farm,--,,Spain,42.9,operating,2019.0,Enel Green Power,Enel Green Power SpA [100%],39.2857,-5.0957,approximate,Extremadura,L100000824438,G100000827576,GEM Global Solar Power Tracker Feb-2026
Castile And León solar project C,--,,Spain,3.6,operating,2017.0,,,41.0549,-4.748,exact,Castilla y León,L100001010009,G100001011379,GEM Global Solar Power Tracker Feb-2026
Castile And León solar project CC,--,,Spain,1.4,operating,2017.0,,,41.9475,-5.201,exact,Castilla y León,L100001052997,G100001060791,GEM Global Solar Power Tracker Feb-2026
Castile And León solar project CCC,--,,Spain,8.2,operating,2017.0,,,41.7163,-5.2617,exact,Castilla y León,L100001053543,G100001061337,GEM Global Solar Power Tracker Feb-2026
Castile And León solar project CCCI,--,,Spain,2.3,operating,2017.0,,,41.5646,-5.6493,exact,Castilla y León,L100001053551,G100001061345,GEM Global Solar Power Tracker Feb-2026
Castile And León solar project CCCII,--,,Spain,1.3,operating,2025.0,,,42.5313,-5.4174,exact,Castilla y León,L100001053556,G100001061350,GEM Global Solar Power Tracker Feb-2026
Castile And León solar project CCCIII,--,,Spain,1.7,operating,2024.0,,,41.9785,-5.6065,exact,Castilla y León,L100001053557,G100001061351,GEM Global Solar Power Tracker Feb-2026
Castile And León solar project CCCIV,--,,Spain,6.1,operating,2024.0,,,42.3846,-5.8115,exact,Castilla y León,L100001053560,G100001061354,GEM Global Solar Power Tracker Feb-2026
Castile And León solar project CCCIX,--,,Spain,2.0,operating,2025.0,,,40.9908,-4.2894,exact,Castilla y León,L100001053578,G100001061372,GEM Global Solar Power Tracker Feb-2026
Castile And León solar project CCCL,--,,Spain,2.2,operating,2025.0,,,40.7162,-6.1512,exact,Castilla y León,L100001053826,G100001061620,GEM Global Solar Power Tracker Feb-2026
Castile And León solar project CCCLI,--,,Spain,3.2,operating,2024.0,,,41.2342,-6.4261,exact,Castilla y León,L100001053832,G100001061626,GEM Global Solar Power Tracker Feb-2026
Castile And León solar project CCCLII,--,,Spain,2.3,operating,2025.0,,,41.969,-4.7515,exact,Castilla y León,L100001053837,G100001061631,GEM Global Solar Power Tracker Feb-2026
Castile And León solar project CCCLIII,--,,Spain,1.1,operating,2024.0,,,41.8365,-2.0264,exact,Castilla y León,L100001053853,G100001061647,GEM Global Solar Power Tracker Feb-2026
Castile And León solar project CCCLIV,--,,Spain,1.1,operating,2018.0,,,41.0246,-4.7388,exact,Castilla y León,L100001053856,G100001061650,GEM Global Solar Power Tracker Feb-2026
Castile And León solar project CCCLV,--,,Spain,1.3,operating,2025.0,,,41.373,-6.0814,exact,Castilla y León,L100001053857,G100001061651,GEM Global Solar Power Tracker Feb-2026
Castile And León solar project CCCV,--,,Spain,1.0,operating,2020.0,,,42.6613,-4.3917,exact,Castilla y León,L100001053565,G100001061359,GEM Global Solar Power Tracker Feb-2026
Castile And León solar project CCCVI,--,,Spain,3.4,operating,2023.0,,,42.3325,-5.8933,exact,Castilla y León,L100001053570,G100001061364,GEM Global Solar Power Tracker Feb-2026
Castile And León solar project CCCVII,--,,Spain,2.7,operating,2019.0,,,41.3195,-6.3011,exact,Castilla y León,L100001053575,G100001061369,GEM Global Solar Power Tracker Feb-2026
Castile And León solar project CCCVIII,--,,Spain,1.0,operating,2025.0,,,41.7334,-6.2938,exact,Castilla y León,L100001053577,G100001061371,GEM Global Solar Power Tracker Feb-2026
Castile And León solar project CCCX,--,,Spain,3.3,operating,2021.0,,,42.7998,-5.6145,exact,Castilla y León,L100001053580,G100001061374,GEM Global Solar Power Tracker Feb-2026
Castile And León solar project CCCXI,--,,Spain,2.4,operating,2023.0,,,41.3283,-4.3968,exact,Castilla y León,L100001053586,G100001061380,GEM Global Solar Power Tracker Feb-2026
Castile And León solar project CCCXII,--,,Spain,1.2,operating,2024.0,,,42.2455,-4.9677,exact,Castilla y León,L100001053589,G100001061383,GEM Global Solar Power Tracker Feb-2026
Castile And León solar project CCCXIII,--,,Spain,1.1,operating,2017.0,,,41.0234,-5.0095,exact,Castilla y León,L100001053592,G100001061386,GEM Global Solar Power Tracker Feb-2026
Castile And León solar project CCCXIV,--,,Spain,1.1,operating,2023.0,,,41.1722,-4.4916,exact,Castilla y León,L100001053600,G100001061394,GEM Global Solar Power Tracker Feb-2026
Castile And León solar project CCCXIX,--,,Spain,1.1,operating,2023.0,,,42.5213,-5.6922,exact,Castilla y León,L100001053623,G100001061417,GEM Global Solar Power Tracker Feb-2026
Castile And León solar project CCCXL,--,,Spain,1.7,operating,2023.0,,,42.5206,-5.7381,exact,Castilla y León,L100001053777,G100001061571,GEM Global Solar Power Tracker Feb-2026
Castile And León solar project CCCXLI,--,,Spain,10.9,operating,2024.0,,,42.0105,-3.267,exact,Castilla y León,L100001053778,G100001061572,GEM Global Solar Power Tracker Feb-2026
Castile And León solar project CCCXLII,--,,Spain,1.1,operating,2024.0,,,41.205,-4.2474,exact,Castilla y León,L100001053789,G100001061583,GEM Global Solar Power Tracker Feb-2026
Castile And León solar project CCCXLIII,--,,Spain,1.9,operating,2022.0,,,42.4989,-5.6307,exact,Castilla y León,L100001053804,G100001061598,GEM Global Solar Power Tracker Feb-2026
Castile And León solar project CCCXLIV,--,,Spain,8.8,operating,2022.0,,,41.4356,-5.4243,exact,Castilla y León,L100001053805,G100001061599,GEM Global Solar Power Tracker Feb-2026
Castile And León solar project CCCXLIX,--,,Spain,3.5,operating,2024.0,,,41.88,-4.3915,exact,Castilla y León,L100001053825,G100001061619,GEM Global Solar Power Tracker Feb-2026
Castile And León solar project CCCXLV,--,,Spain,2.0,operating,2024.0,,,40.9839,-5.719,exact,Castilla y León,L100001053814,G100001061608,GEM Global Solar Power Tracker Feb-2026
Castile And León solar project CCCXLVI,--,,Spain,1.8,operating,2023.0,,,41.5424,-5.7806,exact,Castilla y León,L100001053816,G100001061610,GEM Global Solar Power Tracker Feb-2026
Castile And León solar project CCCXLVII,--,,Spain,1.2,operating,2024.0,,,40.9774,-6.8318,exact,Castilla y León,L100001053820,G100001061614,GEM Global Solar Power Tracker Feb-2026
Castile And León solar project CCCXLVIII,--,,Spain,1.3,operating,2019.0,,,41.7249,-2.4792,exact,Castilla y León,L100001053821,G100001061615,GEM Global Solar Power Tracker Feb-2026
Castile And León solar project CCCXV,--,,Spain,1.5,operating,2023.0,,,41.8869,-2.1514,exact,Castilla y León,L100001053603,G100001061397,GEM Global Solar Power Tracker Feb-2026
Castile And León solar project CCCXVI,--,,Spain,1.3,operating,2023.0,,,41.7228,-5.235,exact,Castilla y León,L100001053612,G100001061406,GEM Global Solar Power Tracker Feb-2026
Castile And León solar project CCCXVII,--,,Spain,1.2,operating,2022.0,,,41.3196,-5.1617,exact,Castilla y León,L100001053616,G100001061410,GEM Global Solar Power Tracker Feb-2026
Castile And León solar project CCCXVIII,--,,Spain,1.3,operating,2017.0,,,41.0124,-4.1602,exact,Castilla y León,L100001053617,G100001061411,GEM Global Solar Power Tracker Feb-2026
Castile And León solar project CCCXX,--,,Spain,1.1,operating,2023.0,,,42.251,-4.5831,exact,Castilla y León,L100001053629,G100001061423,GEM Global Solar Power Tracker Feb-2026
Castile And León solar project CCCXXI,--,,Spain,2.2,operating,2017.0,,,41.4581,-5.7159,exact,Castilla y León,L100001053637,G100001061431,GEM Global Solar Power Tracker Feb-2026
Castile And León solar project CCCXXII,--,,Spain,1.9,operating,2025.0,,,41.5339,-5.0794,exact,Castilla y León,L100001053642,G100001061436,GEM Global Solar Power Tracker Feb-2026
Castile And León solar project CCCXXIII,--,,Spain,4.6,operating,2024.0,,,42.4172,-4.2994,exact,Castilla y León,L100001053643,G100001061437,GEM Global Solar Power Tracker Feb-2026
Castile And León solar project CCCXXIV,--,,Spain,1.0,operating,2020.0,,,42.4003,-3.2116,exact,Castilla y León,L100001053647,G100001061441,GEM Global Solar Power Tracker Feb-2026
Castile And León solar project CCCXXIX,--,,Spain,1.3,operating,2017.0,,,41.6536,-4.8685,exact,Castilla y León,L100001053682,G100001061476,GEM Global Solar Power Tracker Feb-2026
Castile And León solar project CCCXXV,--,,Spain,1.1,operating,2025.0,,,41.9246,-5.0118,exact,Castilla y León,L100001053660,G100001061454,GEM Global Solar Power Tracker Feb-2026
Castile And León solar project CCCXXVI,--,,Spain,1.9,operating,2025.0,,,42.8431,-4.3178,exact,Castilla y León,L100001053667,G100001061461,GEM Global Solar Power Tracker Feb-2026
Castile And León solar project CCCXXVII,--,,Spain,1.4,operating,2025.0,,,42.4116,-6.1203,exact,Castilla y León,L100001053671,G100001061465,GEM Global Solar Power Tracker Feb-2026
Castile And León solar project CCCXXVIII,--,,Spain,1.4,operating,2025.0,,,41.0802,-5.0942,exact,Castilla y León,L100001053674,G100001061468,GEM Global Solar Power Tracker Feb-2026
Castile And León solar project CCCXXX,--,,Spain,1.4,operating,2025.0,,,41.5699,-5.6453,exact,Castilla y León,L100001053686,G100001061480,GEM Global Solar Power Tracker Feb-2026
Castile And León solar project CCCXXXI,--,,Spain,1.9,operating,2023.0,,,41.6635,-3.7249,exact,Castilla y León,L100001053689,G100001061483,GEM Global Solar Power Tracker Feb-2026
Castile And León solar project CCCXXXII,--,,Spain,1.4,operating,2024.0,,,41.5149,-5.0535,exact,Castilla y León,L100001053696,G100001061490,GEM Global Solar Power Tracker Feb-2026
Castile And León solar project CCCXXXIII,--,,Spain,2.9,operating,2025.0,,,40.5853,-6.5032,exact,Castilla y León,L100001053705,G100001061499,GEM Global Solar Power Tracker Feb-2026
Castile And León solar project CCCXXXIV,--,,Spain,2.6,operating,2017.0,,,41.5881,-5.4229,exact,Castilla y León,L100001053712,G100001061506,GEM Global Solar Power Tracker Feb-2026
Castile And León solar project CCCXXXIX,--,,Spain,1.1,operating,2025.0,,,42.4989,-5.8077,exact,Castilla y León,L100001053761,G100001061555,GEM Global Solar Power Tracker Feb-2026
Castile And León solar project CCCXXXV,--,,Spain,1.5,operating,2021.0,,,42.3414,-3.6195,exact,Castilla y León,L100001053717,G100001061511,GEM Global Solar Power Tracker Feb-2026
Castile And León solar project CCCXXXVI,--,,Spain,1.0,operating,2023.0,,,42.4101,-4.6555,exact,Castilla y León,L100001053735,G100001061529,GEM Global Solar Power Tracker Feb-2026
Castile And León solar project CCCXXXVII,--,,Spain,1.1,operating,2021.0,,,41.6087,-4.4439,exact,Castilla y León,L100001053739,G100001061533,GEM Global Solar Power Tracker Feb-2026
Castile And León solar project CCCXXXVIII,--,,Spain,1.7,operating,2022.0,,,41.6822,-4.685,exact,Castilla y León,L100001053758,G100001061552,GEM Global Solar Power Tracker Feb-2026
Castile And León solar project CCI,--,,Spain,1.0,operating,2017.0,,,41.3142,-4.5181,exact,Castilla y León,L100001053003,G100001060797,GEM Global Solar Power Tracker Feb-2026
Castile And León solar project CCII,--,,Spain,6.0,operating,2025.0,,,41.4632,-5.6332,exact,Castilla y León,L100001053008,G100001060802,GEM Global Solar Power Tracker Feb-2026
Castile And León solar project CCIII,--,,Spain,1.0,operating,2017.0,,,42.4677,-5.3725,exact,Castilla y León,L100001053011,G100001060805,GEM Global Solar Power Tracker Feb-2026
Castile And León solar project CCIV,--,,Spain,1.3,operating,2017.0,,,41.3884,-4.6902,exact,Castilla y León,L100001053019,G100001060813,GEM Global Solar Power Tracker Feb-2026
Castile And León solar project CCIX,--,,Spain,1.7,operating,2022.0,,,41.4476,-4.3714,exact,Castilla y León,L100001053053,G100001060847,GEM Global Solar Power Tracker Feb-2026
Castile And León solar project CCL,--,,Spain,1.4,operating,2017.0,,,41.2483,-4.705,exact,Castilla y León,L100001053248,G100001061042,GEM Global Solar Power Tracker Feb-2026
Castile And León solar project CCLI,--,,Spain,2.9,operating,2021.0,,,42.5838,-5.8694,exact,Castilla y León,L100001053250,G100001061044,GEM Global Solar Power Tracker Feb-2026
Castile And León solar project CCLII,--,,Spain,1.2,operating,2023.0,,,41.5436,-5.7479,exact,Castilla y León,L100001053251,G100001061045,GEM Global Solar Power Tracker Feb-2026
Castile And León solar project CCLIII,--,,Spain,1.9,operating,2019.0,,,40.3633,-5.514,exact,Castilla y León,L100001053258,G100001061052,GEM Global Solar Power Tracker Feb-2026
Castile And León solar project CCLIV,--,,Spain,9.4,operating,2017.0,,,41.4132,-6.1499,exact,Castilla y León,L100001053265,G100001061059,GEM Global Solar Power Tracker Feb-2026
Castile And León solar project CCLIX,--,,Spain,1.9,operating,2017.0,,,41.5504,-5.0739,exact,Castilla y León,L100001053295,G100001061089,GEM Global Solar Power Tracker Feb-2026
Castile And León solar project CCLV,--,,Spain,1.3,operating,2017.0,,,41.0738,-4.5384,exact,Castilla y León,L100001053268,G100001061062,GEM Global Solar Power Tracker Feb-2026
Castile And León solar project CCLVI,--,,Spain,1.0,operating,2017.0,,,41.3463,-5.1803,exact,Castilla y León,L100001053279,G100001061073,GEM Global Solar Power Tracker Feb-2026
Castile And León solar project CCLVII,--,,Spain,1.3,operating,2023.0,,,40.8815,-5.3894,exact,Castilla y León,L100001053291,G100001061085,GEM Global Solar Power Tracker Feb-2026
Castile And León solar project CCLVIII,--,,Spain,2.8,operating,2017.0,,,41.8496,-4.8881,exact,Castilla y León,L100001053294,G100001061088,GEM Global Solar Power Tracker Feb-2026
Castile And León solar project CCLX,--,,Spain,4.9,operating,2023.0,,,41.5398,-4.675,exact,Castilla y León,L100001053298,G100001061092,GEM Global Solar Power Tracker Feb-2026
Castile And León solar project CCLXI,--,,Spain,1.0,operating,2022.0,,,40.5939,-4.9688,exact,Castilla y León,L100001053301,G100001061095,GEM Global Solar Power Tracker Feb-2026
Castile And León solar project CCLXII,--,,Spain,1.5,operating,2021.0,,,42.176,-3.9588,exact,Castilla y León,L100001053303,G100001061097,GEM Global Solar Power Tracker Feb-2026
Castile And León solar project CCLXIII,--,,Spain,1.2,operating,2023.0,,,41.7018,-4.83,exact,Castilla y León,L100001053311,G100001061105,GEM Global Solar Power Tracker Feb-2026
Castile And León solar project CCLXIV,--,,Spain,1.4,operating,2025.0,,,41.1361,-6.1116,exact,Castilla y León,L100001053313,G100001061107,GEM Global Solar Power Tracker Feb-2026
Castile And León solar project CCLXIX,--,,Spain,1.2,operating,2020.0,,,41.5983,-4.105,exact,Castilla y León,L100001053337,G100001061131,GEM Global Solar Power Tracker Feb-2026
Castile And León solar project CCLXV,--,,Spain,1.3,operating,2023.0,,,42.5102,-5.7488,exact,Castilla y León,L100001053315,G100001061109,GEM Global Solar Power Tracker Feb-2026
Castile And León solar project CCLXVI,--,,Spain,3.2,operating,2025.0,,,41.4878,-5.6193,exact,Castilla y León,L100001053316,G100001061110,GEM Global Solar Power Tracker Feb-2026
Castile And León solar project CCLXVII,--,,Spain,2.1,operating,2024.0,,,42.2187,-4.0032,exact,Castilla y León,L100001053324,G100001061118,GEM Global Solar Power Tracker Feb-2026
Castile And León solar project CCLXVIII,--,,Spain,1.7,operating,2023.0,,,41.7105,-2.0466,exact,Castilla y León,L100001053325,G100001061119,GEM Global Solar Power Tracker Feb-2026
Castile And León solar project CCLXX,--,,Spain,1.2,operating,2017.0,,,40.7339,-5.5227,exact,Castilla y León,L100001053342,G100001061136,GEM Global Solar Power Tracker Feb-2026
Castile And León solar project CCLXXI,--,,Spain,3.7,operating,2023.0,,,41.8263,-4.5851,exact,Castilla y León,L100001053343,G100001061137,GEM Global Solar Power Tracker Feb-2026
Castile And León solar project CCLXXII,--,,Spain,2.0,operating,2023.0,,,41.2694,-3.9239,exact,Castilla y León,L100001053354,G100001061148,GEM Global Solar Power Tracker Feb-2026
Castile And León solar project CCLXXIII,--,,Spain,5.6,operating,2017.0,,,42.6059,-5.5116,exact,Castilla y León,L100001053355,G100001061149,GEM Global Solar Power Tracker Feb-2026
Castile And León solar project CCLXXIV,--,,Spain,1.0,operating,2017.0,,,42.3595,-4.2282,exact,Castilla y León,L100001053367,G100001061161,GEM Global Solar Power Tracker Feb-2026
Castile And León solar project CCLXXIX,--,,Spain,3.2,operating,2023.0,,,42.1052,-5.2241,exact,Castilla y León,L100001053386,G100001061180,GEM Global Solar Power Tracker Feb-2026
Castile And León solar project CCLXXV,--,,Spain,3.0,operating,2017.0,,,41.0504,-4.7537,exact,Castilla y León,L100001053371,G100001061165,GEM Global Solar Power Tracker Feb-2026
Castile And León solar project CCLXXVI,--,,Spain,1.4,operating,2025.0,,,41.5078,-4.9295,exact,Castilla y León,L100001053373,G100001061167,GEM Global Solar Power Tracker Feb-2026
Castile And León solar project CCLXXVII,--,,Spain,1.1,operating,2020.0,,,41.0761,-4.7292,exact,Castilla y León,L100001053379,G100001061173,GEM Global Solar Power Tracker Feb-2026
Castile And León solar project CCLXXVIII,--,,Spain,6.4,operating,2017.0,,,41.0245,-4.8116,exact,Castilla y León,L100001053382,G100001061176,GEM Global Solar Power Tracker Feb-2026
Castile And León solar project CCLXXX,--,,Spain,1.1,operating,2025.0,,,42.0434,-4.9055,exact,Castilla y León,L100001053393,G100001061187,GEM Global Solar Power Tracker Feb-2026
Castile And León solar project CCLXXXI,--,,Spain,1.1,operating,2017.0,,,41.3143,-5.2049,exact,Castilla y León,L100001053414,G100001061208,GEM Global Solar Power Tracker Feb-2026
Castile And León solar project CCLXXXII,--,,Spain,1.9,operating,2025.0,,,42.4877,-3.1539,exact,Castilla y León,L100001053447,G100001061241,GEM Global Solar Power Tracker Feb-2026
Castile And León solar project CCLXXXIII,--,,Spain,2.9,operating,2025.0,,,41.2043,-4.8085,exact,Castilla y León,L100001053452,G100001061246,GEM Global Solar Power Tracker Feb-2026
Castile And León solar project CCLXXXIV,--,,Spain,4.0,operating,2023.0,,,41.5403,-5.7234,exact,Castilla y León,L100001053467,G100001061261,GEM Global Solar Power Tracker Feb-2026
Castile And León solar project CCLXXXIX,--,,Spain,1.2,operating,2022.0,,,42.3475,-4.2223,exact,Castilla y León,L100001053488,G100001061282,GEM Global Solar Power Tracker Feb-2026
Castile And León solar project CCLXXXV,--,,Spain,1.4,operating,2017.0,,,40.9001,-4.9762,exact,Castilla y León,L100001053468,G100001061262,GEM Global Solar Power Tracker Feb-2026
Castile And León solar project CCLXXXVI,--,,Spain,6.9,operating,2024.0,,,40.9664,-5.4377,exact,Castilla y León,L100001053482,G100001061276,GEM Global Solar Power Tracker Feb-2026
Castile And León solar project CCLXXXVII,--,,Spain,1.1,operating,2025.0,,,41.967,-5.6371,exact,Castilla y León,L100001053486,G100001061280,GEM Global Solar Power Tracker Feb-2026
Castile And León solar project CCLXXXVIII,--,,Spain,7.9,operating,2022.0,,,41.5529,-3.0826,exact,Castilla y León,L100001053487,G100001061281,GEM Global Solar Power Tracker Feb-2026
Castile And León solar project CCV,--,,Spain,1.7,operating,2017.0,,,40.9099,-6.4102,exact,Castilla y León,L100001053028,G100001060822,GEM Global Solar Power Tracker Feb-2026
Castile And León solar project CCVI,--,,Spain,1.2,operating,2018.0,,,41.3394,-4.4342,exact,Castilla y León,L100001053029,G100001060823,GEM Global Solar Power Tracker Feb-2026
Castile And León solar project CCVII,--,,Spain,4.2,operating,2023.0,,,41.6373,-4.8248,exact,Castilla y León,L100001053035,G100001060829,GEM Global Solar Power Tracker Feb-2026
Castile And León solar project CCVIII,--,,Spain,1.5,operating,2023.0,,,40.6992,-6.133,exact,Castilla y León,L100001053043,G100001060837,GEM Global Solar Power Tracker Feb-2026
Castile And León solar project CCX,--,,Spain,3.5,operating,2025.0,,,42.4381,-6.1033,exact,Castilla y León,L100001053060,G100001060854,GEM Global Solar Power Tracker Feb-2026
Castile And León solar project CCXC,--,,Spain,1.0,operating,2023.0,,,40.4523,-4.5843,exact,Castilla y León,L100001053493,G100001061287,GEM Global Solar Power Tracker Feb-2026
Castile And León solar project CCXCI,--,,Spain,1.4,operating,2023.0,,,40.7883,-4.4079,exact,Castilla y León,L100001053494,G100001061288,GEM Global Solar Power Tracker Feb-2026
Castile And León solar project CCXCII,--,,Spain,1.1,operating,2023.0,,,40.7489,-5.5777,exact,Castilla y León,L100001053496,G100001061290,GEM Global Solar Power Tracker Feb-2026
Castile And León solar project CCXCIII,--,,Spain,1.0,operating,2018.0,,,42.1203,-3.713,exact,Castilla y León,L100001053507,G100001061301,GEM Global Solar Power Tracker Feb-2026
Castile And León solar project CCXCIV,--,,Spain,1.2,operating,2025.0,,,42.7189,-4.2718,exact,Castilla y León,L100001053517,G100001061311,GEM Global Solar Power Tracker Feb-2026
Castile And León solar project CCXCIX,--,,Spain,1.2,operating,2020.0,,,41.5848,-3.2346,exact,Castilla y León,L100001053539,G100001061333,GEM Global Solar Power Tracker Feb-2026
Castile And León solar project CCXCV,--,,Spain,1.4,operating,2022.0,,,41.4681,-5.3151,exact,Castilla y León,L100001053519,G100001061313,GEM Global Solar Power Tracker Feb-2026
Castile And León solar project CCXCVI,--,,Spain,1.4,operating,2025.0,,,41.3049,-4.6849,exact,Castilla y León,L100001053525,G100001061319,GEM Global Solar Power Tracker Feb-2026
Castile And León solar project CCXCVII,--,,Spain,5.3,operating,2023.0,,,41.5858,-5.6767,exact,Castilla y León,L100001053533,G100001061327,GEM Global Solar Power Tracker Feb-2026
Castile And León solar project CCXCVIII,--,,Spain,2.5,operating,2025.0,,,41.6225,-5.169,exact,Castilla y León,L100001053535,G100001061329,GEM Global Solar Power Tracker Feb-2026
Castile And León solar project CCXI,--,,Spain,3.1,operating,2017.0,,,41.2158,-5.1415,exact,Castilla y León,L100001053062,G100001060856,GEM Global Solar Power Tracker Feb-2026
Castile And León solar project CCXII,--,,Spain,1.1,operating,2022.0,,,41.149,-4.2736,exact,Castilla y León,L100001053073,G100001060867,GEM Global Solar Power Tracker Feb-2026
Castile And León solar project CCXIII,--,,Spain,1.1,operating,2024.0,,,41.4715,-5.0794,exact,Castilla y León,L100001053075,G100001060869,GEM Global Solar Power Tracker Feb-2026
Castile And León solar project CCXIV,--,,Spain,6.8,operating,2024.0,,,41.8933,-4.3838,exact,Castilla y León,L100001053085,G100001060879,GEM Global Solar Power Tracker Feb-2026
Castile And León solar project CCXIX,--,,Spain,1.4,operating,2023.0,,,41.3643,-3.1943,exact,Castilla y León,L100001053095,G100001060889,GEM Global Solar Power Tracker Feb-2026
Castile And León solar project CCXL,--,,Spain,8.5,operating,2024.0,,,41.5193,-2.4866,exact,Castilla y León,L100001053172,G100001060966,GEM Global Solar Power Tracker Feb-2026
Castile And León solar project CCXLI,--,,Spain,1.1,operating,2025.0,,,41.5277,-5.5856,exact,Castilla y León,L100001053176,G100001060970,GEM Global Solar Power Tracker Feb-2026
Castile And León solar project CCXLII,--,,Spain,2.1,operating,2025.0,,,41.4898,-6.1574,exact,Castilla y León,L100001053181,G100001060975,GEM Global Solar Power Tracker Feb-2026
Castile And León solar project CCXLIII,--,,Spain,1.0,operating,2024.0,,,42.4395,-5.9231,exact,Castilla y León,L100001053190,G100001060984,GEM Global Solar Power Tracker Feb-2026
Castile And León solar project CCXLIV,--,,Spain,1.3,operating,2022.0,,,40.5621,-5.7083,exact,Castilla y León,L100001053196,G100001060990,GEM Global Solar Power Tracker Feb-2026
Castile And León solar project CCXLIX,--,,Spain,3.1,operating,2023.0,,,41.6578,-5.1898,exact,Castilla y León,L100001053241,G100001061035,GEM Global Solar Power Tracker Feb-2026
Castile And León solar project CCXLV,--,,Spain,1.5,operating,2021.0,,,41.4028,-4.3474,exact,Castilla y León,L100001053208,G100001061002,GEM Global Solar Power Tracker Feb-2026
Castile And León solar project CCXLVI,--,,Spain,2.7,operating,2019.0,,,41.229,-4.1647,exact,Castilla y León,L100001053216,G100001061010,GEM Global Solar Power Tracker Feb-2026
Castile And León solar project CCXLVII,--,,Spain,3.8,operating,2023.0,,,41.6665,-5.195,exact,Castilla y León,L100001053221,G100001061015,GEM Global Solar Power Tracker Feb-2026
Castile And León solar project CCXLVIII,--,,Spain,1.0,operating,2025.0,,,41.5389,-4.51,exact,Castilla y León,L100001053235,G100001061029,GEM Global Solar Power Tracker Feb-2026
Castile And León solar project CCXV,--,,Spain,1.7,operating,2017.0,,,42.4869,-5.6261,exact,Castilla y León,L100001053088,G100001060882,GEM Global Solar Power Tracker Feb-2026
Castile And León solar project CCXVI,--,,Spain,1.5,operating,2018.0,,,42.0634,-4.4739,exact,Castilla y León,L100001053089,G100001060883,GEM Global Solar Power Tracker Feb-2026
Castile And León solar project CCXVII,--,,Spain,4.7,operating,2025.0,,,41.5436,-5.6463,exact,Castilla y León,L100001053092,G100001060886,GEM Global Solar Power Tracker Feb-2026
Castile And León solar project CCXVIII,--,,Spain,1.0,operating,2023.0,,,41.6453,-4.8042,exact,Castilla y León,L100001053094,G100001060888,GEM Global Solar Power Tracker Feb-2026
Castile And León solar project CCXX,--,,Spain,3.9,operating,2023.0,,,40.8101,-5.6946,exact,Castilla y León,L100001053097,G100001060891,GEM Global Solar Power Tracker Feb-2026
Castile And León solar project CCXXI,--,,Spain,1.8,operating,2025.0,,,41.6596,-5.7738,exact,Castilla y León,L100001053100,G100001060894,GEM Global Solar Power Tracker Feb-2026
Castile And León solar project CCXXII,--,,Spain,1.6,operating,2024.0,,,41.0635,-4.383,exact,Castilla y León,L100001053101,G100001060895,GEM Global Solar Power Tracker Feb-2026
Castile And León solar project CCXXIII,--,,Spain,9.1,operating,2024.0,,,40.6185,-6.4907,exact,Castilla y León,L100001053102,G100001060896,GEM Global Solar Power Tracker Feb-2026
Castile And León solar project CCXXIV,--,,Spain,6.5,operating,2017.0,,,41.3165,-6.2823,exact,Castilla y León,L100001053104,G100001060898,GEM Global Solar Power Tracker Feb-2026
Castile And León solar project CCXXIX,--,,Spain,1.4,operating,2025.0,,,41.0365,-4.6411,exact,Castilla y León,L100001053121,G100001060915,GEM Global Solar Power Tracker Feb-2026
Castile And León solar project CCXXV,--,,Spain,1.0,operating,2025.0,,,40.9703,-4.8073,exact,Castilla y León,L100001053106,G100001060900,GEM Global Solar Power Tracker Feb-2026
Castile And León solar project CCXXVI,--,,Spain,7.3,operating,2017.0,,,41.3288,-4.8196,exact,Castilla y León,L100001053117,G100001060911,GEM Global Solar Power Tracker Feb-2026
Castile And León solar project CCXXVII,--,,Spain,5.0,operating,2017.0,,,41.2535,-5.1541,exact,Castilla y León,L100001053118,G100001060912,GEM Global Solar Power Tracker Feb-2026
Castile And León solar project CCXXVIII,--,,Spain,2.2,operating,2017.0,,,40.934,-4.9378,exact,Castilla y León,L100001053120,G100001060914,GEM Global Solar Power Tracker Feb-2026
Castile And León solar project CCXXX,--,,Spain,1.0,operating,2023.0,,,41.7966,-4.6234,exact,Castilla y León,L100001053124,G100001060918,GEM Global Solar Power Tracker Feb-2026
Castile And León solar project CCXXXI,--,,Spain,1.2,operating,2017.0,,,41.1418,-5.6912,exact,Castilla y León,L100001053130,G100001060924,GEM Global Solar Power Tracker Feb-2026
Castile And León solar project CCXXXII,--,,Spain,1.1,operating,2025.0,,,41.3161,-5.1793,exact,Castilla y León,L100001053139,G100001060933,GEM Global Solar Power Tracker Feb-2026
Castile And León solar project CCXXXIII,--,,Spain,3.2,operating,2025.0,,,41.4481,-5.6128,exact,Castilla y León,L100001053143,G100001060937,GEM Global Solar Power Tracker Feb-2026
Castile And León solar project CCXXXIV,--,,Spain,3.2,operating,2023.0,,,41.56,-4.6163,exact,Castilla y León,L100001053144,G100001060938,GEM Global Solar Power Tracker Feb-2026
Castile And León solar project CCXXXIX,--,,Spain,2.6,operating,2017.0,,,41.0391,-4.8792,exact,Castilla y León,L100001053170,G100001060964,GEM Global Solar Power Tracker Feb-2026
Castile And León solar project CCXXXV,--,,Spain,1.7,operating,2024.0,,,41.921,-4.771,exact,Castilla y León,L100001053148,G100001060942,GEM Global Solar Power Tracker Feb-2026
Castile And León solar project CCXXXVI,--,,Spain,1.1,operating,2017.0,,,41.9746,-4.5272,exact,Castilla y León,L100001053156,G100001060950,GEM Global Solar Power Tracker Feb-2026
Castile And León solar project CCXXXVII,--,,Spain,3.3,operating,2017.0,,,41.4232,-4.8065,exact,Castilla y León,L100001053164,G100001060958,GEM Global Solar Power Tracker Feb-2026
Castile And León solar project CCXXXVIII,--,,Spain,4.3,operating,2023.0,,,41.4929,-5.3274,exact,Castilla y León,L100001053169,G100001060963,GEM Global Solar Power Tracker Feb-2026
Castile And León solar project CI,--,,Spain,10.9,operating,2023.0,,,40.9122,-5.6287,exact,Castilla y León,L100001010013,G100001011383,GEM Global Solar Power Tracker Feb-2026
Castile And León solar project CII,--,,Spain,4.8,operating,2024.0,,,40.561,-5.7543,exact,Castilla y León,L100001010014,G100001011384,GEM Global Solar Power Tracker Feb-2026
Castile And León solar project CIII,--,,Spain,7.5,operating,2017.0,,,41.1457,-4.3007,exact,Castilla y León,L100001010016,G100001011386,GEM Global Solar Power Tracker Feb-2026
Castile And León solar project CIV,--,,Spain,5.6,operating,2021.0,,,41.489,-5.3921,exact,Castilla y León,L100001010024,G100001011394,GEM Global Solar Power Tracker Feb-2026
Castile And León solar project CIX,--,,Spain,8.4,operating,2017.0,,,41.1207,-4.2991,exact,Castilla y León,L100001010042,G100001011412,GEM Global Solar Power Tracker Feb-2026
Castile And León solar project CLII,--,,Spain,14.5,operating,2022.0,,,41.8602,-5.0263,exact,Castilla y León,L100001010472,G100001011842,GEM Global Solar Power Tracker Feb-2026
Castile And León solar project CLIII,--,,Spain,2.4,operating,2021.0,,,42.6569,-2.9245,exact,Castilla y León,L100001010473,G100001011843,GEM Global Solar Power Tracker Feb-2026
Castile And León solar project CLIV,--,,Spain,1.1,operating,2022.0,,,40.5928,-4.9548,exact,Castilla y León,L100001010475,G100001011845,GEM Global Solar Power Tracker Feb-2026
Castile And León solar project CLIX,--,,Spain,5.6,operating,2020.0,,,41.4948,-4.6904,exact,Castilla y León,L100001010525,G100001011895,GEM Global Solar Power Tracker Feb-2026
Castile And León solar project CLV,--,,Spain,2.8,operating,2020.0,,,41.2502,-4.8634,exact,Castilla y León,L100001010486,G100001011856,GEM Global Solar Power Tracker Feb-2026
Castile And León solar project CLVI,--,,Spain,2.6,operating,2023.0,,,40.693,-6.6462,exact,Castilla y León,L100001010503,G100001011873,GEM Global Solar Power Tracker Feb-2026
Castile And León solar project CLVII,--,,Spain,3.4,operating,2022.0,,,41.0166,-5.2144,exact,Castilla y León,L100001010523,G100001011893,GEM Global Solar Power Tracker Feb-2026
Castile And León solar project CLVIII,--,,Spain,4.2,operating,2023.0,,,41.0583,-5.3855,exact,Castilla y León,L100001010524,G100001011894,GEM Global Solar Power Tracker Feb-2026
Castile And León solar project CLXIII,--,,Spain,1.8,operating,2021.0,,,40.8055,-4.2219,exact,Castilla y León,L100001010548,G100001011918,GEM Global Solar Power Tracker Feb-2026
Castile And León solar project CLXIV,--,,Spain,2.3,operating,2017.0,,,41.8412,-5.0552,exact,Castilla y León,L100001010550,G100001011920,GEM Global Solar Power Tracker Feb-2026
Castile And León solar project CLXIX,--,,Spain,1.8,operating,2023.0,,,41.4938,-5.0968,exact,Castilla y León,L100001052789,G100001060583,GEM Global Solar Power Tracker Feb-2026
Castile And León solar project CLXV,--,,Spain,7.8,operating,2017.0,,,41.5171,-5.6097,exact,Castilla y León,L100001010553,G100001011923,GEM Global Solar Power Tracker Feb-2026
Castile And León solar project CLXVI,--,,Spain,6.6,operating,2023.0,,,41.0085,-5.1936,exact,Castilla y León,L100001010559,G100001011929,GEM Global Solar Power Tracker Feb-2026
Castile And León solar project CLXVII,--,,Spain,1.6,operating,2023.0,,,41.2782,-4.733,exact,Castilla y León,L100001052784,G100001060578,GEM Global Solar Power Tracker Feb-2026
Castile And León solar project CLXVIII,--,,Spain,1.5,operating,2025.0,,,42.2709,-5.8758,exact,Castilla y León,L100001052788,G100001060582,GEM Global Solar Power Tracker Feb-2026
Castile And León solar project CLXX,--,,Spain,3.1,operating,2025.0,,,41.2205,-3.6651,exact,Castilla y León,L100001052803,G100001060597,GEM Global Solar Power Tracker Feb-2026
Castile And León solar project CLXXI,--,,Spain,2.2,operating,2023.0,,,42.1653,-3.7098,exact,Castilla y León,L100001052810,G100001060604,GEM Global Solar Power Tracker Feb-2026
Castile And León solar project CLXXII,--,,Spain,1.6,operating,2017.0,,,41.23,-4.65,exact,Castilla y León,L100001052814,G100001060608,GEM Global Solar Power Tracker Feb-2026
Castile And León solar project CLXXIII,--,,Spain,2.2,operating,2023.0,,,41.4943,-4.6269,exact,Castilla y León,L100001052818,G100001060612,GEM Global Solar Power Tracker Feb-2026
Castile And León solar project CLXXIV,--,,Spain,1.9,operating,2022.0,,,42.06,-5.686,exact,Castilla y León,L100001052823,G100001060617,GEM Global Solar Power Tracker Feb-2026
Castile And León solar project CLXXIX,--,,Spain,1.1,operating,2022.0,,,40.2409,-4.597,exact,Castilla y León,L100001052834,G100001060628,GEM Global Solar Power Tracker Feb-2026
Castile And León solar project CLXXV,--,,Spain,4.1,operating,2017.0,,,40.9937,-4.6077,exact,Castilla y León,L100001052824,G100001060618,GEM Global Solar Power Tracker Feb-2026
Castile And León solar project CLXXVI,--,,Spain,1.8,operating,2023.0,,,41.494,-5.0463,exact,Castilla y León,L100001052825,G100001060619,GEM Global Solar Power Tracker Feb-2026
Castile And León solar project CLXXVII,--,,Spain,1.1,operating,2024.0,,,40.7593,-5.5505,exact,Castilla y León,L100001052827,G100001060621,GEM Global Solar Power Tracker Feb-2026
Castile And León solar project CLXXVIII,--,,Spain,1.2,operating,2023.0,,,41.5942,-4.6913,exact,Castilla y León,L100001052830,G100001060624,GEM Global Solar Power Tracker Feb-2026
Castile And León solar project CLXXX,--,,Spain,1.2,operating,2025.0,,,40.7676,-4.9192,exact,Castilla y León,L100001052840,G100001060634,GEM Global Solar Power Tracker Feb-2026
Castile And León solar project CLXXXI,--,,Spain,1.0,operating,2023.0,,,41.5194,-4.4831,exact,Castilla y León,L100001052841,G100001060635,GEM Global Solar Power Tracker Feb-2026
Castile And León solar project CLXXXII,--,,Spain,1.0,operating,2023.0,,,42.0849,-5.0008,exact,Castilla y León,L100001052850,G100001060644,GEM Global Solar Power Tracker Feb-2026
Castile And León solar project CLXXXIII,--,,Spain,2.5,operating,2018.0,,,41.6044,-3.2634,exact,Castilla y León,L100001052862,G100001060656,GEM Global Solar Power Tracker Feb-2026
Castile And León solar project CLXXXIV,--,,Spain,1.7,operating,2025.0,,,41.6037,-6.1046,exact,Castilla y León,L100001052869,G100001060663,GEM Global Solar Power Tracker Feb-2026
Castile And León solar project CLXXXIX,--,,Spain,1.2,operating,2024.0,,,40.4715,-5.7706,exact,Castilla y León,L100001052915,G100001060709,GEM Global Solar Power Tracker Feb-2026
Castile And León solar project CLXXXV,--,,Spain,3.5,operating,2021.0,,,40.6795,-5.6129,exact,Castilla y León,L100001052873,G100001060667,GEM Global Solar Power Tracker Feb-2026
Castile And León solar project CLXXXVI,--,,Spain,1.0,operating,2017.0,,,40.9368,-5.4654,exact,Castilla y León,L100001052883,G100001060677,GEM Global Solar Power Tracker Feb-2026
Castile And León solar project CLXXXVII,--,,Spain,3.1,operating,2022.0,,,41.541,-5.6562,exact,Castilla y León,L100001052885,G100001060679,GEM Global Solar Power Tracker Feb-2026
Castile And León solar project CLXXXVIII,--,,Spain,11.5,operating,2024.0,,,42.3256,-3.6014,exact,Castilla y León,L100001052886,G100001060680,GEM Global Solar Power Tracker Feb-2026
Castile And León solar project CV,--,,Spain,3.4,operating,2017.0,,,40.9885,-5.1461,exact,Castilla y León,L100001010027,G100001011397,GEM Global Solar Power Tracker Feb-2026
Castile And León solar project CVI,--,,Spain,17.3,operating,2017.0,,,41.4664,-5.82,exact,Castilla y León,L100001010033,G100001011403,GEM Global Solar Power Tracker Feb-2026
Castile And León solar project CVIII,--,,Spain,4.1,operating,2017.0,,,40.8775,-4.4809,exact,Castilla y León,L100001010041,G100001011411,GEM Global Solar Power Tracker Feb-2026
Castile And León solar project CX,--,,Spain,1.9,operating,2023.0,,,40.9967,-6.4374,exact,Castilla y León,L100001010043,G100001011413,GEM Global Solar Power Tracker Feb-2026
Castile And León solar project CXC,--,,Spain,4.8,operating,2023.0,,,41.0604,-4.6923,exact,Castilla y León,L100001052918,G100001060712,GEM Global Solar Power Tracker Feb-2026
Castile And León solar project CXCI,--,,Spain,4.6,operating,2023.0,,,40.4865,-6.5564,exact,Castilla y León,L100001052924,G100001060718,GEM Global Solar Power Tracker Feb-2026
Castile And León solar project CXCII,--,,Spain,1.1,operating,2024.0,,,41.6072,-3.3759,exact,Castilla y León,L100001052956,G100001060750,GEM Global Solar Power Tracker Feb-2026
Castile And León solar project CXCIII,--,,Spain,1.0,operating,2024.0,,,41.0551,-4.9005,exact,Castilla y León,L100001052958,G100001060752,GEM Global Solar Power Tracker Feb-2026
Castile And León solar project CXCIV,--,,Spain,1.1,operating,2024.0,,,41.0329,-5.3039,exact,Castilla y León,L100001052962,G100001060756,GEM Global Solar Power Tracker Feb-2026
Castile And León solar project CXCIX,--,,Spain,1.9,operating,2017.0,,,41.1999,-5.1596,exact,Castilla y León,L100001052990,G100001060784,GEM Global Solar Power Tracker Feb-2026
Castile And León solar project CXCV,--,,Spain,1.0,operating,2025.0,,,42.2702,-5.7328,exact,Castilla y León,L100001052969,G100001060763,GEM Global Solar Power Tracker Feb-2026
Castile And León solar project CXCVI,--,,Spain,1.5,operating,2023.0,,,42.4578,-5.8927,exact,Castilla y León,L100001052974,G100001060768,GEM Global Solar Power Tracker Feb-2026
Castile And León solar project CXCVII,--,,Spain,2.7,operating,2018.0,,,41.0609,-5.4782,exact,Castilla y León,L100001052981,G100001060775,GEM Global Solar Power Tracker Feb-2026
Castile And León solar project CXCVIII,--,,Spain,4.6,operating,2017.0,,,41.04,-4.062,exact,Castilla y León,L100001052987,G100001060781,GEM Global Solar Power Tracker Feb-2026
Castile And León solar project CXII,--,,Spain,2.2,operating,2018.0,,,40.9519,-5.8841,exact,Castilla y León,L100001010136,G100001011506,GEM Global Solar Power Tracker Feb-2026
Castile And León solar project CXIV,--,,Spain,1.3,operating,2017.0,,,40.8359,-5.2053,exact,Castilla y León,L100001010151,G100001011521,GEM Global Solar Power Tracker Feb-2026
Castile And León solar project CXL,--,,Spain,3.6,operating,2023.0,,,41.797,-1.9874,exact,Castilla y León,L100001010386,G100001011756,GEM Global Solar Power Tracker Feb-2026
Castile And León solar project CXLII,--,,Spain,5.0,operating,2022.0,,,41.5535,-4.7187,exact,Castilla y León,L100001010410,G100001011780,GEM Global Solar Power Tracker Feb-2026
Castile And León solar project CXLIV,--,,Spain,3.2,operating,2021.0,,,41.1657,-4.496,exact,Castilla y León,L100001010421,G100001011791,GEM Global Solar Power Tracker Feb-2026
Castile And León solar project CXLIX,--,,Spain,12.6,operating,2022.0,,,41.6083,-2.5041,exact,Castilla y León,L100001010443,G100001011813,GEM Global Solar Power Tracker Feb-2026
Castile And León solar project CXLV,--,,Spain,2.0,operating,2022.0,,,41.2307,-4.1509,exact,Castilla y León,L100001010422,G100001011792,GEM Global Solar Power Tracker Feb-2026
Castile And León solar project CXLVI,--,,Spain,9.0,operating,2017.0,,,42.5666,-5.7479,exact,Castilla y León,L100001010428,G100001011798,GEM Global Solar Power Tracker Feb-2026
Castile And León solar project CXLVII,--,,Spain,1.6,operating,2020.0,,,41.5754,-4.5572,exact,Castilla y León,L100001010435,G100001011805,GEM Global Solar Power Tracker Feb-2026
Castile And León solar project CXV,--,,Spain,8.5,operating,2023.0,,,41.0228,-5.6526,exact,Castilla y León,L100001010152,G100001011522,GEM Global Solar Power Tracker Feb-2026
Castile And León solar project CXVIII,--,,Spain,7.0,operating,2021.0,,,41.3667,-5.7024,exact,Castilla y León,L100001010155,G100001011525,GEM Global Solar Power Tracker Feb-2026
Castile And León solar project CXX,--,,Spain,9.6,operating,2023.0,,,41.4362,-5.1285,exact,Castilla y León,L100001010166,G100001011536,GEM Global Solar Power Tracker Feb-2026
Castile And León solar project CXXI,--,,Spain,17.0,operating,2022.0,,,41.4443,-5.4317,exact,Castilla y León,L100001010167,G100001011537,GEM Global Solar Power Tracker Feb-2026
Castile And León solar project CXXIX,--,,Spain,3.7,operating,2023.0,,,41.779,-4.9528,exact,Castilla y León,L100001010177,G100001011547,GEM Global Solar Power Tracker Feb-2026
Castile And León solar project CXXXII,--,,Spain,3.1,operating,2021.0,,,41.3224,-4.3214,exact,Castilla y León,L100001010211,G100001011581,GEM Global Solar Power Tracker Feb-2026
Castile And León solar project CXXXIII,--,,Spain,2.7,operating,2020.0,,,41.5663,-4.5424,exact,Castilla y León,L100001010212,G100001011582,GEM Global Solar Power Tracker Feb-2026
Castile And León solar project CXXXIV,--,,Spain,10.8,operating,2021.0,,,41.9245,-4.4112,exact,Castilla y León,L100001010213,G100001011583,GEM Global Solar Power Tracker Feb-2026
Castile And León solar project CXXXVI,--,,Spain,2.3,operating,2025.0,,,42.0628,-4.2144,exact,Castilla y León,L100001010215,G100001011585,GEM Global Solar Power Tracker Feb-2026
Castile And León solar project CXXXVII,--,,Spain,2.7,operating,2023.0,,,40.5613,-5.6514,exact,Castilla y León,L100001010361,G100001011731,GEM Global Solar Power Tracker Feb-2026
Castile And León solar project I,--,,Spain,4.3,operating,2023.0,,,42.3201,-5.5736,exact,Castilla y León,L100001009288,G100001010658,GEM Global Solar Power Tracker Feb-2026
Castile And León solar project IX,--,,Spain,5.2,operating,2023.0,,,41.502,-4.6372,exact,Castilla y León,L100001009335,G100001010705,GEM Global Solar Power Tracker Feb-2026
Castile And León solar project L,--,,Spain,12.1,operating,2017.0,,,41.7105,-4.8902,exact,Castilla y León,L100001009676,G100001011046,GEM Global Solar Power Tracker Feb-2026
Castile And León solar project LI,--,,Spain,1.8,operating,2017.0,,,42.4067,-6.1314,exact,Castilla y León,L100001009684,G100001011054,GEM Global Solar Power Tracker Feb-2026
Castile And León solar project LII,--,,Spain,3.0,operating,2017.0,,,41.4331,-4.8847,exact,Castilla y León,L100001009688,G100001011058,GEM Global Solar Power Tracker Feb-2026
Castile And León solar project LIII,--,,Spain,5.9,operating,2017.0,,,41.197,-4.8308,exact,Castilla y León,L100001009695,G100001011065,GEM Global Solar Power Tracker Feb-2026
Castile And León solar project LIV,--,,Spain,3.8,operating,2017.0,,,41.3586,-4.8733,exact,Castilla y León,L100001009700,G100001011070,GEM Global Solar Power Tracker Feb-2026
Castile And León solar project LIX,--,,Spain,3.4,operating,2017.0,,,40.8274,-4.734,exact,Castilla y León,L100001009733,G100001011103,GEM Global Solar Power Tracker Feb-2026
Castile And León solar project LV,--,,Spain,2.4,operating,2023.0,,,41.5181,-5.5587,exact,Castilla y León,L100001009703,G100001011073,GEM Global Solar Power Tracker Feb-2026
Castile And León solar project LVII,--,,Spain,7.8,operating,2017.0,,,41.0205,-4.8791,exact,Castilla y León,L100001009705,G100001011075,GEM Global Solar Power Tracker Feb-2026
Castile And León solar project LVIII,--,,Spain,3.1,operating,2017.0,,,41.3718,-4.7568,exact,Castilla y León,L100001009717,G100001011087,GEM Global Solar Power Tracker Feb-2026
Castile And León solar project LX,--,,Spain,5.9,operating,2017.0,,,41.6338,-5.1586,exact,Castilla y León,L100001009740,G100001011110,GEM Global Solar Power Tracker Feb-2026
Castile And León solar project LXI,--,,Spain,1.4,operating,2023.0,,,40.6222,-6.5243,exact,Castilla y León,L100001009742,G100001011112,GEM Global Solar Power Tracker Feb-2026
Castile And León solar project LXII,--,,Spain,4.2,operating,2025.0,,,41.3003,-5.1095,exact,Castilla y León,L100001009744,G100001011114,GEM Global Solar Power Tracker Feb-2026
Castile And León solar project LXIII,--,,Spain,15.6,operating,2023.0,,,41.5303,-5.532,exact,Castilla y León,L100001009746,G100001011116,GEM Global Solar Power Tracker Feb-2026
Castile And León solar project LXIV,--,,Spain,3.5,operating,2023.0,,,40.663,-5.8988,exact,Castilla y León,L100001009748,G100001011118,GEM Global Solar Power Tracker Feb-2026
Castile And León solar project LXIX,--,,Spain,17.7,operating,2017.0,,,41.5156,-5.622,exact,Castilla y León,L100001009788,G100001011158,GEM Global Solar Power Tracker Feb-2026
Castile And León solar project LXV,--,,Spain,6.8,operating,2023.0,,,42.0631,-4.4989,exact,Castilla y León,L100001009759,G100001011129,GEM Global Solar Power Tracker Feb-2026
Castile And León solar project LXVI,--,,Spain,3.3,operating,2017.0,,,41.0785,-4.9859,exact,Castilla y León,L100001009773,G100001011143,GEM Global Solar Power Tracker Feb-2026
Castile And León solar project LXVII,--,,Spain,7.2,operating,2017.0,,,40.8671,-5.7353,exact,Castilla y León,L100001009783,G100001011153,GEM Global Solar Power Tracker Feb-2026
Castile And León solar project LXVIII,--,,Spain,2.1,operating,2017.0,,,42.2011,-4.2692,exact,Castilla y León,L100001009784,G100001011154,GEM Global Solar Power Tracker Feb-2026
Castile And León solar project LXXI,--,,Spain,1.8,operating,2017.0,,,41.6688,-5.0591,exact,Castilla y León,L100001009794,G100001011164,GEM Global Solar Power Tracker Feb-2026
Castile And León solar project LXXII,--,,Spain,4.3,operating,2017.0,,,41.5388,-5.5522,exact,Castilla y León,L100001009807,G100001011177,GEM Global Solar Power Tracker Feb-2026
Castile And León solar project LXXIII,--,,Spain,9.1,operating,2017.0,,,41.3685,-6.1939,exact,Castilla y León,L100001009812,G100001011182,GEM Global Solar Power Tracker Feb-2026
Castile And León solar project LXXIV,--,,Spain,1.4,operating,2023.0,,,40.8611,-5.2369,exact,Castilla y León,L100001009817,G100001011187,GEM Global Solar Power Tracker Feb-2026
Castile And León solar project LXXIX,--,,Spain,5.1,operating,2023.0,,,41.4848,-4.8655,exact,Castilla y León,L100001009852,G100001011222,GEM Global Solar Power Tracker Feb-2026
Castile And León solar project LXXV,--,,Spain,4.2,operating,2017.0,,,40.3781,-5.4724,exact,Castilla y León,L100001009828,G100001011198,GEM Global Solar Power Tracker Feb-2026
Castile And León solar project LXXVII,--,,Spain,10.1,operating,2017.0,,,40.9344,-4.9703,exact,Castilla y León,L100001009842,G100001011212,GEM Global Solar Power Tracker Feb-2026
Castile And León solar project LXXVIII,--,,Spain,10.7,operating,2017.0,,,41.3741,-5.6875,exact,Castilla y León,L100001009844,G100001011214,GEM Global Solar Power Tracker Feb-2026
Castile And León solar project LXXXI,--,,Spain,4.4,operating,2017.0,,,41.0732,-5.0093,exact,Castilla y León,L100001009859,G100001011229,GEM Global Solar Power Tracker Feb-2026
Castile And León solar project LXXXII,--,,Spain,1.5,operating,2017.0,,,41.1334,-4.5924,exact,Castilla y León,L100001009862,G100001011232,GEM Global Solar Power Tracker Feb-2026
Castile And León solar project LXXXIII,--,,Spain,8.8,operating,2017.0,,,41.4697,-4.9839,exact,Castilla y León,L100001009867,G100001011237,GEM Global Solar Power Tracker Feb-2026
Castile And León solar project LXXXIV,--,,Spain,6.7,operating,2020.0,,,41.537,-4.6864,exact,Castilla y León,L100001009885,G100001011255,GEM Global Solar Power Tracker Feb-2026
Castile And León solar project LXXXIX,--,,Spain,7.4,operating,2023.0,,,41.9649,-4.498,exact,Castilla y León,L100001009915,G100001011285,GEM Global Solar Power Tracker Feb-2026
Castile And León solar project LXXXV,--,,Spain,5.0,operating,2020.0,,,41.2882,-4.649,exact,Castilla y León,L100001009889,G100001011259,GEM Global Solar Power Tracker Feb-2026
Castile And León solar project LXXXVI,--,,Spain,12.2,operating,2023.0,,,41.7968,-4.9663,exact,Castilla y León,L100001009895,G100001011265,GEM Global Solar Power Tracker Feb-2026
Castile And León solar project LXXXVII,--,,Spain,2.3,operating,2017.0,,,41.4651,-4.5641,exact,Castilla y León,L100001009904,G100001011274,GEM Global Solar Power Tracker Feb-2026
Castile And León solar project LXXXVIII,--,,Spain,1.8,operating,2017.0,,,41.1933,-4.4141,exact,Castilla y León,L100001009914,G100001011284,GEM Global Solar Power Tracker Feb-2026
Castile And León solar project V,--,,Spain,5.9,operating,2017.0,,,40.9697,-4.2297,exact,Castilla y León,L100001009305,G100001010675,GEM Global Solar Power Tracker Feb-2026
Castile And León solar project XC,--,,Spain,11.1,operating,2017.0,,,41.8745,-5.4393,exact,Castilla y León,L100001009923,G100001011293,GEM Global Solar Power Tracker Feb-2026
Castile And León solar project XCII,--,,Spain,3.0,operating,2017.0,,,41.584,-5.4273,exact,Castilla y León,L100001009930,G100001011300,GEM Global Solar Power Tracker Feb-2026
Castile And León solar project XCIII,--,,Spain,18.3,operating,2017.0,,,41.3821,-5.2795,exact,Castilla y León,L100001009934,G100001011304,GEM Global Solar Power Tracker Feb-2026
Castile And León solar project XCIV,--,,Spain,6.1,operating,2017.0,,,42.695,-5.4123,exact,Castilla y León,L100001009935,G100001011305,GEM Global Solar Power Tracker Feb-2026
Castile And León solar project XCIX,--,,Spain,6.5,operating,2017.0,,,42.0231,-6.1662,exact,Castilla y León,L100001009997,G100001011367,GEM Global Solar Power Tracker Feb-2026
Castile And León solar project XCVII,--,,Spain,8.0,operating,2017.0,,,41.0711,-4.9714,exact,Castilla y León,L100001009975,G100001011345,GEM Global Solar Power Tracker Feb-2026
Castile And León solar project XIII,--,,Spain,7.1,operating,2017.0,,,41.0152,-4.8637,exact,Castilla y León,L100001009396,G100001010766,GEM Global Solar Power Tracker Feb-2026
Castile And León solar project XIV,--,,Spain,3.3,operating,2017.0,,,41.851,-4.4461,exact,Castilla y León,L100001009406,G100001010776,GEM Global Solar Power Tracker Feb-2026
Castile And León solar project XIX,--,,Spain,5.0,operating,2017.0,,,42.4826,-5.3937,exact,Castilla y León,L100001009439,G100001010809,GEM Global Solar Power Tracker Feb-2026
Castile And León solar project XL,--,,Spain,8.8,operating,2020.0,,,41.5915,-4.6742,exact,Castilla y León,L100001009609,G100001010979,GEM Global Solar Power Tracker Feb-2026
Castile And León solar project XLI,--,,Spain,1.2,operating,2024.0,,,41.7265,-4.6882,exact,Castilla y León,L100001009613,G100001010983,GEM Global Solar Power Tracker Feb-2026
Castile And León solar project XLII,--,,Spain,3.4,operating,2017.0,,,41.4199,-4.9565,exact,Castilla y León,L100001009632,G100001011002,GEM Global Solar Power Tracker Feb-2026
Castile And León solar project XLIII,--,,Spain,4.4,operating,2017.0,,,41.2502,-5.0077,exact,Castilla y León,L100001009637,G100001011007,GEM Global Solar Power Tracker Feb-2026
Castile And León solar project XLIV,--,,Spain,3.1,operating,2017.0,,,41.6859,-5.2154,exact,Castilla y León,L100001009647,G100001011017,GEM Global Solar Power Tracker Feb-2026
Castile And León solar project XLIX,--,,Spain,2.1,operating,2023.0,,,42.1195,-4.6115,exact,Castilla y León,L100001009672,G100001011042,GEM Global Solar Power Tracker Feb-2026
Castile And León solar project XLV,--,,Spain,6.3,operating,2017.0,,,41.1065,-5.01,exact,Castilla y León,L100001009650,G100001011020,GEM Global Solar Power Tracker Feb-2026
Castile And León solar project XLVI,--,,Spain,3.6,operating,2017.0,,,42.1103,-3.4074,exact,Castilla y León,L100001009652,G100001011022,GEM Global Solar Power Tracker Feb-2026
Castile And León solar project XV,--,,Spain,4.8,operating,2017.0,,,41.1539,-4.3262,exact,Castilla y León,L100001009410,G100001010780,GEM Global Solar Power Tracker Feb-2026
Castile And León solar project XVI,--,,Spain,2.4,operating,2017.0,,,41.4594,-4.6605,exact,Castilla y León,L100001009415,G100001010785,GEM Global Solar Power Tracker Feb-2026
Castile And León solar project XVII,--,,Spain,7.8,operating,2017.0,,,40.8354,-4.7276,exact,Castilla y León,L100001009432,G100001010802,GEM Global Solar Power Tracker Feb-2026
Castile And León solar project XVIII,--,,Spain,7.8,operating,2017.0,,,41.5295,-5.4105,exact,Castilla y León,L100001009438,G100001010808,GEM Global Solar Power Tracker Feb-2026
Castile And León solar project XX,--,,Spain,4.3,operating,2017.0,,,41.3228,-5.0967,exact,Castilla y León,L100001009440,G100001010810,GEM Global Solar Power Tracker Feb-2026
Castile And León solar project XXII,--,,Spain,2.5,operating,2017.0,,,41.5207,-4.8999,exact,Castilla y León,L100001009461,G100001010831,GEM Global Solar Power Tracker Feb-2026
Castile And León solar project XXIII,--,,Spain,5.4,operating,2017.0,,,41.1472,-4.3594,exact,Castilla y León,L100001009465,G100001010835,GEM Global Solar Power Tracker Feb-2026
Castile And León solar project XXIV,--,,Spain,3.1,operating,2018.0,,,42.0119,-3.2545,exact,Castilla y León,L100001009474,G100001010844,GEM Global Solar Power Tracker Feb-2026
Castile And León solar project XXIX,--,,Spain,2.0,operating,2017.0,,,40.9235,-4.9991,exact,Castilla y León,L100001009538,G100001010908,GEM Global Solar Power Tracker Feb-2026
Castile And León solar project XXVI,--,,Spain,3.5,operating,2017.0,,,41.3152,-4.6358,exact,Castilla y León,L100001009492,G100001010862,GEM Global Solar Power Tracker Feb-2026
Castile And León solar project XXVII,--,,Spain,5.8,operating,2023.0,,,41.0303,-4.8844,exact,Castilla y León,L100001009508,G100001010878,GEM Global Solar Power Tracker Feb-2026
Castile And León solar project XXVIII,--,,Spain,5.4,operating,2017.0,,,41.0002,-6.4588,exact,Castilla y León,L100001009518,G100001010888,GEM Global Solar Power Tracker Feb-2026
Castile And León solar project XXX,--,,Spain,2.6,operating,2023.0,,,41.0946,-6.0361,exact,Castilla y León,L100001009539,G100001010909,GEM Global Solar Power Tracker Feb-2026
Castile And León solar project XXXII,--,,Spain,3.0,operating,2017.0,,,41.6619,-4.878,exact,Castilla y León,L100001009543,G100001010913,GEM Global Solar Power Tracker Feb-2026
Castile And León solar project XXXIII,--,,Spain,2.5,operating,2017.0,,,40.9609,-4.6231,exact,Castilla y León,L100001009544,G100001010914,GEM Global Solar Power Tracker Feb-2026
Castile And León solar project XXXIV,--,,Spain,1.6,operating,2017.0,,,41.0475,-5.5477,exact,Castilla y León,L100001009563,G100001010933,GEM Global Solar Power Tracker Feb-2026
Castile And León solar project XXXIX,--,,Spain,2.6,operating,2023.0,,,41.8208,-4.5289,exact,Castilla y León,L100001009601,G100001010971,GEM Global Solar Power Tracker Feb-2026
Castile And León solar project XXXV,--,,Spain,3.8,operating,2023.0,,,42.8563,-4.2719,exact,Castilla y León,L100001009571,G100001010941,GEM Global Solar Power Tracker Feb-2026
Castile And León solar project XXXVII,--,,Spain,1.8,operating,2017.0,,,41.3963,-4.7736,exact,Castilla y León,L100001009587,G100001010957,GEM Global Solar Power Tracker Feb-2026
Castile And León solar project XXXVIII,--,,Spain,1.4,operating,2017.0,,,41.4527,-3.9063,exact,Castilla y León,L100001009597,G100001010967,GEM Global Solar Power Tracker Feb-2026
Castile-La Mancha solar project C,--,,Spain,1.7,operating,2023.0,,,39.7575,-1.7296,exact,Castilla-La Mancha,L100001009714,G100001011084,GEM Global Solar Power Tracker Feb-2026
Castile-La Mancha solar project CCC,--,,Spain,4.9,operating,2023.0,,,39.868,-3.6218,exact,Castilla-La Mancha,L100001053002,G100001060796,GEM Global Solar Power Tracker Feb-2026
Castile-La Mancha solar project CCCI,--,,Spain,4.0,operating,2017.0,,,39.0114,-4.1023,exact,Castilla-La Mancha,L100001053007,G100001060801,GEM Global Solar Power Tracker Feb-2026
Castile-La Mancha solar project CCCII,--,,Spain,1.0,operating,2017.0,,,39.2144,-2.5641,exact,Castilla-La Mancha,L100001053010,G100001060804,GEM Global Solar Power Tracker Feb-2026
Castile-La Mancha solar project CCCIII,--,,Spain,1.3,operating,2017.0,,,40.6161,-3.2531,exact,Castilla-La Mancha,L100001053015,G100001060809,GEM Global Solar Power Tracker Feb-2026
Castile-La Mancha solar project CCCIV,--,,Spain,1.1,operating,2020.0,,,39.705,-3.801,exact,Castilla-La Mancha,L100001053016,G100001060810,GEM Global Solar Power Tracker Feb-2026
Castile-La Mancha solar project CCCIX,--,,Spain,1.5,operating,2023.0,,,40.9416,-2.9273,exact,Castilla-La Mancha,L100001053031,G100001060825,GEM Global Solar Power Tracker Feb-2026
Castile-La Mancha solar project CCCL,--,,Spain,3.6,operating,2025.0,,,38.3278,-2.1177,exact,Castilla-La Mancha,L100001053346,G100001061140,GEM Global Solar Power Tracker Feb-2026
Castile-La Mancha solar project CCCLI,--,,Spain,1.7,operating,2017.0,,,39.8413,-1.8185,exact,Castilla-La Mancha,L100001053348,G100001061142,GEM Global Solar Power Tracker Feb-2026
Castile-La Mancha solar project CCCLII,--,,Spain,2.2,operating,2017.0,,,38.7024,-4.1955,exact,Castilla-La Mancha,L100001053357,G100001061151,GEM Global Solar Power Tracker Feb-2026
Castile-La Mancha solar project CCCLIII,--,,Spain,13.5,operating,2023.0,,,38.8889,-1.3227,exact,Castilla-La Mancha,L100001053360,G100001061154,GEM Global Solar Power Tracker Feb-2026
Castile-La Mancha solar project CCCLIV,--,,Spain,1.7,operating,2024.0,,,39.5418,-1.6297,exact,Castilla-La Mancha,L100001053362,G100001061156,GEM Global Solar Power Tracker Feb-2026
Castile-La Mancha solar project CCCLIX,--,,Spain,1.4,operating,2023.0,,,40.0528,-2.9385,exact,Castilla-La Mancha,L100001053400,G100001061194,GEM Global Solar Power Tracker Feb-2026
Castile-La Mancha solar project CCCLV,--,,Spain,1.8,operating,2017.0,,,40.9432,-3.0807,exact,Castilla-La Mancha,L100001053375,G100001061169,GEM Global Solar Power Tracker Feb-2026
Castile-La Mancha solar project CCCLVI,--,,Spain,5.1,operating,2023.0,,,39.9213,-4.5449,exact,Castilla-La Mancha,L100001053378,G100001061172,GEM Global Solar Power Tracker Feb-2026
Castile-La Mancha solar project CCCLVII,--,,Spain,1.4,operating,2017.0,,,39.1629,-3.2321,exact,Castilla-La Mancha,L100001053383,G100001061177,GEM Global Solar Power Tracker Feb-2026
Castile-La Mancha solar project CCCLVIII,--,,Spain,1.5,operating,2017.0,,,39.6598,-4.2017,exact,Castilla-La Mancha,L100001053385,G100001061179,GEM Global Solar Power Tracker Feb-2026
Castile-La Mancha solar project CCCLX,--,,Spain,1.1,operating,2025.0,,,39.9438,-3.1695,exact,Castilla-La Mancha,L100001053401,G100001061195,GEM Global Solar Power Tracker Feb-2026
Castile-La Mancha solar project CCCLXI,--,,Spain,2.3,operating,2019.0,,,39.7947,-4.6291,exact,Castilla-La Mancha,L100001053417,G100001061211,GEM Global Solar Power Tracker Feb-2026
Castile-La Mancha solar project CCCLXII,--,,Spain,1.2,operating,2023.0,,,39.1395,-1.9851,exact,Castilla-La Mancha,L100001053428,G100001061222,GEM Global Solar Power Tracker Feb-2026
Castile-La Mancha solar project CCCLXIII,--,,Spain,1.1,operating,2024.0,,,39.334,-2.9458,exact,Castilla-La Mancha,L100001053435,G100001061229,GEM Global Solar Power Tracker Feb-2026
Castile-La Mancha solar project CCCLXIV,--,,Spain,12.8,operating,2024.0,,,39.9637,-3.5683,exact,Castilla-La Mancha,L100001053440,G100001061234,GEM Global Solar Power Tracker Feb-2026
Castile-La Mancha solar project CCCLXIX,--,,Spain,1.6,operating,2023.0,,,39.9592,-5.1341,exact,Castilla-La Mancha,L100001053466,G100001061260,GEM Global Solar Power Tracker Feb-2026
Castile-La Mancha solar project CCCLXV,--,,Spain,4.0,operating,2023.0,,,40.0188,-3.03,exact,Castilla-La Mancha,L100001053443,G100001061237,GEM Global Solar Power Tracker Feb-2026
Castile-La Mancha solar project CCCLXVI,--,,Spain,2.2,operating,2025.0,,,40.048,-2.9431,exact,Castilla-La Mancha,L100001053448,G100001061242,GEM Global Solar Power Tracker Feb-2026
Castile-La Mancha solar project CCCLXVII,--,,Spain,2.1,operating,2022.0,,,40.0567,-3.844,exact,Castilla-La Mancha,L100001053453,G100001061247,GEM Global Solar Power Tracker Feb-2026
Castile-La Mancha solar project CCCLXVIII,--,,Spain,5.9,operating,2017.0,,,39.264,-2.7918,exact,Castilla-La Mancha,L100001053456,G100001061250,GEM Global Solar Power Tracker Feb-2026
Castile-La Mancha solar project CCCLXX,--,,Spain,3.6,operating,2024.0,,,39.7789,-3.1918,exact,Castilla-La Mancha,L100001053472,G100001061266,GEM Global Solar Power Tracker Feb-2026
Castile-La Mancha solar project CCCLXXI,--,,Spain,7.9,operating,2017.0,,,39.1081,-2.0504,exact,Castilla-La Mancha,L100001053476,G100001061270,GEM Global Solar Power Tracker Feb-2026
Castile-La Mancha solar project CCCLXXII,--,,Spain,2.1,operating,2017.0,,,40.0005,-5.289,exact,Castilla-La Mancha,L100001053491,G100001061285,GEM Global Solar Power Tracker Feb-2026
Castile-La Mancha solar project CCCLXXIII,--,,Spain,2.1,operating,2017.0,,,38.7478,-3.2019,exact,Castilla-La Mancha,L100001053495,G100001061289,GEM Global Solar Power Tracker Feb-2026
Castile-La Mancha solar project CCCLXXIV,--,,Spain,8.3,operating,2023.0,,,39.2113,-1.7931,exact,Castilla-La Mancha,L100001053501,G100001061295,GEM Global Solar Power Tracker Feb-2026
Castile-La Mancha solar project CCCLXXIX,--,,Spain,2.2,operating,2025.0,,,39.9329,-4.2804,exact,Castilla-La Mancha,L100001053532,G100001061326,GEM Global Solar Power Tracker Feb-2026
Castile-La Mancha solar project CCCLXXV,--,,Spain,8.7,operating,2024.0,,,39.8997,-3.7268,exact,Castilla-La Mancha,L100001053502,G100001061296,GEM Global Solar Power Tracker Feb-2026
Castile-La Mancha solar project CCCLXXVI,--,,Spain,1.1,operating,2023.0,,,40.0179,-4.5276,exact,Castilla-La Mancha,L100001053513,G100001061307,GEM Global Solar Power Tracker Feb-2026
Castile-La Mancha solar project CCCLXXVII,--,,Spain,2.0,operating,2017.0,,,39.4221,-2.3033,exact,Castilla-La Mancha,L100001053520,G100001061314,GEM Global Solar Power Tracker Feb-2026
Castile-La Mancha solar project CCCLXXVIII,--,,Spain,4.0,operating,2017.0,,,39.2499,-2.794,exact,Castilla-La Mancha,L100001053527,G100001061321,GEM Global Solar Power Tracker Feb-2026
Castile-La Mancha solar project CCCLXXX,--,,Spain,1.1,operating,2023.0,,,39.0392,-2.1967,exact,Castilla-La Mancha,L100001053536,G100001061330,GEM Global Solar Power Tracker Feb-2026
Castile-La Mancha solar project CCCLXXXI,--,,Spain,1.4,operating,2017.0,,,39.9961,-2.845,exact,Castilla-La Mancha,L100001053540,G100001061334,GEM Global Solar Power Tracker Feb-2026
Castile-La Mancha solar project CCCLXXXII,--,,Spain,19.1,operating,2024.0,,,39.9574,-3.5521,exact,Castilla-La Mancha,L100001053546,G100001061340,GEM Global Solar Power Tracker Feb-2026
Castile-La Mancha solar project CCCLXXXIII,--,,Spain,2.2,operating,2017.0,,,39.6617,-4.2199,exact,Castilla-La Mancha,L100001053550,G100001061344,GEM Global Solar Power Tracker Feb-2026
Castile-La Mancha solar project CCCLXXXIV,--,,Spain,3.2,operating,2023.0,,,40.1188,-2.7024,exact,Castilla-La Mancha,L100001053563,G100001061357,GEM Global Solar Power Tracker Feb-2026
Castile-La Mancha solar project CCCLXXXIX,--,,Spain,1.6,operating,2025.0,,,39.7654,-5.0287,exact,Castilla-La Mancha,L100001053601,G100001061395,GEM Global Solar Power Tracker Feb-2026
Castile-La Mancha solar project CCCLXXXV,--,,Spain,4.1,operating,2017.0,,,39.9,-5.3262,exact,Castilla-La Mancha,L100001053583,G100001061377,GEM Global Solar Power Tracker Feb-2026
Castile-La Mancha solar project CCCLXXXVI,--,,Spain,5.9,operating,2017.0,,,38.8853,-2.719,exact,Castilla-La Mancha,L100001053584,G100001061378,GEM Global Solar Power Tracker Feb-2026
Castile-La Mancha solar project CCCLXXXVII,--,,Spain,1.6,operating,2025.0,,,40.1101,-3.8506,exact,Castilla-La Mancha,L100001053587,G100001061381,GEM Global Solar Power Tracker Feb-2026
Castile-La Mancha solar project CCCLXXXVIII,--,,Spain,14.9,operating,2023.0,,,40.6378,-3.2892,exact,Castilla-La Mancha,L100001053594,G100001061388,GEM Global Solar Power Tracker Feb-2026
Castile-La Mancha solar project CCCV,--,,Spain,8.0,operating,2023.0,,,38.7129,-1.3532,exact,Castilla-La Mancha,L100001053017,G100001060811,GEM Global Solar Power Tracker Feb-2026
Castile-La Mancha solar project CCCVI,--,,Spain,2.5,operating,2024.0,,,39.5396,-1.7263,exact,Castilla-La Mancha,L100001053018,G100001060812,GEM Global Solar Power Tracker Feb-2026
Castile-La Mancha solar project CCCVII,--,,Spain,1.0,operating,2023.0,,,39.2887,-2.5964,exact,Castilla-La Mancha,L100001053023,G100001060817,GEM Global Solar Power Tracker Feb-2026
Castile-La Mancha solar project CCCVIII,--,,Spain,4.6,operating,2017.0,,,39.2224,-2.215,exact,Castilla-La Mancha,L100001053026,G100001060820,GEM Global Solar Power Tracker Feb-2026
Castile-La Mancha solar project CCCX,--,,Spain,3.2,operating,2023.0,,,39.6206,-3.2093,exact,Castilla-La Mancha,L100001053038,G100001060832,GEM Global Solar Power Tracker Feb-2026
Castile-La Mancha solar project CCCXC,--,,Spain,1.1,operating,2017.0,,,39.5608,-3.8627,exact,Castilla-La Mancha,L100001053602,G100001061396,GEM Global Solar Power Tracker Feb-2026
Castile-La Mancha solar project CCCXCI,--,,Spain,2.3,operating,2017.0,,,39.1626,-1.7664,exact,Castilla-La Mancha,L100001053604,G100001061398,GEM Global Solar Power Tracker Feb-2026
Castile-La Mancha solar project CCCXCII,--,,Spain,3.0,operating,2023.0,,,39.1403,-2.0596,exact,Castilla-La Mancha,L100001053608,G100001061402,GEM Global Solar Power Tracker Feb-2026
Castile-La Mancha solar project CCCXCIII,--,,Spain,6.1,operating,2023.0,,,38.5182,-3.5199,exact,Castilla-La Mancha,L100001053621,G100001061415,GEM Global Solar Power Tracker Feb-2026
Castile-La Mancha solar project CCCXCIV,--,,Spain,1.4,operating,2025.0,,,40.5203,-2.8034,exact,Castilla-La Mancha,L100001053625,G100001061419,GEM Global Solar Power Tracker Feb-2026
Castile-La Mancha solar project CCCXCIX,--,,Spain,1.4,operating,2017.0,,,40.0163,-4.1881,exact,Castilla-La Mancha,L100001053653,G100001061447,GEM Global Solar Power Tracker Feb-2026
Castile-La Mancha solar project CCCXCV,--,,Spain,1.2,operating,2023.0,,,39.923,-3.0004,exact,Castilla-La Mancha,L100001053630,G100001061424,GEM Global Solar Power Tracker Feb-2026
Castile-La Mancha solar project CCCXCVI,--,,Spain,1.2,operating,2017.0,,,40.1291,-4.3266,exact,Castilla-La Mancha,L100001053636,G100001061430,GEM Global Solar Power Tracker Feb-2026
Castile-La Mancha solar project CCCXCVII,--,,Spain,1.2,operating,2017.0,,,38.6684,-1.862,exact,Castilla-La Mancha,L100001053645,G100001061439,GEM Global Solar Power Tracker Feb-2026
Castile-La Mancha solar project CCCXCVIII,--,,Spain,5.2,operating,2023.0,,,39.8955,-4.2777,exact,Castilla-La Mancha,L100001053646,G100001061440,GEM Global Solar Power Tracker Feb-2026
Castile-La Mancha solar project CCCXI,--,,Spain,1.2,operating,2022.0,,,39.5362,-2.9334,exact,Castilla-La Mancha,L100001053040,G100001060834,GEM Global Solar Power Tracker Feb-2026
Castile-La Mancha solar project CCCXII,--,,Spain,2.2,operating,2017.0,,,40.9417,-2.8474,exact,Castilla-La Mancha,L100001053044,G100001060838,GEM Global Solar Power Tracker Feb-2026
Castile-La Mancha solar project CCCXIII,--,,Spain,6.9,operating,2025.0,,,39.3221,-3.2152,exact,Castilla-La Mancha,L100001053051,G100001060845,GEM Global Solar Power Tracker Feb-2026
Castile-La Mancha solar project CCCXIV,--,,Spain,1.2,operating,2023.0,,,39.6685,-4.3444,exact,Castilla-La Mancha,L100001053052,G100001060846,GEM Global Solar Power Tracker Feb-2026
Castile-La Mancha solar project CCCXIX,--,,Spain,1.4,operating,2017.0,,,39.9748,-3.4155,exact,Castilla-La Mancha,L100001053096,G100001060890,GEM Global Solar Power Tracker Feb-2026
Castile-La Mancha solar project CCCXL,--,,Spain,1.6,operating,2017.0,,,38.6948,-1.5686,exact,Castilla-La Mancha,L100001053277,G100001061071,GEM Global Solar Power Tracker Feb-2026
Castile-La Mancha solar project CCCXLI,--,,Spain,7.1,operating,2025.0,,,39.2655,-1.5263,exact,Castilla-La Mancha,L100001053278,G100001061072,GEM Global Solar Power Tracker Feb-2026
Castile-La Mancha solar project CCCXLII,--,,Spain,4.1,operating,2017.0,,,38.7368,-3.1815,exact,Castilla-La Mancha,L100001053281,G100001061075,GEM Global Solar Power Tracker Feb-2026
Castile-La Mancha solar project CCCXLIII,--,,Spain,6.9,operating,2023.0,,,39.8921,-5.3369,exact,Castilla-La Mancha,L100001053297,G100001061091,GEM Global Solar Power Tracker Feb-2026
Castile-La Mancha solar project CCCXLIV,--,,Spain,2.4,operating,2023.0,,,40.8297,-3.243,exact,Castilla-La Mancha,L100001053300,G100001061094,GEM Global Solar Power Tracker Feb-2026
Castile-La Mancha solar project CCCXLIX,--,,Spain,4.2,operating,2023.0,,,38.8515,-1.0833,exact,Castilla-La Mancha,L100001053345,G100001061139,GEM Global Solar Power Tracker Feb-2026
Castile-La Mancha solar project CCCXLV,--,,Spain,6.9,operating,2023.0,,,39.0484,-2.488,exact,Castilla-La Mancha,L100001053314,G100001061108,GEM Global Solar Power Tracker Feb-2026
Castile-La Mancha solar project CCCXLVI,--,,Spain,5.0,operating,2023.0,,,40.0495,-3.7049,exact,Castilla-La Mancha,L100001053317,G100001061111,GEM Global Solar Power Tracker Feb-2026
Castile-La Mancha solar project CCCXLVII,--,,Spain,1.0,operating,2017.0,,,39.2735,-1.4177,exact,Castilla-La Mancha,L100001053318,G100001061112,GEM Global Solar Power Tracker Feb-2026
Castile-La Mancha solar project CCCXLVIII,--,,Spain,1.3,operating,2017.0,,,39.7672,-4.5808,exact,Castilla-La Mancha,L100001053341,G100001061135,GEM Global Solar Power Tracker Feb-2026
Castile-La Mancha solar project CCCXV,--,,Spain,2.2,operating,2017.0,,,40.3701,-2.8483,exact,Castilla-La Mancha,L100001053074,G100001060868,GEM Global Solar Power Tracker Feb-2026
Castile-La Mancha solar project CCCXVI,--,,Spain,1.7,operating,2023.0,,,39.2661,-1.7436,exact,Castilla-La Mancha,L100001053079,G100001060873,GEM Global Solar Power Tracker Feb-2026
Castile-La Mancha solar project CCCXVII,--,,Spain,5.0,operating,2025.0,,,39.4684,-3.2852,exact,Castilla-La Mancha,L100001053083,G100001060877,GEM Global Solar Power Tracker Feb-2026
Castile-La Mancha solar project CCCXVIII,--,,Spain,2.3,operating,2017.0,,,38.676,-4.1457,exact,Castilla-La Mancha,L100001053093,G100001060887,GEM Global Solar Power Tracker Feb-2026
Castile-La Mancha solar project CCCXX,--,,Spain,4.1,operating,2023.0,,,39.0832,-3.5825,exact,Castilla-La Mancha,L100001053098,G100001060892,GEM Global Solar Power Tracker Feb-2026
Castile-La Mancha solar project CCCXXI,--,,Spain,1.3,operating,2023.0,,,39.7257,-2.9345,exact,Castilla-La Mancha,L100001053110,G100001060904,GEM Global Solar Power Tracker Feb-2026
Castile-La Mancha solar project CCCXXII,--,,Spain,1.6,operating,2025.0,,,40.0338,-4.7688,exact,Castilla-La Mancha,L100001053116,G100001060910,GEM Global Solar Power Tracker Feb-2026
Castile-La Mancha solar project CCCXXIII,--,,Spain,1.3,operating,2023.0,,,39.28,-2.5941,exact,Castilla-La Mancha,L100001053122,G100001060916,GEM Global Solar Power Tracker Feb-2026
Castile-La Mancha solar project CCCXXIV,--,,Spain,1.1,operating,2025.0,,,39.3353,-2.3615,exact,Castilla-La Mancha,L100001053134,G100001060928,GEM Global Solar Power Tracker Feb-2026
Castile-La Mancha solar project CCCXXIX,--,,Spain,1.1,operating,2017.0,,,39.2627,-1.7178,exact,Castilla-La Mancha,L100001053155,G100001060949,GEM Global Solar Power Tracker Feb-2026
Castile-La Mancha solar project CCCXXV,--,,Spain,6.4,operating,2017.0,,,39.6247,-2.8125,exact,Castilla-La Mancha,L100001053140,G100001060934,GEM Global Solar Power Tracker Feb-2026
Castile-La Mancha solar project CCCXXVI,--,,Spain,2.2,operating,2023.0,,,38.9041,-1.4747,exact,Castilla-La Mancha,L100001053145,G100001060939,GEM Global Solar Power Tracker Feb-2026
Castile-La Mancha solar project CCCXXVII,--,,Spain,1.8,operating,2023.0,,,39.3561,-3.3063,exact,Castilla-La Mancha,L100001053147,G100001060941,GEM Global Solar Power Tracker Feb-2026
Castile-La Mancha solar project CCCXXVIII,--,,Spain,2.7,operating,2017.0,,,39.943,-4.5043,exact,Castilla-La Mancha,L100001053153,G100001060947,GEM Global Solar Power Tracker Feb-2026
Castile-La Mancha solar project CCCXXX,--,,Spain,2.1,operating,2023.0,,,40.7784,-3.121,exact,Castilla-La Mancha,L100001053159,G100001060953,GEM Global Solar Power Tracker Feb-2026
Castile-La Mancha solar project CCCXXXI,--,,Spain,15.6,operating,2021.0,,,40.0126,-4.8063,exact,Castilla-La Mancha,L100001053162,G100001060956,GEM Global Solar Power Tracker Feb-2026
Castile-La Mancha solar project CCCXXXII,--,,Spain,1.0,operating,2020.0,,,39.11,-2.0123,exact,Castilla-La Mancha,L100001053163,G100001060957,GEM Global Solar Power Tracker Feb-2026
Castile-La Mancha solar project CCCXXXIII,--,,Spain,5.7,operating,2023.0,,,39.0047,-2.142,exact,Castilla-La Mancha,L100001053168,G100001060962,GEM Global Solar Power Tracker Feb-2026
Castile-La Mancha solar project CCCXXXIV,--,,Spain,1.4,operating,2023.0,,,39.6058,-3.1835,exact,Castilla-La Mancha,L100001053195,G100001060989,GEM Global Solar Power Tracker Feb-2026
Castile-La Mancha solar project CCCXXXIX,--,,Spain,14.0,operating,2023.0,,,38.622,-4.0165,exact,Castilla-La Mancha,L100001053271,G100001061065,GEM Global Solar Power Tracker Feb-2026
Castile-La Mancha solar project CCCXXXV,--,,Spain,3.1,operating,2017.0,,,39.3062,-2.7953,exact,Castilla-La Mancha,L100001053244,G100001061038,GEM Global Solar Power Tracker Feb-2026
Castile-La Mancha solar project CCCXXXVI,--,,Spain,1.7,operating,2017.0,,,39.4374,-1.7221,exact,Castilla-La Mancha,L100001053257,G100001061051,GEM Global Solar Power Tracker Feb-2026
Castile-La Mancha solar project CCCXXXVII,--,,Spain,4.1,operating,2018.0,,,39.8614,-4.7027,exact,Castilla-La Mancha,L100001053267,G100001061061,GEM Global Solar Power Tracker Feb-2026
Castile-La Mancha solar project CCCXXXVIII,--,,Spain,6.4,operating,2017.0,,,38.5638,-1.5389,exact,Castilla-La Mancha,L100001053269,G100001061063,GEM Global Solar Power Tracker Feb-2026
Castile-La Mancha solar project CCIV,--,,Spain,5.0,operating,2022.0,,,40.0398,-3.3769,exact,Castilla-La Mancha,L100001010222,G100001011592,GEM Global Solar Power Tracker Feb-2026
Castile-La Mancha solar project CCIX,--,,Spain,3.3,operating,2019.0,,,40.0398,-3.1275,exact,Castilla-La Mancha,L100001010227,G100001011597,GEM Global Solar Power Tracker Feb-2026
Castile-La Mancha solar project CCL,--,,Spain,4.4,operating,2021.0,,,39.8588,-4.2088,exact,Castilla-La Mancha,L100001010418,G100001011788,GEM Global Solar Power Tracker Feb-2026
Castile-La Mancha solar project CCLIV,--,,Spain,14.6,operating,2023.0,,,38.7556,-1.5765,exact,Castilla-La Mancha,L100001010444,G100001011814,GEM Global Solar Power Tracker Feb-2026
Castile-La Mancha solar project CCLIX,--,,Spain,2.9,operating,2023.0,,,39.9193,-5.1943,exact,Castilla-La Mancha,L100001010465,G100001011835,GEM Global Solar Power Tracker Feb-2026
Castile-La Mancha solar project CCLVII,--,,Spain,11.5,operating,2020.0,,,38.3177,-1.8777,exact,Castilla-La Mancha,L100001010448,G100001011818,GEM Global Solar Power Tracker Feb-2026
Castile-La Mancha solar project CCLVIII,--,,Spain,4.1,operating,2022.0,,,39.9454,-4.9625,exact,Castilla-La Mancha,L100001010463,G100001011833,GEM Global Solar Power Tracker Feb-2026
Castile-La Mancha solar project CCLXII,--,,Spain,1.9,operating,2017.0,,,38.9075,-3.8053,exact,Castilla-La Mancha,L100001010496,G100001011866,GEM Global Solar Power Tracker Feb-2026
Castile-La Mancha solar project CCLXIII,--,,Spain,1.6,operating,2022.0,,,39.3679,-3.8302,exact,Castilla-La Mancha,L100001010497,G100001011867,GEM Global Solar Power Tracker Feb-2026
Castile-La Mancha solar project CCLXIV,--,,Spain,3.3,operating,2017.0,,,39.705,-4.1489,exact,Castilla-La Mancha,L100001010498,G100001011868,GEM Global Solar Power Tracker Feb-2026
Castile-La Mancha solar project CCLXV,--,,Spain,2.7,operating,2021.0,,,39.6436,-3.7745,exact,Castilla-La Mancha,L100001010499,G100001011869,GEM Global Solar Power Tracker Feb-2026
Castile-La Mancha solar project CCLXVI,--,,Spain,1.6,operating,2022.0,,,39.8314,-4.4038,exact,Castilla-La Mancha,L100001010500,G100001011870,GEM Global Solar Power Tracker Feb-2026
Castile-La Mancha solar project CCLXVII,--,,Spain,2.3,operating,2023.0,,,39.3039,-2.8029,exact,Castilla-La Mancha,L100001010509,G100001011879,GEM Global Solar Power Tracker Feb-2026
Castile-La Mancha solar project CCLXVIII,--,,Spain,2.7,operating,2017.0,,,39.3008,-3.0492,exact,Castilla-La Mancha,L100001010510,G100001011880,GEM Global Solar Power Tracker Feb-2026
Castile-La Mancha solar project CCLXX,--,,Spain,14.2,operating,2023.0,,,39.7336,-4.1,exact,Castilla-La Mancha,L100001010531,G100001011901,GEM Global Solar Power Tracker Feb-2026
Castile-La Mancha solar project CCLXXII,--,,Spain,3.6,operating,2017.0,,,40.5217,-3.0643,exact,Castilla-La Mancha,L100001010533,G100001011903,GEM Global Solar Power Tracker Feb-2026
Castile-La Mancha solar project CCLXXIII,--,,Spain,17.6,operating,2021.0,,,39.9461,-2.6311,exact,Castilla-La Mancha,L100001010540,G100001011910,GEM Global Solar Power Tracker Feb-2026
Castile-La Mancha solar project CCLXXIV,--,,Spain,5.2,operating,2023.0,,,39.2113,-3.0693,exact,Castilla-La Mancha,L100001010555,G100001011925,GEM Global Solar Power Tracker Feb-2026
Castile-La Mancha solar project CCLXXIX,--,,Spain,2.5,operating,2023.0,,,39.3591,-3.0273,exact,Castilla-La Mancha,L100001052802,G100001060596,GEM Global Solar Power Tracker Feb-2026
Castile-La Mancha solar project CCLXXV,--,,Spain,2.3,operating,2023.0,,,39.7011,-3.4968,exact,Castilla-La Mancha,L100001052792,G100001060586,GEM Global Solar Power Tracker Feb-2026
Castile-La Mancha solar project CCLXXVI,--,,Spain,4.6,operating,2024.0,,,40.9404,-2.9403,exact,Castilla-La Mancha,L100001052794,G100001060588,GEM Global Solar Power Tracker Feb-2026
Castile-La Mancha solar project CCLXXVII,--,,Spain,1.4,operating,2024.0,,,40.9577,-2.6542,exact,Castilla-La Mancha,L100001052795,G100001060589,GEM Global Solar Power Tracker Feb-2026
Castile-La Mancha solar project CCLXXVIII,--,,Spain,1.0,operating,2017.0,,,39.4515,-1.6393,exact,Castilla-La Mancha,L100001052800,G100001060594,GEM Global Solar Power Tracker Feb-2026
Castile-La Mancha solar project CCLXXX,--,,Spain,3.8,operating,2023.0,,,40.0561,-3.805,exact,Castilla-La Mancha,L100001052806,G100001060600,GEM Global Solar Power Tracker Feb-2026
Castile-La Mancha solar project CCLXXXI,--,,Spain,1.5,operating,2024.0,,,40.0377,-3.6858,exact,Castilla-La Mancha,L100001052807,G100001060601,GEM Global Solar Power Tracker Feb-2026
Castile-La Mancha solar project CCLXXXII,--,,Spain,2.5,operating,2017.0,,,38.8901,-1.3493,exact,Castilla-La Mancha,L100001052808,G100001060602,GEM Global Solar Power Tracker Feb-2026
Castile-La Mancha solar project CCLXXXIII,--,,Spain,1.4,operating,2025.0,,,40.8992,-3.1619,exact,Castilla-La Mancha,L100001052831,G100001060625,GEM Global Solar Power Tracker Feb-2026
Castile-La Mancha solar project CCLXXXIV,--,,Spain,1.6,operating,2024.0,,,39.2036,-3.8061,exact,Castilla-La Mancha,L100001052835,G100001060629,GEM Global Solar Power Tracker Feb-2026
Castile-La Mancha solar project CCLXXXIX,--,,Spain,1.4,operating,2019.0,,,38.7552,-2.8422,exact,Castilla-La Mancha,L100001052902,G100001060696,GEM Global Solar Power Tracker Feb-2026
Castile-La Mancha solar project CCLXXXV,--,,Spain,8.1,operating,2023.0,,,39.9296,-4.8648,exact,Castilla-La Mancha,L100001052844,G100001060638,GEM Global Solar Power Tracker Feb-2026
Castile-La Mancha solar project CCLXXXVI,--,,Spain,1.2,operating,2017.0,,,40.0356,-4.8513,exact,Castilla-La Mancha,L100001052847,G100001060641,GEM Global Solar Power Tracker Feb-2026
Castile-La Mancha solar project CCLXXXVII,--,,Spain,3.6,operating,2017.0,,,39.276,-1.5298,exact,Castilla-La Mancha,L100001052861,G100001060655,GEM Global Solar Power Tracker Feb-2026
Castile-La Mancha solar project CCLXXXVIII,--,,Spain,1.1,operating,2025.0,,,39.2631,-1.8529,exact,Castilla-La Mancha,L100001052875,G100001060669,GEM Global Solar Power Tracker Feb-2026
Castile-La Mancha solar project CCVI,--,,Spain,3.2,operating,2021.0,,,39.9717,-2.9639,exact,Castilla-La Mancha,L100001010224,G100001011594,GEM Global Solar Power Tracker Feb-2026
Castile-La Mancha solar project CCVII,--,,Spain,2.2,operating,2022.0,,,39.9774,-2.9716,exact,Castilla-La Mancha,L100001010225,G100001011595,GEM Global Solar Power Tracker Feb-2026
Castile-La Mancha solar project CCXC,--,,Spain,1.1,operating,2023.0,,,39.3342,-1.6255,exact,Castilla-La Mancha,L100001052911,G100001060705,GEM Global Solar Power Tracker Feb-2026
Castile-La Mancha solar project CCXCI,--,,Spain,2.3,operating,2017.0,,,38.7422,-3.0481,exact,Castilla-La Mancha,L100001052912,G100001060706,GEM Global Solar Power Tracker Feb-2026
Castile-La Mancha solar project CCXCII,--,,Spain,1.8,operating,2024.0,,,39.5469,-1.6278,exact,Castilla-La Mancha,L100001052927,G100001060721,GEM Global Solar Power Tracker Feb-2026
Castile-La Mancha solar project CCXCIII,--,,Spain,5.9,operating,2024.0,,,39.5176,-3.4574,exact,Castilla-La Mancha,L100001052943,G100001060737,GEM Global Solar Power Tracker Feb-2026
Castile-La Mancha solar project CCXCIV,--,,Spain,1.0,operating,2025.0,,,40.073,-3.8681,exact,Castilla-La Mancha,L100001052948,G100001060742,GEM Global Solar Power Tracker Feb-2026
Castile-La Mancha solar project CCXCIX,--,,Spain,15.5,operating,2024.0,,,39.564,-1.6331,exact,Castilla-La Mancha,L100001052996,G100001060790,GEM Global Solar Power Tracker Feb-2026
Castile-La Mancha solar project CCXCV,--,,Spain,1.6,operating,2025.0,,,38.7954,-3.899,exact,Castilla-La Mancha,L100001052955,G100001060749,GEM Global Solar Power Tracker Feb-2026
Castile-La Mancha solar project CCXCVI,--,,Spain,18.5,operating,2024.0,,,38.7034,-4.2166,exact,Castilla-La Mancha,L100001052968,G100001060762,GEM Global Solar Power Tracker Feb-2026
Castile-La Mancha solar project CCXCVII,--,,Spain,3.5,operating,2024.0,,,40.2174,-4.0986,exact,Castilla-La Mancha,L100001052972,G100001060766,GEM Global Solar Power Tracker Feb-2026
Castile-La Mancha solar project CCXCVIII,--,,Spain,2.1,operating,2025.0,,,38.6735,-4.1597,exact,Castilla-La Mancha,L100001052983,G100001060777,GEM Global Solar Power Tracker Feb-2026
Castile-La Mancha solar project CCXLI,--,,Spain,2.6,operating,2017.0,,,39.2629,-2.1829,exact,Castilla-La Mancha,L100001010383,G100001011753,GEM Global Solar Power Tracker Feb-2026
Castile-La Mancha solar project CCXLII,--,,Spain,1.6,operating,2021.0,,,39.1949,-2.1799,exact,Castilla-La Mancha,L100001010384,G100001011754,GEM Global Solar Power Tracker Feb-2026
Castile-La Mancha solar project CCXLIII,--,,Spain,2.8,operating,2022.0,,,40.0094,-2.228,exact,Castilla-La Mancha,L100001010385,G100001011755,GEM Global Solar Power Tracker Feb-2026
Castile-La Mancha solar project CCXLVI,--,,Spain,7.6,operating,2023.0,,,39.4278,-3.2919,exact,Castilla-La Mancha,L100001010399,G100001011769,GEM Global Solar Power Tracker Feb-2026
Castile-La Mancha solar project CCXLVII,--,,Spain,5.6,operating,2017.0,,,39.6738,-4.1922,exact,Castilla-La Mancha,L100001010400,G100001011770,GEM Global Solar Power Tracker Feb-2026
Castile-La Mancha solar project CCXXII,--,,Spain,4.4,operating,2022.0,,,40.7429,-3.1915,exact,Castilla-La Mancha,L100001010240,G100001011610,GEM Global Solar Power Tracker Feb-2026
Castile-La Mancha solar project CCXXVII,--,,Spain,5.7,operating,2017.0,,,39.7649,-2.5736,exact,Castilla-La Mancha,L100001010247,G100001011617,GEM Global Solar Power Tracker Feb-2026
Castile-La Mancha solar project CCXXVIII,--,,Spain,19.9,operating,2023.0,,,39.961,-2.6187,exact,Castilla-La Mancha,L100001010248,G100001011618,GEM Global Solar Power Tracker Feb-2026
Castile-La Mancha solar project CCXXXI,--,,Spain,3.1,operating,2022.0,,,39.9917,-2.0376,exact,Castilla-La Mancha,L100001010251,G100001011621,GEM Global Solar Power Tracker Feb-2026
Castile-La Mancha solar project CCXXXIV,--,,Spain,6.0,operating,2022.0,,,38.9234,-1.3511,exact,Castilla-La Mancha,L100001010301,G100001011671,GEM Global Solar Power Tracker Feb-2026
Castile-La Mancha solar project CD,--,,Spain,3.1,operating,2023.0,,,40.9423,-2.8636,exact,Castilla-La Mancha,L100001053657,G100001061451,GEM Global Solar Power Tracker Feb-2026
Castile-La Mancha solar project CDI,--,,Spain,1.0,operating,2019.0,,,39.2008,-1.5387,exact,Castilla-La Mancha,L100001053675,G100001061469,GEM Global Solar Power Tracker Feb-2026
Castile-La Mancha solar project CDII,--,,Spain,1.5,operating,2017.0,,,39.4331,-3.9328,exact,Castilla-La Mancha,L100001053680,G100001061474,GEM Global Solar Power Tracker Feb-2026
Castile-La Mancha solar project CDIII,--,,Spain,1.1,operating,2022.0,,,39.1369,-3.5665,exact,Castilla-La Mancha,L100001053683,G100001061477,GEM Global Solar Power Tracker Feb-2026
Castile-La Mancha solar project CDIV,--,,Spain,1.3,operating,2025.0,,,39.8324,-5.1381,exact,Castilla-La Mancha,L100001053693,G100001061487,GEM Global Solar Power Tracker Feb-2026
Castile-La Mancha solar project CDIX,--,,Spain,1.3,operating,2021.0,,,39.5362,-2.9391,exact,Castilla-La Mancha,L100001053743,G100001061537,GEM Global Solar Power Tracker Feb-2026
Castile-La Mancha solar project CDV,--,,Spain,6.9,operating,2025.0,,,38.6283,-3.994,exact,Castilla-La Mancha,L100001053707,G100001061501,GEM Global Solar Power Tracker Feb-2026
Castile-La Mancha solar project CDVI,--,,Spain,1.3,operating,2017.0,,,39.7787,-2.4214,exact,Castilla-La Mancha,L100001053708,G100001061502,GEM Global Solar Power Tracker Feb-2026
Castile-La Mancha solar project CDVII,--,,Spain,1.3,operating,2017.0,,,40.5969,-3.2604,exact,Castilla-La Mancha,L100001053719,G100001061513,GEM Global Solar Power Tracker Feb-2026
Castile-La Mancha solar project CDVIII,--,,Spain,3.1,operating,2023.0,,,40.7868,-3.2948,exact,Castilla-La Mancha,L100001053720,G100001061514,GEM Global Solar Power Tracker Feb-2026
Castile-La Mancha solar project CDX,--,,Spain,1.5,operating,2024.0,,,38.8288,-4.6935,exact,Castilla-La Mancha,L100001053749,G100001061543,GEM Global Solar Power Tracker Feb-2026
Castile-La Mancha solar project CDXI,--,,Spain,9.2,operating,2017.0,,,39.2919,-3.4637,exact,Castilla-La Mancha,L100001053750,G100001061544,GEM Global Solar Power Tracker Feb-2026
Castile-La Mancha solar project CDXII,--,,Spain,1.0,operating,2022.0,,,39.7561,-2.9351,exact,Castilla-La Mancha,L100001053764,G100001061558,GEM Global Solar Power Tracker Feb-2026
Castile-La Mancha solar project CDXIII,--,,Spain,4.7,operating,2017.0,,,38.9282,-2.3458,exact,Castilla-La Mancha,L100001053766,G100001061560,GEM Global Solar Power Tracker Feb-2026
Castile-La Mancha solar project CDXIV,--,,Spain,15.8,operating,2017.0,,,38.8823,-1.3325,exact,Castilla-La Mancha,L100001053767,G100001061561,GEM Global Solar Power Tracker Feb-2026
Castile-La Mancha solar project CDXIX,--,,Spain,3.2,operating,2023.0,,,38.5786,-1.7631,exact,Castilla-La Mancha,L100001053808,G100001061602,GEM Global Solar Power Tracker Feb-2026
Castile-La Mancha solar project CDXV,--,,Spain,1.4,operating,2017.0,,,39.044,-2.1908,exact,Castilla-La Mancha,L100001053768,G100001061562,GEM Global Solar Power Tracker Feb-2026
Castile-La Mancha solar project CDXVI,--,,Spain,8.0,operating,2025.0,,,40.1321,-4.3969,exact,Castilla-La Mancha,L100001053790,G100001061584,GEM Global Solar Power Tracker Feb-2026
Castile-La Mancha solar project CDXVII,--,,Spain,2.4,operating,2024.0,,,40.0725,-3.6641,exact,Castilla-La Mancha,L100001053791,G100001061585,GEM Global Solar Power Tracker Feb-2026
Castile-La Mancha solar project CDXVIII,--,,Spain,3.7,operating,2023.0,,,39.6767,-4.2588,exact,Castilla-La Mancha,L100001053793,G100001061587,GEM Global Solar Power Tracker Feb-2026
Castile-La Mancha solar project CDXX,--,,Spain,2.2,operating,2017.0,,,39.7846,-4.1345,exact,Castilla-La Mancha,L100001053812,G100001061606,GEM Global Solar Power Tracker Feb-2026
Castile-La Mancha solar project CDXXI,--,,Spain,3.2,operating,2017.0,,,39.1547,-3.3304,exact,Castilla-La Mancha,L100001053818,G100001061612,GEM Global Solar Power Tracker Feb-2026
Castile-La Mancha solar project CDXXII,--,,Spain,4.1,operating,2025.0,,,39.8053,-3.2216,exact,Castilla-La Mancha,L100001053834,G100001061628,GEM Global Solar Power Tracker Feb-2026
Castile-La Mancha solar project CDXXIII,--,,Spain,3.0,operating,2023.0,,,38.6533,-4.0584,exact,Castilla-La Mancha,L100001053835,G100001061629,GEM Global Solar Power Tracker Feb-2026
Castile-La Mancha solar project CDXXIV,--,,Spain,2.7,operating,2017.0,,,38.7238,-3.9225,exact,Castilla-La Mancha,L100001053840,G100001061634,GEM Global Solar Power Tracker Feb-2026
Castile-La Mancha solar project CDXXV,--,,Spain,1.7,operating,2021.0,,,39.9336,-4.0032,exact,Castilla-La Mancha,L100001053843,G100001061637,GEM Global Solar Power Tracker Feb-2026
Castile-La Mancha solar project CDXXVI,--,,Spain,2.1,operating,2024.0,,,40.9345,-2.9195,exact,Castilla-La Mancha,L100001053845,G100001061639,GEM Global Solar Power Tracker Feb-2026
Castile-La Mancha solar project CI,--,,Spain,3.9,operating,2023.0,,,39.7201,-3.7483,exact,Castilla-La Mancha,L100001009715,G100001011085,GEM Global Solar Power Tracker Feb-2026
Castile-La Mancha solar project CII,--,,Spain,2.3,operating,2023.0,,,41.1271,-2.6926,exact,Castilla-La Mancha,L100001009716,G100001011086,GEM Global Solar Power Tracker Feb-2026
Castile-La Mancha solar project CIII,--,,Spain,13.2,operating,2023.0,,,39.1082,-1.476,exact,Castilla-La Mancha,L100001009724,G100001011094,GEM Global Solar Power Tracker Feb-2026
Castile-La Mancha solar project CIV,--,,Spain,12.2,operating,2017.0,,,39.4397,-1.7067,exact,Castilla-La Mancha,L100001009727,G100001011097,GEM Global Solar Power Tracker Feb-2026
Castile-La Mancha solar project CIX,--,,Spain,2.5,operating,2017.0,,,39.7294,-4.2294,exact,Castilla-La Mancha,L100001009747,G100001011117,GEM Global Solar Power Tracker Feb-2026
Castile-La Mancha solar project CL,--,,Spain,4.5,operating,2017.0,,,39.2309,-1.4825,exact,Castilla-La Mancha,L100001009938,G100001011308,GEM Global Solar Power Tracker Feb-2026
Castile-La Mancha solar project CLI,--,,Spain,2.5,operating,2017.0,,,38.4741,-2.0525,exact,Castilla-La Mancha,L100001009940,G100001011310,GEM Global Solar Power Tracker Feb-2026
Castile-La Mancha solar project CLII,--,,Spain,8.4,operating,2017.0,,,38.748,-1.6523,exact,Castilla-La Mancha,L100001009947,G100001011317,GEM Global Solar Power Tracker Feb-2026
Castile-La Mancha solar project CLIII,--,,Spain,7.0,operating,2023.0,,,39.9946,-3.5065,exact,Castilla-La Mancha,L100001009952,G100001011322,GEM Global Solar Power Tracker Feb-2026
Castile-La Mancha solar project CLIV,--,,Spain,3.2,operating,2023.0,,,38.9323,-3.8605,exact,Castilla-La Mancha,L100001009953,G100001011323,GEM Global Solar Power Tracker Feb-2026
Castile-La Mancha solar project CLIX,--,,Spain,4.5,operating,2017.0,,,39.9338,-3.47,exact,Castilla-La Mancha,L100001009970,G100001011340,GEM Global Solar Power Tracker Feb-2026
Castile-La Mancha solar project CLVI,--,,Spain,6.4,operating,2017.0,,,39.259,-1.7617,exact,Castilla-La Mancha,L100001009958,G100001011328,GEM Global Solar Power Tracker Feb-2026
Castile-La Mancha solar project CLVII,--,,Spain,6.3,operating,2023.0,,,39.4746,-2.7417,exact,Castilla-La Mancha,L100001009960,G100001011330,GEM Global Solar Power Tracker Feb-2026
Castile-La Mancha solar project CLVIII,--,,Spain,5.8,operating,2017.0,,,38.7668,-1.8953,exact,Castilla-La Mancha,L100001009968,G100001011338,GEM Global Solar Power Tracker Feb-2026
Castile-La Mancha solar project CLX,--,,Spain,6.5,operating,2017.0,,,39.8199,-4.6398,exact,Castilla-La Mancha,L100001009973,G100001011343,GEM Global Solar Power Tracker Feb-2026
Castile-La Mancha solar project CLXI,--,,Spain,2.8,operating,2017.0,,,39.9494,-2.9188,exact,Castilla-La Mancha,L100001009979,G100001011349,GEM Global Solar Power Tracker Feb-2026
Castile-La Mancha solar project CLXII,--,,Spain,3.3,operating,2017.0,,,39.2521,-1.2597,exact,Castilla-La Mancha,L100001009981,G100001011351,GEM Global Solar Power Tracker Feb-2026
Castile-La Mancha solar project CLXIII,--,,Spain,8.7,operating,2017.0,,,39.2216,-2.6247,exact,Castilla-La Mancha,L100001009991,G100001011361,GEM Global Solar Power Tracker Feb-2026
Castile-La Mancha solar project CLXIV,--,,Spain,4.9,operating,2017.0,,,39.0068,-2.1218,exact,Castilla-La Mancha,L100001009998,G100001011368,GEM Global Solar Power Tracker Feb-2026
Castile-La Mancha solar project CLXIX,--,,Spain,2.0,operating,2017.0,,,39.7805,-1.6767,exact,Castilla-La Mancha,L100001010032,G100001011402,GEM Global Solar Power Tracker Feb-2026
Castile-La Mancha solar project CLXVII,--,,Spain,4.5,operating,2023.0,,,39.7826,-5.1341,exact,Castilla-La Mancha,L100001010015,G100001011385,GEM Global Solar Power Tracker Feb-2026
Castile-La Mancha solar project CLXX,--,,Spain,4.8,operating,2017.0,,,39.8179,-4.9943,exact,Castilla-La Mancha,L100001010034,G100001011404,GEM Global Solar Power Tracker Feb-2026
Castile-La Mancha solar project CLXXI,--,,Spain,5.8,operating,2017.0,,,39.0417,-2.2144,exact,Castilla-La Mancha,L100001010036,G100001011406,GEM Global Solar Power Tracker Feb-2026
Castile-La Mancha solar project CLXXIII,--,,Spain,19.1,operating,2017.0,,,38.7416,-3.7667,exact,Castilla-La Mancha,L100001010040,G100001011410,GEM Global Solar Power Tracker Feb-2026
Castile-La Mancha solar project CLXXIV,--,,Spain,3.8,operating,2017.0,,,39.8311,-4.2994,exact,Castilla-La Mancha,L100001010046,G100001011416,GEM Global Solar Power Tracker Feb-2026
Castile-La Mancha solar project CLXXIX,--,,Spain,5.5,operating,2023.0,,,39.8923,-4.702,exact,Castilla-La Mancha,L100001010188,G100001011558,GEM Global Solar Power Tracker Feb-2026
Castile-La Mancha solar project CLXXV,--,,Spain,3.1,operating,2017.0,,,39.3508,-2.2217,exact,Castilla-La Mancha,L100001010048,G100001011418,GEM Global Solar Power Tracker Feb-2026
Castile-La Mancha solar project CLXXVI,--,,Spain,6.2,operating,2017.0,,,39.8112,-5.1342,exact,Castilla-La Mancha,L100001010049,G100001011419,GEM Global Solar Power Tracker Feb-2026
Castile-La Mancha solar project CLXXVIII,--,,Spain,4.9,operating,2021.0,,,39.7424,-4.6439,exact,Castilla-La Mancha,L100001010187,G100001011557,GEM Global Solar Power Tracker Feb-2026
Castile-La Mancha solar project CLXXX,--,,Spain,6.0,operating,2023.0,,,39.935,-5.1786,exact,Castilla-La Mancha,L100001010189,G100001011559,GEM Global Solar Power Tracker Feb-2026
Castile-La Mancha solar project CLXXXI,--,,Spain,3.2,operating,2021.0,,,39.0244,-3.5888,exact,Castilla-La Mancha,L100001010190,G100001011560,GEM Global Solar Power Tracker Feb-2026
Castile-La Mancha solar project CLXXXII,--,,Spain,2.3,operating,2017.0,,,39.7094,-3.8058,exact,Castilla-La Mancha,L100001010191,G100001011561,GEM Global Solar Power Tracker Feb-2026
Castile-La Mancha solar project CLXXXIII,--,,Spain,5.5,operating,2017.0,,,39.7284,-3.8711,exact,Castilla-La Mancha,L100001010192,G100001011562,GEM Global Solar Power Tracker Feb-2026
Castile-La Mancha solar project CLXXXIV,--,,Spain,4.4,operating,2020.0,,,39.8895,-3.6137,exact,Castilla-La Mancha,L100001010193,G100001011563,GEM Global Solar Power Tracker Feb-2026
Castile-La Mancha solar project CLXXXIX,--,,Spain,2.5,operating,2017.0,,,40.0075,-4.1761,exact,Castilla-La Mancha,L100001010198,G100001011568,GEM Global Solar Power Tracker Feb-2026
Castile-La Mancha solar project CLXXXVII,--,,Spain,1.9,operating,2021.0,,,39.9406,-3.5401,exact,Castilla-La Mancha,L100001010196,G100001011566,GEM Global Solar Power Tracker Feb-2026
Castile-La Mancha solar project CLXXXVIII,--,,Spain,5.2,operating,2017.0,,,39.9542,-4.4875,exact,Castilla-La Mancha,L100001010197,G100001011567,GEM Global Solar Power Tracker Feb-2026
Castile-La Mancha solar project CV,--,,Spain,4.1,operating,2017.0,,,39.4863,-2.7387,exact,Castilla-La Mancha,L100001009728,G100001011098,GEM Global Solar Power Tracker Feb-2026
Castile-La Mancha solar project CVI,--,,Spain,3.4,operating,2017.0,,,39.4395,-1.9059,exact,Castilla-La Mancha,L100001009729,G100001011099,GEM Global Solar Power Tracker Feb-2026
Castile-La Mancha solar project CVII,--,,Spain,5.8,operating,2017.0,,,39.5891,-1.7454,exact,Castilla-La Mancha,L100001009730,G100001011100,GEM Global Solar Power Tracker Feb-2026
Castile-La Mancha solar project CVIII,--,,Spain,2.0,operating,2023.0,,,38.9971,-3.4357,exact,Castilla-La Mancha,L100001009737,G100001011107,GEM Global Solar Power Tracker Feb-2026
Castile-La Mancha solar project CX,--,,Spain,5.0,operating,2017.0,,,39.9211,-3.7489,exact,Castilla-La Mancha,L100001009750,G100001011120,GEM Global Solar Power Tracker Feb-2026
Castile-La Mancha solar project CXC,--,,Spain,1.9,operating,2023.0,,,40.021,-3.8051,exact,Castilla-La Mancha,L100001010199,G100001011569,GEM Global Solar Power Tracker Feb-2026
Castile-La Mancha solar project CXCI,--,,Spain,16.6,operating,2021.0,,,40.0665,-4.1284,exact,Castilla-La Mancha,L100001010200,G100001011570,GEM Global Solar Power Tracker Feb-2026
Castile-La Mancha solar project CXCVII,--,,Spain,2.5,operating,2017.0,,,40.1002,-3.6374,exact,Castilla-La Mancha,L100001010207,G100001011577,GEM Global Solar Power Tracker Feb-2026
Castile-La Mancha solar project CXCVIII,--,,Spain,8.0,operating,2020.0,,,40.6925,-3.4042,exact,Castilla-La Mancha,L100001010208,G100001011578,GEM Global Solar Power Tracker Feb-2026
Castile-La Mancha solar project CXI,--,,Spain,2.5,operating,2017.0,,,40.1195,-2.226,exact,Castilla-La Mancha,L100001009757,G100001011127,GEM Global Solar Power Tracker Feb-2026
Castile-La Mancha solar project CXII,--,,Spain,5.3,operating,2017.0,,,38.8854,-1.1167,exact,Castilla-La Mancha,L100001009758,G100001011128,GEM Global Solar Power Tracker Feb-2026
Castile-La Mancha solar project CXIII,--,,Spain,2.9,operating,2017.0,,,39.6611,-3.8351,exact,Castilla-La Mancha,L100001009761,G100001011131,GEM Global Solar Power Tracker Feb-2026
Castile-La Mancha solar project CXIV,--,,Spain,5.5,operating,2017.0,,,41.0471,-2.6378,exact,Castilla-La Mancha,L100001009763,G100001011133,GEM Global Solar Power Tracker Feb-2026
Castile-La Mancha solar project CXIX,--,,Spain,3.7,operating,2023.0,,,39.9681,-3.4864,exact,Castilla-La Mancha,L100001009803,G100001011173,GEM Global Solar Power Tracker Feb-2026
Castile-La Mancha solar project CXL,--,,Spain,7.8,operating,2017.0,,,39.2055,-2.2184,exact,Castilla-La Mancha,L100001009905,G100001011275,GEM Global Solar Power Tracker Feb-2026
Castile-La Mancha solar project CXLI,--,,Spain,1.8,operating,2017.0,,,40.1137,-2.2152,exact,Castilla-La Mancha,L100001009907,G100001011277,GEM Global Solar Power Tracker Feb-2026
Castile-La Mancha solar project CXLIII,--,,Spain,3.3,operating,2023.0,,,39.2353,-4.3198,exact,Castilla-La Mancha,L100001009909,G100001011279,GEM Global Solar Power Tracker Feb-2026
Castile-La Mancha solar project CXLIV,--,,Spain,5.1,operating,2017.0,,,39.1267,-1.5959,exact,Castilla-La Mancha,L100001009912,G100001011282,GEM Global Solar Power Tracker Feb-2026
Castile-La Mancha solar project CXLIX,--,,Spain,3.8,operating,2023.0,,,39.2598,-2.3903,exact,Castilla-La Mancha,L100001009927,G100001011297,GEM Global Solar Power Tracker Feb-2026
Castile-La Mancha solar project CXLVI,--,,Spain,8.6,operating,2023.0,,,38.8416,-1.7244,exact,Castilla-La Mancha,L100001009922,G100001011292,GEM Global Solar Power Tracker Feb-2026
Castile-La Mancha solar project CXLVII,--,,Spain,2.3,operating,2017.0,,,39.8814,-4.2567,exact,Castilla-La Mancha,L100001009924,G100001011294,GEM Global Solar Power Tracker Feb-2026
Castile-La Mancha solar project CXLVIII,--,,Spain,2.4,operating,2023.0,,,40.5374,-3.2916,exact,Castilla-La Mancha,L100001009925,G100001011295,GEM Global Solar Power Tracker Feb-2026
Castile-La Mancha solar project CXV,--,,Spain,3.6,operating,2017.0,,,40.2376,-2.0812,exact,Castilla-La Mancha,L100001009775,G100001011145,GEM Global Solar Power Tracker Feb-2026
Castile-La Mancha solar project CXVI,--,,Spain,4.0,operating,2017.0,,,39.9083,-4.2373,exact,Castilla-La Mancha,L100001009798,G100001011168,GEM Global Solar Power Tracker Feb-2026
Castile-La Mancha solar project CXVII,--,,Spain,3.0,operating,2017.0,,,40.7736,-3.1979,exact,Castilla-La Mancha,L100001009799,G100001011169,GEM Global Solar Power Tracker Feb-2026
Castile-La Mancha solar project CXVIII,--,,Spain,3.0,operating,2023.0,,,39.9869,-3.5932,exact,Castilla-La Mancha,L100001009802,G100001011172,GEM Global Solar Power Tracker Feb-2026
Castile-La Mancha solar project CXX,--,,Spain,9.5,operating,2023.0,,,38.9106,-3.3842,exact,Castilla-La Mancha,L100001009808,G100001011178,GEM Global Solar Power Tracker Feb-2026
Castile-La Mancha solar project CXXI,--,,Spain,7.7,operating,2017.0,,,39.2036,-2.05,exact,Castilla-La Mancha,L100001009814,G100001011184,GEM Global Solar Power Tracker Feb-2026
Castile-La Mancha solar project CXXII,--,,Spain,4.8,operating,2023.0,,,39.9586,-3.7946,exact,Castilla-La Mancha,L100001009822,G100001011192,GEM Global Solar Power Tracker Feb-2026
Castile-La Mancha solar project CXXIII,--,,Spain,3.8,operating,2017.0,,,39.1649,-2.3908,exact,Castilla-La Mancha,L100001009830,G100001011200,GEM Global Solar Power Tracker Feb-2026
Castile-La Mancha solar project CXXIV,--,,Spain,6.6,operating,2017.0,,,39.6938,-2.9897,exact,Castilla-La Mancha,L100001009835,G100001011205,GEM Global Solar Power Tracker Feb-2026
Castile-La Mancha solar project CXXIX,--,,Spain,1.1,operating,2017.0,,,38.8347,-2.1849,exact,Castilla-La Mancha,L100001009857,G100001011227,GEM Global Solar Power Tracker Feb-2026
Castile-La Mancha solar project CXXV,--,,Spain,3.6,operating,2023.0,,,40.7393,-2.9287,exact,Castilla-La Mancha,L100001009840,G100001011210,GEM Global Solar Power Tracker Feb-2026
Castile-La Mancha solar project CXXVI,--,,Spain,4.9,operating,2023.0,,,40.7398,-3.1783,exact,Castilla-La Mancha,L100001009846,G100001011216,GEM Global Solar Power Tracker Feb-2026
Castile-La Mancha solar project CXXVII,--,,Spain,4.3,operating,2017.0,,,39.3678,-2.4776,exact,Castilla-La Mancha,L100001009848,G100001011218,GEM Global Solar Power Tracker Feb-2026
Castile-La Mancha solar project CXXX,--,,Spain,1.7,operating,2017.0,,,40.5942,-2.1698,exact,Castilla-La Mancha,L100001009869,G100001011239,GEM Global Solar Power Tracker Feb-2026
Castile-La Mancha solar project CXXXIII,--,,Spain,3.6,operating,2017.0,,,39.1779,-2.1845,exact,Castilla-La Mancha,L100001009881,G100001011251,GEM Global Solar Power Tracker Feb-2026
Castile-La Mancha solar project CXXXIX,--,,Spain,3.1,operating,2023.0,,,38.7129,-2.0023,exact,Castilla-La Mancha,L100001009903,G100001011273,GEM Global Solar Power Tracker Feb-2026
Castile-La Mancha solar project CXXXV,--,,Spain,8.6,operating,2017.0,,,39.2577,-2.7643,exact,Castilla-La Mancha,L100001009886,G100001011256,GEM Global Solar Power Tracker Feb-2026
Castile-La Mancha solar project CXXXVI,--,,Spain,3.0,operating,2017.0,,,39.3813,-2.0172,exact,Castilla-La Mancha,L100001009893,G100001011263,GEM Global Solar Power Tracker Feb-2026
Castile-La Mancha solar project CXXXVII,--,,Spain,2.6,operating,2023.0,,,39.1142,-3.3689,exact,Castilla-La Mancha,L100001009896,G100001011266,GEM Global Solar Power Tracker Feb-2026
Castile-La Mancha solar project CXXXVIII,--,,Spain,6.1,operating,2017.0,,,38.9195,-2.139,exact,Castilla-La Mancha,L100001009901,G100001011271,GEM Global Solar Power Tracker Feb-2026
Castile-La Mancha solar project I,--,,Spain,6.4,operating,2021.0,,,38.6668,-4.0066,exact,Castilla-La Mancha,L100001009289,G100001010659,GEM Global Solar Power Tracker Feb-2026
Castile-La Mancha solar project III,--,,Spain,3.7,operating,2023.0,,,39.2897,-2.3973,exact,Castilla-La Mancha,L100001009295,G100001010665,GEM Global Solar Power Tracker Feb-2026
Castile-La Mancha solar project LI,--,,Spain,1.4,operating,2017.0,,,40.8876,-3.2304,exact,Castilla-La Mancha,L100001009488,G100001010858,GEM Global Solar Power Tracker Feb-2026
Castile-La Mancha solar project LII,--,,Spain,3.9,operating,2017.0,,,39.3199,-2.6296,exact,Castilla-La Mancha,L100001009494,G100001010864,GEM Global Solar Power Tracker Feb-2026
Castile-La Mancha solar project LIII,--,,Spain,6.4,operating,2023.0,,,39.9452,-3.348,exact,Castilla-La Mancha,L100001009495,G100001010865,GEM Global Solar Power Tracker Feb-2026
Castile-La Mancha solar project LIV,--,,Spain,4.6,operating,2023.0,,,39.2679,-2.6467,exact,Castilla-La Mancha,L100001009504,G100001010874,GEM Global Solar Power Tracker Feb-2026
Castile-La Mancha solar project LIX,--,,Spain,5.0,operating,2017.0,,,39.8421,-2.5627,exact,Castilla-La Mancha,L100001009532,G100001010902,GEM Global Solar Power Tracker Feb-2026
Castile-La Mancha solar project LV,--,,Spain,8.8,operating,2017.0,,,39.4248,-2.3861,exact,Castilla-La Mancha,L100001009506,G100001010876,GEM Global Solar Power Tracker Feb-2026
Castile-La Mancha solar project LVI,--,,Spain,6.1,operating,2017.0,,,39.5987,-3.156,exact,Castilla-La Mancha,L100001009517,G100001010887,GEM Global Solar Power Tracker Feb-2026
Castile-La Mancha solar project LVII,--,,Spain,4.5,operating,2023.0,,,38.4621,-2.011,exact,Castilla-La Mancha,L100001009528,G100001010898,GEM Global Solar Power Tracker Feb-2026
Castile-La Mancha solar project LVIII,--,,Spain,1.8,operating,2017.0,,,38.9555,-2.09,exact,Castilla-La Mancha,L100001009531,G100001010901,GEM Global Solar Power Tracker Feb-2026
Castile-La Mancha solar project LX,--,,Spain,2.1,operating,2023.0,,,38.9941,-4.8693,exact,Castilla-La Mancha,L100001009535,G100001010905,GEM Global Solar Power Tracker Feb-2026
Castile-La Mancha solar project LXI,--,,Spain,4.1,operating,2017.0,,,39.1114,-2.0258,exact,Castilla-La Mancha,L100001009540,G100001010910,GEM Global Solar Power Tracker Feb-2026
Castile-La Mancha solar project LXII,--,,Spain,2.7,operating,2023.0,,,39.6485,-3.794,exact,Castilla-La Mancha,L100001009547,G100001010917,GEM Global Solar Power Tracker Feb-2026
Castile-La Mancha solar project LXIII,--,,Spain,6.4,operating,2023.0,,,38.7222,-0.9582,exact,Castilla-La Mancha,L100001009553,G100001010923,GEM Global Solar Power Tracker Feb-2026
Castile-La Mancha solar project LXIV,--,,Spain,5.2,operating,2023.0,,,39.1086,-1.9779,exact,Castilla-La Mancha,L100001009555,G100001010925,GEM Global Solar Power Tracker Feb-2026
Castile-La Mancha solar project LXIX,--,,Spain,3.9,operating,2017.0,,,39.4241,-2.4086,exact,Castilla-La Mancha,L100001009572,G100001010942,GEM Global Solar Power Tracker Feb-2026
Castile-La Mancha solar project LXV,--,,Spain,13.8,operating,2023.0,,,38.8879,-2.0619,exact,Castilla-La Mancha,L100001009558,G100001010928,GEM Global Solar Power Tracker Feb-2026
Castile-La Mancha solar project LXVI,--,,Spain,8.2,operating,2017.0,,,39.8919,-5.0012,exact,Castilla-La Mancha,L100001009562,G100001010932,GEM Global Solar Power Tracker Feb-2026
Castile-La Mancha solar project LXVII,--,,Spain,2.9,operating,2023.0,,,41.0972,-2.606,exact,Castilla-La Mancha,L100001009564,G100001010934,GEM Global Solar Power Tracker Feb-2026
Castile-La Mancha solar project LXVIII,--,,Spain,6.1,operating,2017.0,,,39.2585,-2.3178,exact,Castilla-La Mancha,L100001009567,G100001010937,GEM Global Solar Power Tracker Feb-2026
Castile-La Mancha solar project LXX,--,,Spain,3.7,operating,2017.0,,,39.3115,-2.6058,exact,Castilla-La Mancha,L100001009573,G100001010943,GEM Global Solar Power Tracker Feb-2026
Castile-La Mancha solar project LXXIII,--,,Spain,6.9,operating,2023.0,,,39.7256,-4.1873,exact,Castilla-La Mancha,L100001009605,G100001010975,GEM Global Solar Power Tracker Feb-2026
Castile-La Mancha solar project LXXIV,--,,Spain,2.4,operating,2023.0,,,39.6522,-3.952,exact,Castilla-La Mancha,L100001009608,G100001010978,GEM Global Solar Power Tracker Feb-2026
Castile-La Mancha solar project LXXIX,--,,Spain,2.4,operating,2017.0,,,40.0899,-2.1928,exact,Castilla-La Mancha,L100001009631,G100001011001,GEM Global Solar Power Tracker Feb-2026
Castile-La Mancha solar project LXXV,--,,Spain,12.7,operating,2019.0,,,40.7346,-3.0621,exact,Castilla-La Mancha,L100001009617,G100001010987,GEM Global Solar Power Tracker Feb-2026
Castile-La Mancha solar project LXXVI,--,,Spain,5.0,operating,2017.0,,,38.8442,-1.0284,exact,Castilla-La Mancha,L100001009622,G100001010992,GEM Global Solar Power Tracker Feb-2026
Castile-La Mancha solar project LXXVII,--,,Spain,3.9,operating,2023.0,,,39.0827,-1.9484,exact,Castilla-La Mancha,L100001009625,G100001010995,GEM Global Solar Power Tracker Feb-2026
Castile-La Mancha solar project LXXVIII,--,,Spain,2.0,operating,2023.0,,,39.8465,-2.4936,exact,Castilla-La Mancha,L100001009628,G100001010998,GEM Global Solar Power Tracker Feb-2026
Castile-La Mancha solar project LXXX,--,,Spain,3.1,operating,2023.0,,,39.6995,-4.6388,exact,Castilla-La Mancha,L100001009633,G100001011003,GEM Global Solar Power Tracker Feb-2026
Castile-La Mancha solar project LXXXI,--,,Spain,6.9,operating,2023.0,,,39.9877,-4.9361,exact,Castilla-La Mancha,L100001009634,G100001011004,GEM Global Solar Power Tracker Feb-2026
Castile-La Mancha solar project LXXXII,--,,Spain,3.0,operating,2017.0,,,39.2118,-1.9397,exact,Castilla-La Mancha,L100001009642,G100001011012,GEM Global Solar Power Tracker Feb-2026
Castile-La Mancha solar project LXXXIII,--,,Spain,2.0,operating,2017.0,,,39.1993,-3.6143,exact,Castilla-La Mancha,L100001009643,G100001011013,GEM Global Solar Power Tracker Feb-2026
Castile-La Mancha solar project LXXXIV,--,,Spain,3.1,operating,2023.0,,,39.8727,-4.306,exact,Castilla-La Mancha,L100001009653,G100001011023,GEM Global Solar Power Tracker Feb-2026
Castile-La Mancha solar project LXXXIX,--,,Spain,3.5,operating,2017.0,,,39.3711,-1.8837,exact,Castilla-La Mancha,L100001009673,G100001011043,GEM Global Solar Power Tracker Feb-2026
Castile-La Mancha solar project LXXXV,--,,Spain,4.4,operating,2017.0,,,39.2657,-1.4764,exact,Castilla-La Mancha,L100001009654,G100001011024,GEM Global Solar Power Tracker Feb-2026
Castile-La Mancha solar project LXXXVI,--,,Spain,9.9,operating,2019.0,,,40.7577,-3.024,exact,Castilla-La Mancha,L100001009657,G100001011027,GEM Global Solar Power Tracker Feb-2026
Castile-La Mancha solar project LXXXVII,--,,Spain,9.2,operating,2017.0,,,39.1493,-1.5582,exact,Castilla-La Mancha,L100001009658,G100001011028,GEM Global Solar Power Tracker Feb-2026
Castile-La Mancha solar project LXXXVIII,--,,Spain,2.1,operating,2023.0,,,39.4443,-1.9928,exact,Castilla-La Mancha,L100001009671,G100001011041,GEM Global Solar Power Tracker Feb-2026
Castile-La Mancha solar project VIII,--,,Spain,9.1,operating,2023.0,,,38.7448,-0.9774,exact,Castilla-La Mancha,L100001009310,G100001010680,GEM Global Solar Power Tracker Feb-2026
Castile-La Mancha solar project XC,--,,Spain,2.8,operating,2017.0,,,39.9476,-4.6336,exact,Castilla-La Mancha,L100001009677,G100001011047,GEM Global Solar Power Tracker Feb-2026
Castile-La Mancha solar project XCI,--,,Spain,1.5,operating,2023.0,,,39.3513,-1.9633,exact,Castilla-La Mancha,L100001009686,G100001011056,GEM Global Solar Power Tracker Feb-2026
Castile-La Mancha solar project XCII,--,,Spain,2.2,operating,2017.0,,,39.3684,-1.724,exact,Castilla-La Mancha,L100001009687,G100001011057,GEM Global Solar Power Tracker Feb-2026
Castile-La Mancha solar project XCIII,--,,Spain,5.6,operating,2017.0,,,39.3083,-3.3607,exact,Castilla-La Mancha,L100001009689,G100001011059,GEM Global Solar Power Tracker Feb-2026
Castile-La Mancha solar project XCIV,--,,Spain,3.8,operating,2023.0,,,39.3513,-1.8743,exact,Castilla-La Mancha,L100001009692,G100001011062,GEM Global Solar Power Tracker Feb-2026
Castile-La Mancha solar project XCIX,--,,Spain,1.8,operating,2017.0,,,39.7893,-5.0877,exact,Castilla-La Mancha,L100001009713,G100001011083,GEM Global Solar Power Tracker Feb-2026
Castile-La Mancha solar project XCV,--,,Spain,2.6,operating,2017.0,,,40.6175,-2.2711,exact,Castilla-La Mancha,L100001009694,G100001011064,GEM Global Solar Power Tracker Feb-2026
Castile-La Mancha solar project XCVI,--,,Spain,2.6,operating,2023.0,,,39.4205,-2.6316,exact,Castilla-La Mancha,L100001009696,G100001011066,GEM Global Solar Power Tracker Feb-2026
Castile-La Mancha solar project XCVII,--,,Spain,6.4,operating,2023.0,,,38.5177,-3.5034,exact,Castilla-La Mancha,L100001009706,G100001011076,GEM Global Solar Power Tracker Feb-2026
Castile-La Mancha solar project XL,--,,Spain,5.5,operating,2017.0,,,39.2124,-2.2437,exact,Castilla-La Mancha,L100001009422,G100001010792,GEM Global Solar Power Tracker Feb-2026
Castile-La Mancha solar project XLI,--,,Spain,6.2,operating,2023.0,,,38.8289,-1.7471,exact,Castilla-La Mancha,L100001009427,G100001010797,GEM Global Solar Power Tracker Feb-2026
Castile-La Mancha solar project XLII,--,,Spain,2.8,operating,2017.0,,,39.7891,-3.1825,exact,Castilla-La Mancha,L100001009428,G100001010798,GEM Global Solar Power Tracker Feb-2026
Castile-La Mancha solar project XLIII,--,,Spain,3.5,operating,2023.0,,,39.1691,-2.1905,exact,Castilla-La Mancha,L100001009429,G100001010799,GEM Global Solar Power Tracker Feb-2026
Castile-La Mancha solar project XLIX,--,,Spain,4.8,operating,2023.0,,,39.1595,-1.7392,exact,Castilla-La Mancha,L100001009478,G100001010848,GEM Global Solar Power Tracker Feb-2026
Castile-La Mancha solar project XLV,--,,Spain,10.9,operating,2023.0,,,38.8449,-1.0494,exact,Castilla-La Mancha,L100001009445,G100001010815,GEM Global Solar Power Tracker Feb-2026
Castile-La Mancha solar project XLVII,--,,Spain,15.4,operating,2021.0,,,40.7427,-3.0515,exact,Castilla-La Mancha,L100001009449,G100001010819,GEM Global Solar Power Tracker Feb-2026
Castile-La Mancha solar project XLVIII,--,,Spain,4.3,operating,2017.0,,,38.7254,-4.0946,exact,Castilla-La Mancha,L100001009451,G100001010821,GEM Global Solar Power Tracker Feb-2026
Castile-La Mancha solar project XXV,--,,Spain,7.5,operating,2020.0,,,38.3056,-1.8936,exact,Castilla-La Mancha,L100001009369,G100001010739,GEM Global Solar Power Tracker Feb-2026
Castile-La Mancha solar project XXX,--,,Spain,12.6,operating,2017.0,,,39.6391,-2.0965,exact,Castilla-La Mancha,L100001009389,G100001010759,GEM Global Solar Power Tracker Feb-2026
Castile-La Mancha solar project XXXI,--,,Spain,4.7,operating,2023.0,,,39.1374,-1.9973,exact,Castilla-La Mancha,L100001009392,G100001010762,GEM Global Solar Power Tracker Feb-2026
Castile-La Mancha solar project XXXII,--,,Spain,6.8,operating,2017.0,,,38.9553,-1.7464,exact,Castilla-La Mancha,L100001009394,G100001010764,GEM Global Solar Power Tracker Feb-2026
Castile-La Mancha solar project XXXIII,--,,Spain,5.8,operating,2017.0,,,39.9503,-3.4212,exact,Castilla-La Mancha,L100001009401,G100001010771,GEM Global Solar Power Tracker Feb-2026
Castile-La Mancha solar project XXXIV,--,,Spain,1.7,operating,2017.0,,,39.5719,-2.0192,exact,Castilla-La Mancha,L100001009402,G100001010772,GEM Global Solar Power Tracker Feb-2026
Castile-La Mancha solar project XXXIX,--,,Spain,4.2,operating,2021.0,,,38.6649,-3.9738,exact,Castilla-La Mancha,L100001009417,G100001010787,GEM Global Solar Power Tracker Feb-2026
Castile-La Mancha solar project XXXV,--,,Spain,9.2,operating,2023.0,,,39.0936,-3.2838,exact,Castilla-La Mancha,L100001009407,G100001010777,GEM Global Solar Power Tracker Feb-2026
Castile-La Mancha solar project XXXVI,--,,Spain,4.7,operating,2017.0,,,39.4773,-2.1763,exact,Castilla-La Mancha,L100001009409,G100001010779,GEM Global Solar Power Tracker Feb-2026
Castile-La Mancha solar project XXXVII,--,,Spain,14.3,operating,2017.0,,,39.4946,-3.5342,exact,Castilla-La Mancha,L100001009411,G100001010781,GEM Global Solar Power Tracker Feb-2026
Castile-La Mancha solar project XXXVIII,--,,Spain,1.8,operating,2017.0,,,39.3586,-2.5709,exact,Castilla-La Mancha,L100001009413,G100001010783,GEM Global Solar Power Tracker Feb-2026
Castilla Y León solar farm,1,Ávila,Spain,360.0,pre-construction,2026.0,Grupo Ibereólica Renovables,Grupo Ibereólica Renovables [100%],40.6565,-4.7002,approximate,Castilla y León,L100000806417,G100000807364,GEM Global Solar Power Tracker Feb-2026
Castilla Y León solar farm,2,Ávila,Spain,225.0,pre-construction,2026.0,Grupo Ibereólica Renovables,Grupo Ibereólica Renovables [100%],40.6565,-4.7002,approximate,Castilla y León,L100000806417,G100000807365,GEM Global Solar Power Tracker Feb-2026
Castilla y León (Encavis) solar farm,--,,Spain,28.0,construction,,,Encavis AG,41.9412,-5.0768,approximate,Castilla y León,L100001007579,G100001008748,GEM Global Solar Power Tracker Feb-2026
Castilla y León Hybrid solar farm,1,,Spain,60.0,pre-construction,2026.0,Grupo Ibereólica Renovables,Grupo Ibereólica Renovables [100%],40.6579,-4.6843,approximate,Castilla y León,L100000824439,G100000827577,GEM Global Solar Power Tracker Feb-2026
Castilla y León Hybrid solar farm,2,,Spain,60.0,pre-construction,2026.0,Grupo Ibereólica Renovables,Grupo Ibereólica Renovables [100%],40.6579,-4.6843,approximate,Castilla y León,L100000824439,G100000827578,GEM Global Solar Power Tracker Feb-2026
Castilla y León Hybrid solar farm,3,,Spain,126.1,shelved - inferred 2 y,,Grupo Ibereólica Renovables,Grupo Ibereólica Renovables [100%],40.6579,-4.6843,approximate,Castilla y León,L100000824439,G100000827579,GEM Global Solar Power Tracker Feb-2026
Castilla y León Hybrid solar farm,4,,Spain,75.4,pre-construction,,Grupo Ibereólica Renovables,Grupo Ibereólica Renovables [100%],40.6579,-4.6843,approximate,Castilla y León,L100000824439,G100000827580,GEM Global Solar Power Tracker Feb-2026
Castilla y León Hydrogen (Ansasol) solar farm,1,,Spain,160.0,shelved - inferred 2 y,,,Anasol,41.5066,-5.1756,approximate,Castilla y León,L100001007657,G100001008874,GEM Global Solar Power Tracker Feb-2026
Castilla y León Hydrogen (Ansasol) solar farm,2,,Spain,35.0,shelved - inferred 2 y,,,Anasol,41.5066,-5.1756,approximate,Castilla y León,L100001007657,G100001008875,GEM Global Solar Power Tracker Feb-2026
Castilla y León Hydrogen (Ansasol) solar farm,3,,Spain,35.0,shelved - inferred 2 y,,,Anasol,41.5066,-5.1756,approximate,Castilla y León,L100001007657,G100001008876,GEM Global Solar Power Tracker Feb-2026
Castilla y León Hydrogen (Ansasol) solar farm,4,,Spain,35.0,shelved - inferred 2 y,,,Anasol,41.5066,-5.1756,approximate,Castilla y León,L100001007657,G100001008877,GEM Global Solar Power Tracker Feb-2026
Castilla y León Hydrogen (Ansasol) solar farm,5,,Spain,35.0,shelved - inferred 2 y,,,Anasol,41.5066,-5.1756,approximate,Castilla y León,L100001007657,G100001008878,GEM Global Solar Power Tracker Feb-2026
Castilla y León Hydrogen (Ansasol) solar farm,6,,Spain,35.0,shelved - inferred 2 y,,,Anasol,41.5066,-5.1756,approximate,Castilla y León,L100001007657,G100001008879,GEM Global Solar Power Tracker Feb-2026
Castilla y León Hydrogen (Ansasol) solar farm,7,,Spain,35.0,shelved - inferred 2 y,,,Anasol,41.5066,-5.1756,approximate,Castilla y León,L100001007657,G100001008880,GEM Global Solar Power Tracker Feb-2026
Castilla y León Hydrogen (Ansasol) solar farm,8,,Spain,35.0,shelved - inferred 2 y,,,Anasol,41.5066,-5.1756,approximate,Castilla y León,L100001007657,G100001008881,GEM Global Solar Power Tracker Feb-2026
Castilla y León Hydrogen (Ansasol) solar farm,9,,Spain,35.0,shelved - inferred 2 y,,,Anasol,41.5066,-5.1756,approximate,Castilla y León,L100001007657,G100001008882,GEM Global Solar Power Tracker Feb-2026
Castilla-La Mancha (Cespa) solar farm,1,,Spain,133.3,announced,,Compañía Española de Petróleos,Compañía Española de Petróleos SA [100%],39.3543,-3.0654,approximate,Castilla-La Mancha,L100000824440,G100000827581,GEM Global Solar Power Tracker Feb-2026
Castilla-La Mancha (Cespa) solar farm,2,,Spain,133.3,announced,,Compañía Española de Petróleos,Compañía Española de Petróleos SA [100%],39.3543,-3.0654,approximate,Castilla-La Mancha,L100000824440,G100000827582,GEM Global Solar Power Tracker Feb-2026
Castilla-La Mancha (Cespa) solar farm,3,,Spain,133.3,announced,,Compañía Española de Petróleos,Compañía Española de Petróleos SA [100%],39.3543,-3.0654,approximate,Castilla-La Mancha,L100000824440,G100000827583,GEM Global Solar Power Tracker Feb-2026
Castillejo 1 solar farm,--,,Spain,31.2,pre-construction,,,Bruc Management,39.8689,-4.9208,approximate,Castilla-La Mancha,L100001005469,G100001006509,GEM Global Solar Power Tracker Feb-2026
Castillo solar farm,1,,Spain,49.5,pre-construction,,,ISC Greenfield 8 SL [100%],41.2435,-0.3463,approximate,Aragón,L100001000585,G100001000895,GEM Global Solar Power Tracker Feb-2026
Castillo solar farm,2,,Spain,49.5,pre-construction,,,ISC Greenfield 8 SL [100%],41.2435,-0.3463,approximate,Aragón,L100001000585,G100001000896,GEM Global Solar Power Tracker Feb-2026
Castrillo 3 solar farm,--,,Spain,50.0,pre-construction,,Planta Fotovoltaica La Cepeda,Erbienergia Inversiones [100%],42.3248,-6.1314,approximate,Castilla y León,L100001004670,G100001005480,GEM Global Solar Power Tracker Feb-2026
Castrillo I solar farm,--,,Spain,49.9,pre-construction,,Planta Fotovoltaica El Conde,Nogal Medina SL [100%],42.3292,-6.1362,approximate,Castilla y León,L100001004599,G100001005396,GEM Global Solar Power Tracker Feb-2026
Castrillo solar farm,--,,Spain,153.0,pre-construction,,Land Green Power Spain,,41.77,-4.2093,approximate,Castilla y León,L100000824441,G100000827584,GEM Global Solar Power Tracker Feb-2026
Castuera solar project,--,,Spain,18.1,operating,2023.0,,,38.7465,-5.5313,exact,Extremadura,L100001009120,G100001010490,GEM Global Solar Power Tracker Feb-2026
Catalina Green Hydrogen solar farm,1,,Spain,550.0,announced,2028.0,,Copenhagen Infrastructure Partners P/S [100%],40.3257,-1.0848,approximate,Aragón,L100000824442,G100000827585,GEM Global Solar Power Tracker Feb-2026
Cavalse solar farm,--,,Spain,102.6,pre-construction,,,Castelo Melide Energy SL [100%],41.77,-4.2093,approximate,Castilla y León,L100000824443,G100000827586,GEM Global Solar Power Tracker Feb-2026
Cañaveral solar farm,1,,Spain,73.2,pre-construction,,,Compañía Española de Petróleos SA [100%],38.791,-5.6362,approximate,Extremadura,L100000824415,G100000827546,GEM Global Solar Power Tracker Feb-2026
Cañaveral solar farm,2,,Spain,95.9,pre-construction,,,Compañía Española de Petróleos SA [100%],38.791,-5.6362,approximate,Extremadura,L100000824415,G100000827547,GEM Global Solar Power Tracker Feb-2026
Cañaveral solar farm,3,,Spain,63.5,pre-construction,,,Compañía Española de Petróleos SA [100%],38.791,-5.6362,approximate,Extremadura,L100000824415,G100000827548,GEM Global Solar Power Tracker Feb-2026
Cañaveral solar farm,4,,Spain,63.4,pre-construction,,,Compañía Española de Petróleos SA [100%],38.791,-5.6362,approximate,Extremadura,L100000824415,G100000827549,GEM Global Solar Power Tracker Feb-2026
Cañonera solar farm,--,,Spain,62.1,pre-construction,,,,40.1442,-6.4309,approximate,Extremadura,L100001062534,G100001071822,GEM Global Solar Power Tracker Feb-2026
Cañuelo I solar farm,--,,Spain,36.0,pre-construction,,,,36.1917,-5.4966,approximate,Andalucía,L100001061939,G100001071045,GEM Global Solar Power Tracker Feb-2026
Cañuelo II solar farm,--,,Spain,23.0,pre-construction,,,,36.1776,-5.5069,approximate,Andalucía,L100001063892,G100001073448,GEM Global Solar Power Tracker Feb-2026
Cecilia solar farm,--,,Spain,330.0,pre-construction,,Green Tie Desarrollo SLU,,37.6087,-4.6016,approximate,Andalucía,L100000824444,G100000827587,GEM Global Solar Power Tracker Feb-2026
Ceclavín solar farm,1,,Spain,328.0,operating,2021.0,Iberdrola Renovables Energia,Iberdrola SA [100%],39.8201,-6.7798,approximate,Extremadura,L100000805865,G100000806748,GEM Global Solar Power Tracker Feb-2026
Cedillo solar farm,--,Cedillo II,Spain,294.7,construction,,Iberenova Promociones,Iberdrola SA [100%],39.6144,-7.4715,exact,Extremadura,L100000824445,G100000827588,GEM Global Solar Power Tracker Feb-2026
Cedrela 1 solar farm,--,,Spain,65.0,pre-construction,,,Cedrela Power,38.7112,-4.1766,approximate,Castilla-La Mancha,L100001005354,G100001006383,GEM Global Solar Power Tracker Feb-2026
Centauro (Spain) solar farm,--,,Spain,160.0,pre-construction,,Parque FV Centauro,Iberia Solar Brownfield 1 SL [100%],40.6344,-3.2489,approximate,Castilla-La Mancha,L100001004147,G100001004817,GEM Global Solar Power Tracker Feb-2026
Centauro 1 solar farm,--,,Spain,51.7,pre-construction,,,Q Energy,42.0881,-4.8351,approximate,Castilla y León,L100001005628,G100001006748,GEM Global Solar Power Tracker Feb-2026
Centaurus solar farm,4,,Spain,83.6,pre-construction,,Centaurus Environment,TotalEnergies SE [100%],41.6253,-0.6988,approximate,Aragón,L100000824447,G100000827590,GEM Global Solar Power Tracker Feb-2026
Centaurus solar farm,5,,Spain,83.6,pre-construction,,Centaurus Environment,TotalEnergies SE [100%],41.6786,-0.6895,approximate,Aragón,L100000824447,G100000827591,GEM Global Solar Power Tracker Feb-2026
Centaurus solar farm,6,,Spain,83.6,pre-construction,,Centaurus Environment,TotalEnergies SE [100%],41.7181,-0.6484,approximate,Aragón,L100000824447,G100000827592,GEM Global Solar Power Tracker Feb-2026
Centenar Hybrid solar farm,--,,Spain,40.0,pre-construction,,,,37.6441,-7.3252,approximate,Andalucía,L100001061881,G100001070977,GEM Global Solar Power Tracker Feb-2026
Centurión solar farm,--,,Spain,116.5,operating,,,Enel Green Power España SL [100%],38.1365,-6.5145,approximate,Extremadura,L100000824448,G100000827593,GEM Global Solar Power Tracker Feb-2026
Cepheus solar farm,--,,Spain,30.4,operating,2021.0,,Solaria Energía y Medio Ambiente SA [100%],41.0528,-0.1415,approximate,Aragón,L100000824449,G100000827594,GEM Global Solar Power Tracker Feb-2026
Cercs-Fígols solar farm,--,,Spain,21.0,pre-construction,,Blue Viking Sofia,European Energy A/S [100%],42.1769,1.8541,approximate,Cataluña,L100001000966,G100001001333,GEM Global Solar Power Tracker Feb-2026
Ceres solar farm,--,,Spain,148.4,shelved - inferred 2 y,,Ceres Solar Renewables,,41.3473,-0.7809,approximate,Aragón,L100000824450,G100000827595,GEM Global Solar Power Tracker Feb-2026
Cerezo solar farm,--,,Spain,50.0,pre-construction,,Cerezo Solar,Total Solar Ibérica [100%],40.4178,-3.3453,approximate,Comunidad de Madrid,L100000824451,G100000827596,GEM Global Solar Power Tracker Feb-2026
Cerrado Cabrera solar farm,1,Cabrera Cerrado,Spain,50.0,operating,2020.0,Solarcentury,Encavis AG [100%],37.2507,-5.6827,exact,Andalucía,L100000805956,G100000806857,GEM Global Solar Power Tracker Feb-2026
Cerrato Mirado solar farm,--,,Spain,46.1,pre-construction,,Energía Electrones,Repsol SA [100%],41.876,-4.3588,approximate,Castilla y León,L100001004591,G100001005388,GEM Global Solar Power Tracker Feb-2026
Cerrato de Arriba solar farm,--,,Spain,45.0,pre-construction,,Energía Célula,Repsol SA [100%],41.8824,-4.3677,approximate,Castilla y León,L100001004589,G100001005386,GEM Global Solar Power Tracker Feb-2026
Cerredo solar farm,--,,Spain,100.0,shelved,,,Ignis Energía SL [100%],40.0968,-3.7667,approximate,Castilla-La Mancha,L100000824452,G100000827597,GEM Global Solar Power Tracker Feb-2026
Cerrillares solar farm,1,,Spain,50.0,pre-construction,,Dhamma Energy,Eni SpA [100%],38.4768,-1.327,approximate,Región de Murcia,L100000824453,G100000827598,GEM Global Solar Power Tracker Feb-2026
Cerro Calderón solar farm,--,,Spain,41.2,pre-construction,,Iberdrola Renovables Castilla-La Mancha,Iberdrola SA [100%],39.4276,-2.2348,approximate,Castilla-La Mancha,L100001003917,G100001004613,GEM Global Solar Power Tracker Feb-2026
Cerro Gordo solar farm,1,,Spain,41.0,pre-construction,,,Pale Directorship SL [100%],38.9276,-1.0825,approximate,Castilla-La Mancha,L100001005059,G100001005971,GEM Global Solar Power Tracker Feb-2026
Cerro Gordo solar farm,2,,Spain,41.0,pre-construction,,,Pale Directorship SL [100%],38.9276,-1.0825,approximate,Castilla-La Mancha,L100001005059,G100001005972,GEM Global Solar Power Tracker Feb-2026
Cerro Gordo solar farm,3,,Spain,41.0,pre-construction,,,Pale Directorship SL [100%],38.9276,-1.0825,approximate,Castilla-La Mancha,L100001005059,G100001005973,GEM Global Solar Power Tracker Feb-2026
Cerro del Palo solar farm,--,"Cerro Palo, Vara del Rey",Spain,41.2,pre-construction,,Iberdrola Renovables Castilla-La Mancha,Iberdrola SA [100%],39.4219,-2.2993,approximate,Castilla-La Mancha,L100000824939,G100000828200,GEM Global Solar Power Tracker Feb-2026
Cerros de Radona solar farm,--,,Spain,44.0,pre-construction,,,,41.2817,-2.4897,approximate,Castilla y León,L100001061832,G100001070900,GEM Global Solar Power Tracker Feb-2026
Cespedera solar farm,--,,Spain,27.0,operating,,,Iberdrola SA [100%],36.52,-6.2808,approximate,Andalucía,L100000824454,G100000827599,GEM Global Solar Power Tracker Feb-2026
Ceñida solar farm,--,,Spain,55.0,pre-construction,,,Ceñida Solar SL [100%],40.5432,-3.1126,approximate,Castilla-La Mancha,L100000824446,G100000827589,GEM Global Solar Power Tracker Feb-2026
Chapina solar farm,--,,Spain,70.0,pre-construction,,Chapina Solar,Ignis Energía SL [100%],40.7615,-3.1564,approximate,Castilla-La Mancha,L100000824456,G100000827601,GEM Global Solar Power Tracker Feb-2026
Chimeneas solar farm,--,,Spain,150.0,pre-construction,,Greening Group,,37.6087,-4.6016,approximate,Andalucía,L100000824457,G100000827602,GEM Global Solar Power Tracker Feb-2026
Chinchilla de Monte de Aragón solar farm,--,,Spain,60.0,pre-construction,,San Isidro Solar 6,,39.6111,-2.7904,approximate,Castilla-La Mancha,L100000824458,G100000827603,GEM Global Solar Power Tracker Feb-2026
Chinchilla solar farm (Spain),--,,Spain,147.4,pre-construction,,Prokon Generador Renovable España,,39.6111,-2.7904,approximate,Castilla-La Mancha,L100000824459,G100000827604,GEM Global Solar Power Tracker Feb-2026
Chiprana solar farm,--,,Spain,200.0,operating,,,Soltec Energias Renovables SL,41.262,-0.1266,approximate,Aragón,L100001007625,G100001008815,GEM Global Solar Power Tracker Feb-2026
Chuan solar farm,--,,Spain,147.8,pre-construction,,Voiga Power,,39.6111,-2.7904,approximate,Castilla-La Mancha,L100000824460,G100000827605,GEM Global Solar Power Tracker Feb-2026
Cierzo II solar farm,--,,Spain,46.9,pre-construction,,,,42.0902,-1.8147,exact,Comunidad Foral de Navarra,L100001062374,G100001071640,GEM Global Solar Power Tracker Feb-2026
Cierzo IV solar farm,--,,Spain,47.7,pre-construction,,,,42.1315,-1.6949,exact,Comunidad Foral de Navarra,L100001062388,G100001071655,GEM Global Solar Power Tracker Feb-2026
Cieza IGS solar project,--,,Spain,5.1,operating,2023.0,,,38.2584,-1.4562,exact,Región de Murcia,L100001009202,G100001010572,GEM Global Solar Power Tracker Feb-2026
Cifuentes-Trillo solar farm,--,,Spain,626.0,operating,2023.0,Solaria Energía y Medio Ambiente,Solaria Energía y Medio Ambiente SA [100%],40.709,-2.6312,approximate,Castilla-La Mancha,L100000824461,G100000827606,GEM Global Solar Power Tracker Feb-2026
Cilindro solar farm,--,,Spain,83.0,pre-construction,,Cilindro Solar,Ignis Energía SL [100%],40.0912,-3.8491,approximate,Castilla-La Mancha,L100000824462,G100000827607,GEM Global Solar Power Tracker Feb-2026
Cinca Medio solar project,--,,Spain,6.6,operating,2019.0,,,41.8406,0.2511,exact,Aragón,L100001010328,G100001011698,GEM Global Solar Power Tracker Feb-2026
Cinca Medio solar project I,--,,Spain,3.9,operating,2024.0,,,41.9534,0.2745,exact,Aragón,L100001052895,G100001060689,GEM Global Solar Power Tracker Feb-2026
Cinca Medio solar project II,--,,Spain,1.2,operating,2022.0,,,41.9079,0.1461,exact,Aragón,L100001053137,G100001060931,GEM Global Solar Power Tracker Feb-2026
Cincinato solar farm,1,Brovales Cincinato,Spain,50.0,operating,2021.0,Enel Green Power,Endesa SA [100%],38.1694,-6.5588,exact,Extremadura,L100000805784,G100000806658,GEM Global Solar Power Tracker Feb-2026
Cinco Villas solar project I,--,,Spain,12.7,operating,2021.0,,,42.1152,-1.2248,exact,Aragón,L100001009360,G100001010730,GEM Global Solar Power Tracker Feb-2026
Cinco Villas solar project II,--,,Spain,3.3,operating,2023.0,,,41.9786,-1.2223,exact,Aragón,L100001009630,G100001011000,GEM Global Solar Power Tracker Feb-2026
Cinco Villas solar project III,--,,Spain,3.8,operating,2017.0,,,42.0499,-1.1839,exact,Aragón,L100001009738,G100001011108,GEM Global Solar Power Tracker Feb-2026
Cinco Villas solar project IV,--,,Spain,5.1,operating,2017.0,,,42.2699,-1.2752,exact,Aragón,L100001009910,G100001011280,GEM Global Solar Power Tracker Feb-2026
Cinco Villas solar project IX,--,,Spain,4.7,operating,2025.0,,,42.0886,-0.9481,exact,Aragón,L100001052793,G100001060587,GEM Global Solar Power Tracker Feb-2026
Cinco Villas solar project V,--,,Spain,3.5,operating,2022.0,,,42.1131,-0.936,exact,Aragón,L100001010293,G100001011663,GEM Global Solar Power Tracker Feb-2026
Cinco Villas solar project VII,--,,Spain,1.5,operating,2020.0,,,42.1338,-1.1789,exact,Aragón,L100001010391,G100001011761,GEM Global Solar Power Tracker Feb-2026
Cinco Villas solar project VIII,--,,Spain,13.4,operating,2017.0,,,42.106,-1.1395,exact,Aragón,L100001010430,G100001011800,GEM Global Solar Power Tracker Feb-2026
Cinco Villas solar project X,--,,Spain,3.9,operating,2017.0,,,41.9553,-1.2734,exact,Aragón,L100001052798,G100001060592,GEM Global Solar Power Tracker Feb-2026
Cinco Villas solar project XI,--,,Spain,3.1,operating,2025.0,,,42.0961,-1.077,exact,Aragón,L100001052821,G100001060615,GEM Global Solar Power Tracker Feb-2026
Cinco Villas solar project XII,--,,Spain,2.6,operating,2023.0,,,42.1522,-0.8552,exact,Aragón,L100001053012,G100001060806,GEM Global Solar Power Tracker Feb-2026
Cinco Villas solar project XIII,--,,Spain,3.0,operating,2024.0,,,42.2526,-1.2063,exact,Aragón,L100001053263,G100001061057,GEM Global Solar Power Tracker Feb-2026
Cinco Villas solar project XIV,--,,Spain,5.6,operating,2024.0,,,42.0939,-0.8522,exact,Aragón,L100001053333,G100001061127,GEM Global Solar Power Tracker Feb-2026
Cinco Villas solar project XV,--,,Spain,1.1,operating,2020.0,,,42.1267,-1.161,exact,Aragón,L100001053572,G100001061366,GEM Global Solar Power Tracker Feb-2026
Cinco Villas solar project XVI,--,,Spain,1.3,operating,2024.0,,,42.0946,-1.0858,exact,Aragón,L100001053611,G100001061405,GEM Global Solar Power Tracker Feb-2026
Cinco Villas solar project XVII,--,,Spain,3.0,operating,2025.0,,,42.0342,-1.1997,exact,Aragón,L100001053632,G100001061426,GEM Global Solar Power Tracker Feb-2026
Cisne (Ignis) solar farm,--,,Spain,22.5,pre-construction,,Cisne Solar,Ignis Energía SL [100%],41.7787,-5.0035,approximate,Castilla y León,L100001004671,G100001005728,GEM Global Solar Power Tracker Feb-2026
Cisne (Soluz) solar farm,1,,Spain,50.0,pre-construction,,Aton Fotovoltaicas,Soluz [100%],40.6545,-3.2054,approximate,Castilla-La Mancha,L100000824463,G100000827608,GEM Global Solar Power Tracker Feb-2026
Cisne (Soluz) solar farm,2,,Spain,50.0,pre-construction,,Aton Fotovoltaicas,Soluz [100%],40.6545,-3.2054,approximate,Castilla-La Mancha,L100000824463,G100000827609,GEM Global Solar Power Tracker Feb-2026
Cisne (Soluz) solar farm,3,,Spain,50.0,pre-construction,,Aton Fotovoltaicas,Soluz [100%],40.6545,-3.2054,approximate,Castilla-La Mancha,L100000824463,G100000827610,GEM Global Solar Power Tracker Feb-2026
Cisne (Soluz) solar farm,4,,Spain,50.0,pre-construction,,Aton Fotovoltaicas,Soluz [100%],40.6545,-3.2054,approximate,Castilla-La Mancha,L100000824463,G100000827611,GEM Global Solar Power Tracker Feb-2026
Ciudad Real solar project,--,,Spain,17.3,operating,2022.0,,,38.9423,-3.9508,exact,Castilla-La Mancha,L100001010557,G100001011927,GEM Global Solar Power Tracker Feb-2026
Ciudad Real solar project I,--,,Spain,1.2,operating,2024.0,,,38.9154,-4.0004,exact,Castilla-La Mancha,L100001053481,G100001061275,GEM Global Solar Power Tracker Feb-2026
Ciudad Rodrigo solar farm,1,"Ciudad Rodrigo PV, Cedillo Project",Spain,318.0,construction,,Iberenova Promociones,Iberdrola SA [100%],40.603,-6.5214,approximate,Castilla y León,L100000805866,G100000806750,GEM Global Solar Power Tracker Feb-2026
Ciudad de Tartessos solar farm,1,,Spain,60.6,pre-construction,,,Savanna Power 9 SLU [100%],37.3499,-6.8339,approximate,Andalucía,L100000824464,G100000827612,GEM Global Solar Power Tracker Feb-2026
Ciudad de Tartessos solar farm,2,,Spain,60.6,pre-construction,,,Savanna Power Solar 10 SLU [100%],37.3499,-6.8339,approximate,Andalucía,L100000824464,G100000827613,GEM Global Solar Power Tracker Feb-2026
Clave solar farm,1,,Spain,51.7,pre-construction,,,Global Pracima,41.7447,-4.1649,approximate,Castilla y León,L100001005625,G100001006745,GEM Global Solar Power Tracker Feb-2026
Clm-Hue solar farm,2,Solaria Clm-Hue-Ii,Spain,30.0,cancelled - inferred 4 y,,Solaria Energía y Medio Ambiente,Solaria Energía y Medio Ambiente SA [100%],39.6209,-4.4892,approximate,Castilla-La Mancha,L100000805982,G100000806886,GEM Global Solar Power Tracker Feb-2026
Clm-To solar farm,1,Solaria Clm-To-1,Spain,50.0,cancelled - inferred 4 y,,Solaria Energía y Medio Ambiente,Solaria Energía y Medio Ambiente SA [100%],39.6209,-4.4892,approximate,Castilla-La Mancha,L100000805976,G100000806880,GEM Global Solar Power Tracker Feb-2026
Colladillo solar farm,--,,Spain,22.0,pre-construction,,,,40.6233,-4.8401,approximate,Castilla y León,L100001061774,G100001070839,GEM Global Solar Power Tracker Feb-2026
Collado Alto solar farm,--,,Spain,56.6,shelved - inferred 2 y,,Ardermer Itg,,41.3473,-0.7809,approximate,Aragón,L100000824465,G100000827614,GEM Global Solar Power Tracker Feb-2026
Collado solar farm,--,,Spain,23.4,pre-construction,,Collado Solar,Amarenco [100%],41.7914,-5.8853,approximate,Castilla y León,L100001004664,G100001005474,GEM Global Solar Power Tracker Feb-2026
Collarada solar farm,--,,Spain,50.2,pre-construction,,Collarada Solar,Collarada Solar SLU [100%],40.4752,-3.2519,approximate,Comunidad de Madrid,L100001004145,G100001004815,GEM Global Solar Power Tracker Feb-2026
Colmenar De Oreja solar project,--,,Spain,13.8,operating,2023.0,,,40.0917,-3.5464,exact,Comunidad de Madrid,L100001053638,G100001061432,GEM Global Solar Power Tracker Feb-2026
Columba solar farm,Columba 1,"Columba 1, Columba 2",Spain,49.7,shelved - inferred 2 y,,,TotalEnergies SE,39.9128,-4.6776,approximate,Castilla-La Mancha,L100001005361,G100001006390,GEM Global Solar Power Tracker Feb-2026
Columba solar farm,Columba 2,"Columba 1, Columba 2",Spain,46.0,pre-construction,,,TotalEnergies SE,39.9128,-4.6776,approximate,Castilla-La Mancha,L100001005361,G100001006408,GEM Global Solar Power Tracker Feb-2026
Columba solar farm,Columba 3,"Columba 1, Columba 2",Spain,46.0,pre-construction,,,TotalEnergies SE,39.9128,-4.6776,approximate,Castilla-La Mancha,L100001005361,G100001006415,GEM Global Solar Power Tracker Feb-2026
Colón solar farm,--,,Spain,21.0,pre-construction,,,Solarig Global Services SA [100%],37.3235,-6.8916,approximate,Andalucía,L100001005199,G100001006140,GEM Global Solar Power Tracker Feb-2026
Comarca De Alhama solar project,--,,Spain,3.9,operating,2025.0,,,37.0555,-3.7371,exact,Andalucía,L100001052790,G100001060584,GEM Global Solar Power Tracker Feb-2026
Comarca De Alhama solar project I,--,,Spain,17.3,operating,2023.0,,,37.0729,-3.7871,exact,Andalucía,L100001009336,G100001010706,GEM Global Solar Power Tracker Feb-2026
Comarca De Alhama solar project IX,--,,Spain,7.8,operating,2023.0,,,37.1481,-3.9258,exact,Andalucía,L100001009669,G100001011039,GEM Global Solar Power Tracker Feb-2026
Comarca De Alhama solar project VII,--,,Spain,16.9,operating,2017.0,,,37.0474,-3.7727,exact,Andalucía,L100001009565,G100001010935,GEM Global Solar Power Tracker Feb-2026
Comarca De Alhama solar project X,--,,Spain,4.2,operating,2017.0,,,37.0022,-4.0073,exact,Andalucía,L100001009931,G100001011301,GEM Global Solar Power Tracker Feb-2026
Comarca De Alhama solar project XIV,--,,Spain,8.2,operating,2023.0,,,37.111,-3.7506,exact,Andalucía,L100001010552,G100001011922,GEM Global Solar Power Tracker Feb-2026
Comarca De Guadix solar project I,--,,Spain,3.0,operating,2017.0,,,37.2527,-3.0188,exact,Andalucía,L100001009623,G100001010993,GEM Global Solar Power Tracker Feb-2026
Comarca De Guadix solar project II,--,,Spain,2.7,operating,2017.0,,,37.2289,-2.9759,exact,Andalucía,L100001009810,G100001011180,GEM Global Solar Power Tracker Feb-2026
Comarca De Guadix solar project III,--,,Spain,3.5,operating,2023.0,,,37.2641,-3.1337,exact,Andalucía,L100001009834,G100001011204,GEM Global Solar Power Tracker Feb-2026
Comarca De Guadix solar project IX,--,,Spain,1.3,operating,2017.0,,,37.3699,-3.1623,exact,Andalucía,L100001053220,G100001061014,GEM Global Solar Power Tracker Feb-2026
Comarca De Guadix solar project VI,--,,Spain,5.8,operating,2023.0,,,37.2982,-3.1785,exact,Andalucía,L100001009978,G100001011348,GEM Global Solar Power Tracker Feb-2026
Comarca De Guadix solar project VII,--,,Spain,5.3,operating,2023.0,,,37.3603,-3.1026,exact,Andalucía,L100001010241,G100001011611,GEM Global Solar Power Tracker Feb-2026
Comarca De Guadix solar project VIII,--,,Spain,4.4,operating,2021.0,,,37.3688,-3.2837,exact,Andalucía,L100001053056,G100001060850,GEM Global Solar Power Tracker Feb-2026
Comarca De Guadix solar project X,--,,Spain,1.1,operating,2023.0,,,37.3768,-3.1754,exact,Andalucía,L100001053286,G100001061080,GEM Global Solar Power Tracker Feb-2026
Comarca De Guadix solar project XI,--,,Spain,1.8,operating,2017.0,,,37.3922,-3.2859,exact,Andalucía,L100001053522,G100001061316,GEM Global Solar Power Tracker Feb-2026
Comarca De Guadix solar project XII,--,,Spain,4.5,operating,2018.0,,,37.3425,-3.2316,exact,Andalucía,L100001053639,G100001061433,GEM Global Solar Power Tracker Feb-2026
Comarca De Guadix solar project XIII,--,,Spain,1.7,operating,2023.0,,,37.3238,-3.19,exact,Andalucía,L100001053691,G100001061485,GEM Global Solar Power Tracker Feb-2026
Comarca De Huéscar solar project,--,,Spain,8.0,operating,2017.0,,,37.7825,-2.5361,exact,Andalucía,L100001010050,G100001011420,GEM Global Solar Power Tracker Feb-2026
Comarca De La Alpujarra Granadina solar project,--,,Spain,3.6,operating,2017.0,,,36.8891,-3.4404,exact,Andalucía,L100001009470,G100001010840,GEM Global Solar Power Tracker Feb-2026
Comarca De La Vega De Granada solar project II,--,,Spain,8.8,operating,2023.0,,,37.0735,-3.6882,exact,Andalucía,L100001009339,G100001010709,GEM Global Solar Power Tracker Feb-2026
Comarca De La Vega De Granada solar project IX,--,,Spain,1.6,operating,2023.0,,,37.3146,-3.6525,exact,Andalucía,L100001009764,G100001011134,GEM Global Solar Power Tracker Feb-2026
Comarca De La Vega De Granada solar project V,--,,Spain,3.5,operating,2017.0,,,37.294,-3.7139,exact,Andalucía,L100001009416,G100001010786,GEM Global Solar Power Tracker Feb-2026
Comarca De La Vega De Granada solar project VI,--,,Spain,2.4,operating,2023.0,,,37.2744,-3.7402,exact,Andalucía,L100001009556,G100001010926,GEM Global Solar Power Tracker Feb-2026
Comarca De La Vega De Granada solar project VII,--,,Spain,1.8,operating,2017.0,,,37.241,-3.7948,exact,Andalucía,L100001009589,G100001010959,GEM Global Solar Power Tracker Feb-2026
Comarca De La Vega De Granada solar project XIII,--,,Spain,14.4,operating,2023.0,,,37.2662,-3.7824,exact,Andalucía,L100001010528,G100001011898,GEM Global Solar Power Tracker Feb-2026
Comarca De Loja solar project I,--,,Spain,2.7,operating,2023.0,,,37.1679,-4.0768,exact,Andalucía,L100001009309,G100001010679,GEM Global Solar Power Tracker Feb-2026
Comarca De Loja solar project II,--,,Spain,2.6,operating,2024.0,,,37.2298,-4.1498,exact,Andalucía,L100001009575,G100001010945,GEM Global Solar Power Tracker Feb-2026
Comarca De Loja solar project III,--,,Spain,15.3,operating,2017.0,,,37.3055,-3.7124,exact,Andalucía,L100001009762,G100001011132,GEM Global Solar Power Tracker Feb-2026
Comarca De Loja solar project IV,--,,Spain,3.1,operating,2017.0,,,37.2301,-4.0176,exact,Andalucía,L100001009872,G100001011242,GEM Global Solar Power Tracker Feb-2026
Comarca De Loja solar project V,--,,Spain,4.4,operating,2018.0,,,37.2265,-4.2485,exact,Andalucía,L100001009955,G100001011325,GEM Global Solar Power Tracker Feb-2026
Comarca De Los Montes solar project II,--,,Spain,6.1,operating,2018.0,,,37.5062,-3.2348,exact,Andalucía,L100001010242,G100001011612,GEM Global Solar Power Tracker Feb-2026
Comarca De Los Montes solar project III,--,,Spain,5.3,operating,2025.0,,,37.3842,-3.537,exact,Andalucía,L100001052874,G100001060668,GEM Global Solar Power Tracker Feb-2026
Comarca De Los Montes solar project IV,--,,Spain,2.8,operating,2017.0,,,37.5157,-3.2628,exact,Andalucía,L100001053108,G100001060902,GEM Global Solar Power Tracker Feb-2026
Comarca Metropolitana De Huelva solar project I,--,,Spain,12.9,operating,2017.0,,,37.376,-6.8842,exact,Andalucía,L100001009693,G100001011063,GEM Global Solar Power Tracker Feb-2026
Comarca Metropolitana De Huelva solar project III,--,,Spain,7.1,operating,2019.0,,,37.3651,-6.9338,exact,Andalucía,L100001009967,G100001011337,GEM Global Solar Power Tracker Feb-2026
Comarca Metropolitana De Huelva solar project VII,--,,Spain,11.9,operating,2023.0,,,37.343,-6.8583,exact,Andalucía,L100001010070,G100001011440,GEM Global Solar Power Tracker Feb-2026
Comarca Metropolitana De Huelva solar project XI,--,,Spain,3.0,operating,2022.0,,,37.1909,-6.9085,exact,Andalucía,L100001010095,G100001011465,GEM Global Solar Power Tracker Feb-2026
Comarca Metropolitana De Huelva solar project XIV,--,,Spain,10.7,operating,2023.0,,,37.2937,-6.8137,exact,Andalucía,L100001010457,G100001011827,GEM Global Solar Power Tracker Feb-2026
Comarca Metropolitana De Huelva solar project XIX,--,,Spain,1.4,operating,2017.0,,,37.2999,-6.7975,exact,Andalucía,L100001053470,G100001061264,GEM Global Solar Power Tracker Feb-2026
Comarca Metropolitana De Huelva solar project XV,--,,Spain,2.1,operating,2025.0,,,37.2151,-6.8687,exact,Andalucía,L100001052859,G100001060653,GEM Global Solar Power Tracker Feb-2026
Comarca Metropolitana De Huelva solar project XVI,--,,Spain,4.1,operating,2023.0,,,37.34,-6.8697,exact,Andalucía,L100001052913,G100001060707,GEM Global Solar Power Tracker Feb-2026
Comarca Metropolitana De Huelva solar project XVII,--,,Spain,3.3,operating,2017.0,,,37.3171,-6.9891,exact,Andalucía,L100001053356,G100001061150,GEM Global Solar Power Tracker Feb-2026
Comarca Metropolitana De Huelva solar project XVIII,--,,Spain,1.2,operating,2019.0,,,37.3606,-7.0882,exact,Andalucía,L100001053398,G100001061192,GEM Global Solar Power Tracker Feb-2026
Comarca Metropolitana De Huelva solar project XX,--,,Spain,3.0,operating,2024.0,,,37.3689,-6.9576,exact,Andalucía,L100001053473,G100001061267,GEM Global Solar Power Tracker Feb-2026
Comarca Metropolitana De Huelva solar project XXI,--,,Spain,2.2,operating,2023.0,,,37.2573,-6.8079,exact,Andalucía,L100001053620,G100001061414,GEM Global Solar Power Tracker Feb-2026
Community Of Madrid solar project I,--,,Spain,1.7,operating,2017.0,,,40.655,-4.0743,exact,Comunidad de Madrid,L100001009680,G100001011050,GEM Global Solar Power Tracker Feb-2026
Community Of Madrid solar project II,--,,Spain,2.5,operating,2017.0,,,40.0216,-3.6359,exact,Comunidad de Madrid,L100001009825,G100001011195,GEM Global Solar Power Tracker Feb-2026
Community Of Madrid solar project III,--,,Spain,2.1,operating,2017.0,,,40.2338,-3.5928,exact,Comunidad de Madrid,L100001009945,G100001011315,GEM Global Solar Power Tracker Feb-2026
Community Of Madrid solar project IV,--,,Spain,4.3,operating,2022.0,,,40.3269,-3.4613,exact,Comunidad de Madrid,L100001010201,G100001011571,GEM Global Solar Power Tracker Feb-2026
Community Of Madrid solar project IX,--,,Spain,5.2,operating,2024.0,,,40.5036,-3.9866,exact,Comunidad de Madrid,L100001053349,G100001061143,GEM Global Solar Power Tracker Feb-2026
Community Of Madrid solar project V,--,,Spain,2.6,operating,2017.0,,,40.5937,-3.5472,exact,Comunidad de Madrid,L100001052973,G100001060767,GEM Global Solar Power Tracker Feb-2026
Community Of Madrid solar project VI,--,,Spain,4.1,operating,2017.0,,,40.1397,-3.6544,exact,Comunidad de Madrid,L100001052995,G100001060789,GEM Global Solar Power Tracker Feb-2026
Community Of Madrid solar project VII,--,,Spain,8.9,operating,2024.0,,,40.5259,-3.5702,exact,Comunidad de Madrid,L100001053069,G100001060863,GEM Global Solar Power Tracker Feb-2026
Community Of Madrid solar project VIII,--,,Spain,1.1,operating,2025.0,,,40.264,-4.4992,exact,Comunidad de Madrid,L100001053215,G100001061009,GEM Global Solar Power Tracker Feb-2026
Community Of Madrid solar project X,--,,Spain,1.0,operating,2024.0,,,40.639,-3.7267,exact,Comunidad de Madrid,L100001053454,G100001061248,GEM Global Solar Power Tracker Feb-2026
Community Of Madrid solar project XI,--,,Spain,1.5,operating,2023.0,,,40.2543,-3.7062,exact,Comunidad de Madrid,L100001053544,G100001061338,GEM Global Solar Power Tracker Feb-2026
Community Of Madrid solar project XII,--,,Spain,1.2,operating,2017.0,,,40.246,-3.7182,exact,Comunidad de Madrid,L100001053746,G100001061540,GEM Global Solar Power Tracker Feb-2026
Compas 2 solar farm,--,,Spain,50.0,pre-construction,,,Coral Renovables SL [100%],42.5689,-6.7714,approximate,Castilla y León,L100001004667,G100001005477,GEM Global Solar Power Tracker Feb-2026
Compas solar farm,--,,Spain,50.0,pre-construction,,Solarvole Fotovoltaicas,Solarvole Fotovoltaicas SL [100%],42.6427,-6.6822,approximate,Castilla y León,L100001004635,G100001005439,GEM Global Solar Power Tracker Feb-2026
Compostilla (Cetus Solar) solar farm,3,Compostilla 3 & 4,Spain,50.0,pre-construction,,Cetus Solar,Cetus Solar SL [100%],42.6176,-6.6172,approximate,Castilla y León,L100001004517,G100001005290,GEM Global Solar Power Tracker Feb-2026
Compostilla (Cetus Solar) solar farm,4,Compostilla 3 & 4,Spain,50.0,pre-construction,,Capella Auriga,Cetus Solar SL [100%],42.6219,-6.5919,approximate,Castilla y León,L100001004517,G100001005970,GEM Global Solar Power Tracker Feb-2026
Compostilla (Mercado Solar Global) solar farm,1,Compostilla 1,Spain,50.0,pre-construction,,,Mercado Solar Global SL [100%],42.6277,-6.5738,approximate,Castilla y León,L100001004522,G100001005295,GEM Global Solar Power Tracker Feb-2026
Comunidad De Calatayud solar project,--,,Spain,1.9,operating,2021.0,,,41.2986,-1.9106,exact,Aragón,L100001010513,G100001011883,GEM Global Solar Power Tracker Feb-2026
Comunidad De Calatayud solar project I,--,,Spain,5.7,operating,2024.0,,,41.3863,-1.7674,exact,Aragón,L100001052811,G100001060605,GEM Global Solar Power Tracker Feb-2026
Comunidad De Calatayud solar project II,--,,Spain,1.1,operating,2023.0,,,41.3588,-1.6119,exact,Aragón,L100001053187,G100001060981,GEM Global Solar Power Tracker Feb-2026
Comunidad De Calatayud solar project III,--,,Spain,14.3,operating,2024.0,,,41.3945,-1.7776,exact,Aragón,L100001053420,G100001061214,GEM Global Solar Power Tracker Feb-2026
Comunidad De Calatayud solar project IV,--,,Spain,5.0,operating,2022.0,,,41.3662,-1.6505,exact,Aragón,L100001053471,G100001061265,GEM Global Solar Power Tracker Feb-2026
Comunidad De Calatayud solar project V,--,,Spain,1.3,operating,2018.0,,,41.3051,-1.6638,exact,Aragón,L100001053734,G100001061528,GEM Global Solar Power Tracker Feb-2026
Comunidad De Teruel solar project II,--,,Spain,6.9,operating,2017.0,,,40.462,-1.1949,exact,Aragón,L100001009996,G100001011366,GEM Global Solar Power Tracker Feb-2026
Comunidad De Teruel solar project III,--,,Spain,1.6,operating,2023.0,,,40.5541,-1.3284,exact,Aragón,L100001052978,G100001060772,GEM Global Solar Power Tracker Feb-2026
Comunidad De Teruel solar project IV,--,,Spain,5.8,operating,2023.0,,,40.6793,-0.9136,exact,Aragón,L100001053432,G100001061226,GEM Global Solar Power Tracker Feb-2026
Comunidad De Teruel solar project V,--,,Spain,1.2,operating,2025.0,,,40.4684,-1.2429,exact,Aragón,L100001053469,G100001061263,GEM Global Solar Power Tracker Feb-2026
Comunidad De Teruel solar project VI,--,,Spain,2.3,operating,2017.0,,,40.4846,-1.2513,exact,Aragón,L100001053648,G100001061442,GEM Global Solar Power Tracker Feb-2026
Comunidad De Teruel solar project VII,--,,Spain,1.9,operating,2023.0,,,40.4593,-1.2487,exact,Aragón,L100001053781,G100001061575,GEM Global Solar Power Tracker Feb-2026
Conca De Barberà solar project,--,,Spain,2.7,operating,2024.0,,,41.436,1.2328,exact,Cataluña,L100001053597,G100001061391,GEM Global Solar Power Tracker Feb-2026
Confín solar farm,--,,Spain,29.6,pre-construction,,Auzoberri Desarrollo SLU,,42.396,-2.3792,approximate,La Rioja,L100000824467,G100000827616,GEM Global Solar Power Tracker Feb-2026
Constanti 42 solar farm,--,,Spain,14.5,operating,2023.0,PGI Renewables,,41.3936,2.0757,approximate,Cataluña,L100000824468,G100000827617,GEM Global Solar Power Tracker Feb-2026
Coral (Spain) solar farm,--,,Spain,150.0,pre-construction,,,,41.3014,-4.9604,approximate,Castilla y León,L100001061829,G100001070897,GEM Global Solar Power Tracker Feb-2026
Corbera solar farm,--,,Spain,30.3,pre-construction,,,Energia Inagotable de Hiroko SL [100%],41.0563,0.4339,approximate,Cataluña,L100001000963,G100001001331,GEM Global Solar Power Tracker Feb-2026
Cordoba (Q Energy) solar farm,1,,Spain,52.5,announced,,,Q Energy,37.8903,-4.7874,approximate,Andalucía,L100001007559,G100001008710,GEM Global Solar Power Tracker Feb-2026
Cordoba (Q Energy) solar farm,2,,Spain,52.5,construction,,,Q Energy,37.8903,-4.7874,approximate,Andalucía,L100001007559,G100001008711,GEM Global Solar Power Tracker Feb-2026
Cordovilla solar farm,--,,Spain,129.6,pre-construction,2026.0,ES Planta Solar 7,Kobus Renewable Energy 3 [100%],42.7339,-1.5518,approximate,Comunidad Foral de Navarra,L100000824471,G100000827623,GEM Global Solar Power Tracker Feb-2026
Corella solar project,--,,Spain,10.8,operating,2008.0,,,42.1194,-1.7154,exact,Comunidad Foral de Navarra,L100001009224,G100001010594,GEM Global Solar Power Tracker Feb-2026
Coria Villetas Hybrid solar farm,--,,Spain,156.2,pre-construction,,,,39.9851,-6.5382,approximate,Extremadura,L100001063371,G100001072804,GEM Global Solar Power Tracker Feb-2026
Cornamusa solar farm,--,,Spain,56.7,pre-construction,,Cornamusa Solar,Verbund AG [100%],40.4679,-3.2757,approximate,Comunidad de Madrid,L100000824472,G100000827624,GEM Global Solar Power Tracker Feb-2026
Corralnuevo Hybrid solar farm,--,,Spain,29.6,pre-construction,,,,41.7876,-4.8145,approximate,Castilla y León,L100001064194,G100001073837,GEM Global Solar Power Tracker Feb-2026
Cortijo Blanco solar farm,--,,Spain,30.9,pre-construction,,,,37.1363,-3.7069,exact,Andalucía,L100001062040,G100001071161,GEM Global Solar Power Tracker Feb-2026
Cortijo Viejo solar project,--,,Spain,10.0,operating,2008.0,,,37.641,-4.584,exact,Andalucía,L100001009162,G100001010532,GEM Global Solar Power Tracker Feb-2026
Cosentino solar farm,--,PSF Consentino,Spain,20.0,operating,2022.0,Cosentino Group,Cosentino Group [100%],37.3663,-2.2425,exact,Andalucía,L100000824473,G100000827625,GEM Global Solar Power Tracker Feb-2026
Cosmo Hive solar farm,--,,Spain,25.0,pre-construction,,,,37.034,-4.5751,approximate,Andalucía,L100001061701,G100001070741,GEM Global Solar Power Tracker Feb-2026
Costa Del Sol Occidental solar project,--,,Spain,1.1,operating,2023.0,,,36.5357,-4.6357,exact,Andalucía,L100001053747,G100001061541,GEM Global Solar Power Tracker Feb-2026
Costa Gran solar farm,--,,Spain,28.0,pre-construction,,,Energies Renovables Terra Ferma SL [100%],42.122,1.0666,approximate,Cataluña,L100001000860,G100001001217,GEM Global Solar Power Tracker Feb-2026
Costa Occidental solar project I,--,,Spain,6.5,operating,2017.0,,,37.2936,-7.2791,exact,Andalucía,L100001053123,G100001060917,GEM Global Solar Power Tracker Feb-2026
Costa Occidental solar project II,--,,Spain,2.2,operating,2017.0,,,37.3328,-7.1436,exact,Andalucía,L100001053218,G100001061012,GEM Global Solar Power Tracker Feb-2026
Costa Occidental solar project III,--,,Spain,4.0,operating,2018.0,,,37.2984,-7.1178,exact,Andalucía,L100001053282,G100001061076,GEM Global Solar Power Tracker Feb-2026
Costa Occidental solar project IV,--,,Spain,13.6,operating,2017.0,,,37.3207,-7.325,exact,Andalucía,L100001053736,G100001061530,GEM Global Solar Power Tracker Feb-2026
Covatillas (OPDE) solar farm,2,Proyecto Minglanilla,Spain,49.0,shelved - inferred 2 y,,,Opdenergy SA [100%],39.5305,-1.7126,approximate,Castilla-La Mancha,L100000824474,G100001006200,GEM Global Solar Power Tracker Feb-2026
Covatillas (OPDE) solar farm,3,Proyecto Minglanilla,Spain,49.0,shelved - inferred 2 y,,Planta Solar OPDE 25,Opdenergy SA [100%],39.5305,-1.7126,approximate,Castilla-La Mancha,L100000824474,G100000827626,GEM Global Solar Power Tracker Feb-2026
Covatillas (OPDE) solar farm,4,Proyecto Minglanilla,Spain,49.0,shelved - inferred 2 y,,,Opdenergy SA [100%],39.5305,-1.7126,approximate,Castilla-La Mancha,L100000824474,G100001006201,GEM Global Solar Power Tracker Feb-2026
Covatillas (Sonnedix) solar farm,1,,Spain,42.6,pre-construction,,IFNI Global Servicios Energéticos,Sonnedix [100%],39.5312,-1.6349,approximate,Castilla-La Mancha,L100001005227,G100001006202,GEM Global Solar Power Tracker Feb-2026
Covatillas (Sonnedix) solar farm,5,,Spain,42.6,pre-construction,,Ric Sun España,Sonnedix [100%],39.5312,-1.6349,approximate,Castilla-La Mancha,L100001005227,G100001006203,GEM Global Solar Power Tracker Feb-2026
Covatillas (Sonnedix) solar farm,6,,Spain,42.6,pre-construction,,Ric Sun España,Sonnedix [100%],39.5312,-1.6349,approximate,Castilla-La Mancha,L100001005227,G100001006204,GEM Global Solar Power Tracker Feb-2026
Cresida solar farm,--,,Spain,32.3,pre-construction,,Energía Inagotable de Cresida,Forestalia SL [100%],42.0062,-0.0604,approximate,Aragón,L100000824475,G100000827627,GEM Global Solar Power Tracker Feb-2026
Cresta solar farm,--,,Spain,249.8,pre-construction,,,Ric Sun Energy [100%],37.6087,-4.6016,approximate,Andalucía,L100000824476,G100000827628,GEM Global Solar Power Tracker Feb-2026
Crisnova solar project,--,,Spain,12.1,operating,2022.0,,,38.708,-0.951,exact,Castilla-La Mancha,L100001009097,G100001010467,GEM Global Solar Power Tracker Feb-2026
Cristo Bailones solar farm,--,,Spain,35.1,pre-construction,,Parques Eólicos Ciudad Real,Acciona Energía SAU [100%],38.9303,-3.2942,approximate,Castilla-La Mancha,L100001005201,G100001006143,GEM Global Solar Power Tracker Feb-2026
Crucero solar farm,--,,Spain,70.9,shelved,,,,37.6087,-4.6016,approximate,Andalucía,L100000824477,G100000827629,GEM Global Solar Power Tracker Feb-2026
Cruceta solar farm,1,,Spain,42.9,pre-construction,,Cruceta Solar,Ignis Energía SL [100%],40.5533,-3.0766,approximate,Castilla-La Mancha,L100000824478,G100000827630,GEM Global Solar Power Tracker Feb-2026
Cruz (Capital Energy) solar farm,--,,Spain,75.0,pre-construction,,,Capital Energy [100%],40.257,-3.7801,approximate,Comunidad de Madrid,L100000824479,G100000827632,GEM Global Solar Power Tracker Feb-2026
Cruz de los Caminos solar farm,--,,Spain,47.6,pre-construction,,,,39.6162,-2.1063,approximate,Castilla-La Mancha,L100001062221,G100001071446,GEM Global Solar Power Tracker Feb-2026
Cruz solar farm,--,,Spain,75.0,construction,,Capital Energy,,40.233,-3.7686,approximate,Comunidad de Madrid,L100000824480,G100000827633,GEM Global Solar Power Tracker Feb-2026
Cráter solar farm,--,,Spain,50.0,pre-construction,,,Solaria,40.6925,-3.3443,approximate,Castilla-La Mancha,L100001005357,G100001006386,GEM Global Solar Power Tracker Feb-2026
Cuadrejón solar farm,2,,Spain,61.2,pre-construction,,,Energy Green Generator,37.6087,-4.6016,approximate,Andalucía,L100000824483,G100000827636,GEM Global Solar Power Tracker Feb-2026
Cubillas CSF solar farm,--,,Spain,35.0,pre-construction,,X-Elio,X-Elio [100%],37.3399,-3.7858,approximate,Andalucía,L100000824484,G100000827637,GEM Global Solar Power Tracker Feb-2026
Cuenca (EDPR) solar farm,--,,Spain,40.0,announced,,,EDPR Renewable Energy Sources of Greece 1 Sole Proprietorship,40.0639,-2.1425,approximate,Castilla-La Mancha,L100001007555,G100001008704,GEM Global Solar Power Tracker Feb-2026
Cuenca Minera solar project,--,,Spain,18.5,operating,2024.0,,,37.7148,-6.5755,exact,Andalucía,L100001053769,G100001061563,GEM Global Solar Power Tracker Feb-2026
Cuenca solar project,--,,Spain,8.5,operating,2024.0,,,40.0466,-2.1073,exact,Castilla-La Mancha,L100001052858,G100001060652,GEM Global Solar Power Tracker Feb-2026
Cuenca solar project I,--,,Spain,3.1,operating,2017.0,,,40.0205,-2.0677,exact,Castilla-La Mancha,L100001009493,G100001010863,GEM Global Solar Power Tracker Feb-2026
Cuenca solar project II,--,,Spain,3.3,operating,2023.0,,,40.0338,-2.1497,exact,Castilla-La Mancha,L100001009801,G100001011171,GEM Global Solar Power Tracker Feb-2026
Cuesta Colorada solar farm,--,,Spain,40.9,pre-construction,,Iberdrola Renovables Castilla-La Mancha,Iberdrola SA [100%],39.4354,-2.1678,approximate,Castilla-La Mancha,L100001003973,G100001004615,GEM Global Solar Power Tracker Feb-2026
Cuesta Mañera solar farm,--,,Spain,52.5,pre-construction,,,,41.9154,-4.7904,approximate,Castilla y León,L100001061698,G100001070738,GEM Global Solar Power Tracker Feb-2026
Culebros solar farm,--,,Spain,49.9,pre-construction,,Planta Fotovoltaica Culebras,Erbienergia Inversiones [100%],42.6354,-6.1574,approximate,Castilla y León,L100001004668,G100001005478,GEM Global Solar Power Tracker Feb-2026
Curazao solar farm,--,,Spain,25.3,pre-construction,,,,38.7685,-4.2925,approximate,Castilla-La Mancha,L100001064200,G100001073844,GEM Global Solar Power Tracker Feb-2026
Cygnus 1 solar farm,--,,Spain,46.0,pre-construction,,,TotalEnergies SE,40.0518,-3.9897,approximate,Castilla-La Mancha,L100001005377,G100001006411,GEM Global Solar Power Tracker Feb-2026
Cyl-An solar farm,1,Solaria Cyl-An-1,Spain,50.0,cancelled - inferred 4 y,,Solaria Energía y Medio Ambiente,Solaria Energía y Medio Ambiente SA [100%],39.6209,-4.4892,approximate,Castilla-La Mancha,L100000805974,G100000806878,GEM Global Solar Power Tracker Feb-2026
Cyl-Hi solar farm,1,Solaria Cyl-Hi-1,Spain,50.0,cancelled - inferred 4 y,,Solaria Energía y Medio Ambiente,Solaria Energía y Medio Ambiente SA [100%],39.0174,-3.7491,approximate,Castilla-La Mancha,L100000805975,G100000806879,GEM Global Solar Power Tracker Feb-2026
Cyl-Las solar farm,1,Cyl-Las-I,Spain,30.0,cancelled - inferred 4 y,,Solaria Energía y Medio Ambiente,Solaria Energía y Medio Ambiente SA [100%],40.9502,-4.1241,approximate,Castilla y León,L100000805987,G100000806892,GEM Global Solar Power Tracker Feb-2026
Cyl-Lu solar farm,1,Solaria Cyl-Lu-1,Spain,90.0,cancelled - inferred 4 y,,Solaria Energía y Medio Ambiente,Solaria Energía y Medio Ambiente SA [100%],42.5892,-5.5633,approximate,Castilla y León,L100000805981,G100000806885,GEM Global Solar Power Tracker Feb-2026
Cyl-Ma solar farm,2,Solaria Cyl-Ma-Ii,Spain,25.0,cancelled - inferred 4 y,,Solaria Energía y Medio Ambiente,Solaria Energía y Medio Ambiente SA [100%],42.4096,-4.6161,approximate,Castilla y León,L100000805972,G100000806876,GEM Global Solar Power Tracker Feb-2026
Cyl-Me solar farm,2,Solaria Cyl-Me-Ii,Spain,43.0,cancelled - inferred 4 y,,Solaria Energía y Medio Ambiente,Solaria Energía y Medio Ambiente SA [100%],41.6521,-4.7286,approximate,Castilla y León,L100000805980,G100000806884,GEM Global Solar Power Tracker Feb-2026
Cyl-Mu solar farm,1,Solaria Cyl-Mu-1,Spain,80.0,cancelled - inferred 4 y,,Solaria Energía y Medio Ambiente,Solaria Energía y Medio Ambiente SA [100%],41.6521,-4.7286,approximate,Castilla y León,L100000805973,G100000806877,GEM Global Solar Power Tracker Feb-2026
Cyl-Pa solar farm,1,"Solaria Cyl-Pa-Ii (Phase 2), Solaria Cyl-Pa-I (Phase 1)",Spain,50.0,cancelled - inferred 4 y,,Solaria Energía y Medio Ambiente,Solaria Energía y Medio Ambiente SA [100%],42.4096,-4.6161,approximate,Castilla y León,L100000805983,G100000806887,GEM Global Solar Power Tracker Feb-2026
Cyl-Pa solar farm,2,"Solaria Cyl-Pa-Ii (Phase 2), Solaria Cyl-Pa-I (Phase 1)",Spain,45.0,cancelled - inferred 4 y,,Solaria Energía y Medio Ambiente,Solaria Energía y Medio Ambiente SA [100%],42.4096,-4.6161,approximate,Castilla y León,L100000805983,G100000806888,GEM Global Solar Power Tracker Feb-2026
Cyl-So solar farm,2,Solaria Cyl-So-Ii,Spain,20.0,cancelled - inferred 4 y,,Solaria Energía y Medio Ambiente,Solaria Energía y Medio Ambiente SA [100%],42.4096,-4.6161,approximate,Castilla y León,L100000805978,G100000806882,GEM Global Solar Power Tracker Feb-2026
Cyl-Vi solar farm,1,Solaria Cyl-Vi,Spain,50.0,cancelled - inferred 4 y,,Solaria Energía y Medio Ambiente,Solaria Energía y Medio Ambiente SA [100%],42.5892,-5.5633,approximate,Castilla y León,L100000805979,G100000806883,GEM Global Solar Power Tracker Feb-2026
Cyl-Za-1 solar farm,Sirius,Solaria Cyl-Za-1,Spain,50.0,cancelled - inferred 4 y,,Solaria Energía y Medio Ambiente,Solaria Energía y Medio Ambiente SA [100%],41.6858,-5.9423,approximate,Castilla y León,L100000805970,G100000806874,GEM Global Solar Power Tracker Feb-2026
Cáceres (Bruc Energy) solar farm,--,,Spain,275.0,construction,,Bruc Iberia Energy Investment Partners,Bruc Iberia Energy Investment Partners [100%],39.4718,-6.3742,approximate,Extremadura,L100000824398,G100000827524,GEM Global Solar Power Tracker Feb-2026
Cáceres (Enalter-ENE) solar farm,--,,Spain,350.0,announced,2026.0,Extremadura New Energies (ENE),Extremadura New Energies (ENE) [50%]; Alter Enersun SA [25%]; Enagás Renovable [25%],39.4585,-6.3385,approximate,Extremadura,L100000824399,G100000827525,GEM Global Solar Power Tracker Feb-2026
Cáceres 2023 solar farm,--,,Spain,23.0,pre-construction,,,,39.4984,-6.3872,approximate,Extremadura,L100001062522,G100001071810,GEM Global Solar Power Tracker Feb-2026
Cáceres Lithium Mine solar farm,--,,Spain,350.0,announced,,,Extremadura New Energies (ENE) [50%]; Enalter [50%],39.4747,-6.3797,approximate,Extremadura,L100001005688,G100001006834,GEM Global Solar Power Tracker Feb-2026
Cáceres solar project,--,,Spain,19.8,operating,2023.0,,,39.4631,-6.308,exact,Extremadura,L100001009135,G100001010505,GEM Global Solar Power Tracker Feb-2026
Cáceres solar project I,--,,Spain,5.2,operating,2017.0,,,39.5372,-6.4416,exact,Extremadura,L100001009770,G100001011140,GEM Global Solar Power Tracker Feb-2026
Cáceres solar project II,--,,Spain,8.0,operating,2023.0,,,39.4812,-6.4328,exact,Extremadura,L100001053688,G100001061482,GEM Global Solar Power Tracker Feb-2026
Cádiz (Bruc Energy) solar farm,--,,Spain,104.0,pre-construction,,Bruc Iberia Energy Investment Partners,Bruc Iberia Energy Investment Partners [100%],36.5122,-6.2735,approximate,Andalucía,L100000824400,G100000827526,GEM Global Solar Power Tracker Feb-2026
Cárcheles solar project,--,,Spain,1.0,operating,2024.0,,,37.647,-3.6365,exact,Andalucía,L100001053024,G100001060818,GEM Global Solar Power Tracker Feb-2026
Cíjara Hybrid solar farm,--,,Spain,50.4,pre-construction,,,,39.448,-5.2188,approximate,Extremadura,L100001061861,G100001070948,GEM Global Solar Power Tracker Feb-2026
Córcega solar farm,--,,Spain,28.5,pre-construction,,,,38.7886,-4.1435,approximate,Castilla-La Mancha,L100001064199,G100001073843,GEM Global Solar Power Tracker Feb-2026
Córdoba solar project I,--,,Spain,3.5,operating,2017.0,,,37.8623,-4.7958,exact,Andalucía,L100001009959,G100001011329,GEM Global Solar Power Tracker Feb-2026
Córdoba solar project II,--,,Spain,10.9,operating,2017.0,,,37.9464,-4.5901,exact,Andalucía,L100001010052,G100001011422,GEM Global Solar Power Tracker Feb-2026
Córdoba solar project III,--,,Spain,1.1,operating,2022.0,,,37.8573,-4.8918,exact,Andalucía,L100001052855,G100001060649,GEM Global Solar Power Tracker Feb-2026
Córdoba solar project IV,--,,Spain,2.6,operating,2025.0,,,37.935,-4.7168,exact,Andalucía,L100001052909,G100001060703,GEM Global Solar Power Tracker Feb-2026
Córdoba solar project V,--,,Spain,3.5,operating,2024.0,,,37.8774,-4.8097,exact,Andalucía,L100001053359,G100001061153,GEM Global Solar Power Tracker Feb-2026
Córdoba solar project VI,--,,Spain,2.1,operating,2017.0,,,37.6967,-4.6129,exact,Andalucía,L100001053702,G100001061496,GEM Global Solar Power Tracker Feb-2026
Daganzo Altair solar farm,1,,Spain,47.0,pre-construction,,Altair Ecosolar,EiDF Solar [100%],40.7863,-3.3255,approximate,Castilla-La Mancha,L100000824485,G100000827638,GEM Global Solar Power Tracker Feb-2026
Daganzo Altair solar farm,2,,Spain,47.0,pre-construction,,Altair Ecosolar,EiDF Solar [100%],40.7863,-3.3255,approximate,Castilla-La Mancha,L100000824485,G100000827639,GEM Global Solar Power Tracker Feb-2026
Daimiel solar project,--,,Spain,19.9,operating,2023.0,,,38.9943,-3.5712,exact,Castilla-La Mancha,L100001009153,G100001010523,GEM Global Solar Power Tracker Feb-2026
Dalia solar farm,--,,Spain,129.8,pre-construction,,Green Capital Power,Capital Energy [100%],42.4224,-5.2208,approximate,Castilla y León,L100000824486,G100000827640,GEM Global Solar Power Tracker Feb-2026
Darro AES solar project,--,,Spain,8.2,operating,2017.0,,,37.335,-3.2518,exact,Andalucía,L100001009175,G100001010545,GEM Global Solar Power Tracker Feb-2026
Darro Epuron solar project,--,,Spain,13.7,operating,2017.0,,,37.3482,-3.2702,exact,Andalucía,L100001009176,G100001010546,GEM Global Solar Power Tracker Feb-2026
Dehesa Virginia solar farm,--,,Spain,30.7,pre-construction,,,,38.9528,-1.2355,approximate,Castilla-La Mancha,L100001062254,G100001071490,GEM Global Solar Power Tracker Feb-2026
Dehesilla 1 Hybrid solar farm,--,,Spain,47.5,pre-construction,,,Inversiones Empresariales Vapat SL [100%],41.8737,-4.7403,approximate,Castilla y León,L100000824487,G100000827641,GEM Global Solar Power Tracker Feb-2026
Dehesilla 2 Hybrid solar farm,--,,Spain,47.5,pre-construction,,,Inversiones Empresariales Vapat SL [100%],41.8514,-4.7043,approximate,Castilla y León,L100000824488,G100000827642,GEM Global Solar Power Tracker Feb-2026
Delos solar farm,--,Ciudad Rodrigo 2,Spain,20.6,pre-construction,,,Delos Solar SL [100%],40.6165,-6.5297,approximate,Castilla y León,L100001003972,G100001004612,GEM Global Solar Power Tracker Feb-2026
Deneb (Deneb Solar) solar farm,--,,Spain,44.0,pre-construction,,,Deneb Solar SL [100%],36.985,-4.9125,approximate,Andalucía,L100001004159,G100001004834,GEM Global Solar Power Tracker Feb-2026
Deneb (Forestalia) solar farm,--,,Spain,34.3,pre-construction,,Energía Inagotable de Deneb,Forestalia SL [100%],41.9933,-0.0813,approximate,Aragón,L100000824489,G100000827643,GEM Global Solar Power Tracker Feb-2026
Desafio solar farm,--,,Spain,50.0,operating,,,,41.3389,-0.5935,approximate,Aragón,L100001007678,G100001008905,GEM Global Solar Power Tracker Feb-2026
Desaladora de Valdelentisco solar farm,--,,Spain,50.2,pre-construction,,,,37.6264,-1.1704,approximate,Región de Murcia,L100001062781,G100001072118,GEM Global Solar Power Tracker Feb-2026
Desalinizadora de Carboneras solar farm,--,,Spain,27.0,announced,,,,36.8411,-2.458,approximate,Andalucía,L100001005691,G100001006837,GEM Global Solar Power Tracker Feb-2026
Desma solar farm,--,,Spain,32.3,pre-construction,,Green Capital Development III,Capital Energy [100%],42.281,-3.788,approximate,Castilla y León,L100001005115,G100001006036,GEM Global Solar Power Tracker Feb-2026
Dione solar farm,--,,Spain,50.0,pre-construction,,,Solaria,40.6115,-2.4478,approximate,Castilla-La Mancha,L100001005463,G100001006502,GEM Global Solar Power Tracker Feb-2026
Doha Jerez Onda 1 solar farm,--,,Spain,23.1,pre-construction,,,,39.9636,-0.2668,approximate,Comunidad Valenciana,L100001064202,G100001073846,GEM Global Solar Power Tracker Feb-2026
Don Quijote solar farm,--,,Spain,15.3,operating,2008.0,,Avanzalia Energía [100%],39.6111,-2.8124,approximate,Castilla-La Mancha,L100000824490,G100000827644,GEM Global Solar Power Tracker Feb-2026
Don Quijote solar project,--,,Spain,17.8,operating,2017.0,,,39.8934,-5.3172,exact,Castilla-La Mancha,L100001009258,G100001010628,GEM Global Solar Power Tracker Feb-2026
Don Rodrigo solar farm,1,"Don Rodrigo 1 (Phase 1), Don Rodrigo 2 (Phase 2)",Spain,175.0,operating,2018.0,BayWa R.E.,MEAG [100%],37.2209,-5.8679,exact,Andalucía,L100000805715,G100000806577,GEM Global Solar Power Tracker Feb-2026
Don Rodrigo solar farm,2,"Don Rodrigo 1 (Phase 1), Don Rodrigo 2 (Phase 2)",Spain,50.0,operating,2020.0,BayWa R.E.,Talanx Group [100%],37.2209,-5.8679,exact,Andalucía,L100000805715,G100000806579,GEM Global Solar Power Tracker Feb-2026
Don Zenón solar farm,--,Charquillos,Spain,50.0,announced,,,,37.95,-1.1045,approximate,Región de Murcia,L100001007677,G100001008904,GEM Global Solar Power Tracker Feb-2026
Dos Hermanas solar project,--,,Spain,4.3,operating,2025.0,,,37.3053,-5.9847,exact,Andalucía,L100001053259,G100001061053,GEM Global Solar Power Tracker Feb-2026
Dos Hermanos A solar project,--,,Spain,6.5,operating,2017.0,,,37.2514,-5.9352,exact,Andalucía,L100001009246,G100001010616,GEM Global Solar Power Tracker Feb-2026
Draco solar farm (Spain),--,,Spain,45.6,operating,2022.0,,Solaria Energía y Medio Ambiente SA [100%],41.5267,-5.391,approximate,Castilla y León,L100000824491,G100000827645,GEM Global Solar Power Tracker Feb-2026
Driza solar farm,--,,Spain,112.5,pre-construction,,Driza Solar,Mástil Solar SLU [100%],40.2559,-3.3436,approximate,Comunidad de Madrid,L100000824492,G100000827646,GEM Global Solar Power Tracker Feb-2026
Dulcinea Solar solar farm,1,,Spain,30.0,operating,2008.0,Avanzalia Solar,Avanzalia Energía [100%],39.6561,-2.8036,exact,Castilla-La Mancha,L100000805709,G100000806570,GEM Global Solar Power Tracker Feb-2026
Dulcinea solar farm,--,,Spain,95.2,operating,2023.0,Enel Green Power,Enel Green Power SpA [100%],37.5041,-5.7135,approximate,Andalucía,L100000824493,G100000827647,GEM Global Solar Power Tracker Feb-2026
Duquesa solar farm,--,,Spain,23.7,pre-construction,,,,40.0383,-0.2607,exact,Comunidad Valenciana,L100001062409,G100001071678,GEM Global Solar Power Tracker Feb-2026
EGA solar farm,--,Ps Ega,Spain,30.0,operating,2022.0,UTE Aurinka International,UTE Aurinka International SL; Iqony Energies GmbH,37.0785,-2.3081,exact,Andalucía,L100000824495,G100000827650,GEM Global Solar Power Tracker Feb-2026
EKIAN (EVE) solar farm,1,Arasur,Spain,12.0,operating,2020.0,,unknown [1%]; SC Victoriano [35%]; Solar Generation LLC [49%]; SC Versal [15%],42.7024,-2.8968,exact,País Vasco,L100000824496,G100000827651,GEM Global Solar Power Tracker Feb-2026
EKIAN (EVE) solar farm,2,Arasur,Spain,12.0,operating,2020.0,,KREAN (Basque engineering and EPC company part of the Mondragón Corporation); EVE (Basque Energy Agency),42.7024,-2.8968,exact,País Vasco,L100000824496,G100000827652,GEM Global Solar Power Tracker Feb-2026
EKIAN (Iberdrola) solar farm,--,,Spain,100.0,construction,,Iberdrola,,42.7214,-2.9073,approximate,País Vasco,L100000824497,G100000827653,GEM Global Solar Power Tracker Feb-2026
Ebisu solar farm,1,,Spain,111.6,pre-construction,,,Energía Ebisu SL [100%],40.1689,-4.1894,approximate,Castilla-La Mancha,L100000824494,G100000827648,GEM Global Solar Power Tracker Feb-2026
Ebisu solar farm,2,,Spain,164.8,pre-construction,,,Energía Ebisu SL [100%],40.1684,-4.0938,approximate,Castilla-La Mancha,L100000824494,G100000827649,GEM Global Solar Power Tracker Feb-2026
Ebro I solar farm,--,,Spain,52.9,operating,2025.0,,,42.1296,-1.6796,exact,Comunidad Foral de Navarra,L100001063376,G100001072810,GEM Global Solar Power Tracker Feb-2026
Edisun Guadalajara solar farm,--,,Spain,150.0,announced,2027.0,,,39.2848,-3.0556,approximate,Castilla-La Mancha,L100001005694,G100001006839,GEM Global Solar Power Tracker Feb-2026
Ekienea solar farm,--,,Spain,107.6,pre-construction,,,Ekienea SL [100%],42.6879,-2.8952,approximate,País Vasco,L100001000557,G100001000861,GEM Global Solar Power Tracker Feb-2026
El Aliagar 2 solar farm,2,,Spain,46.7,operating,,,,41.8318,-0.7644,approximate,Aragón,L100000824498,G100000827654,GEM Global Solar Power Tracker Feb-2026
El Almendro solar farm,--,,Spain,33.3,shelved - inferred 2 y,,Iberdrola,Iberdrola SA [100%],37.506,-7.2717,approximate,Andalucía,L100000824499,G100000827655,GEM Global Solar Power Tracker Feb-2026
El Andévalo solar project I,--,,Spain,3.8,operating,2023.0,,,37.4617,-7.2691,exact,Andalucía,L100001010073,G100001011443,GEM Global Solar Power Tracker Feb-2026
El Andévalo solar project IX,--,,Spain,2.0,operating,2017.0,,,37.7794,-7.1531,exact,Andalucía,L100001053050,G100001060844,GEM Global Solar Power Tracker Feb-2026
El Andévalo solar project V,--,,Spain,3.9,operating,2021.0,,,37.6714,-6.8785,exact,Andalucía,L100001010077,G100001011447,GEM Global Solar Power Tracker Feb-2026
El Andévalo solar project VI,--,,Spain,5.2,operating,2024.0,,,37.6433,-6.8525,exact,Andalucía,L100001052832,G100001060626,GEM Global Solar Power Tracker Feb-2026
El Andévalo solar project VII,--,,Spain,6.9,operating,2025.0,,,37.5946,-7.0919,exact,Andalucía,L100001052851,G100001060645,GEM Global Solar Power Tracker Feb-2026
El Andévalo solar project VIII,--,,Spain,3.7,operating,2024.0,,,37.6347,-6.8995,exact,Andalucía,L100001052922,G100001060716,GEM Global Solar Power Tracker Feb-2026
El Andévalo solar project X,--,,Spain,1.0,operating,2017.0,,,37.5813,-6.8191,exact,Andalucía,L100001053138,G100001060932,GEM Global Solar Power Tracker Feb-2026
El Andévalo solar project XI,--,,Spain,12.4,operating,2025.0,,,37.6407,-6.878,exact,Andalucía,L100001053206,G100001061000,GEM Global Solar Power Tracker Feb-2026
El Andévalo solar project XII,--,,Spain,3.3,operating,2022.0,,,37.5922,-7.0726,exact,Andalucía,L100001053459,G100001061253,GEM Global Solar Power Tracker Feb-2026
El Andévalo solar project XIII,--,,Spain,1.6,operating,2024.0,,,37.4592,-7.2747,exact,Andalucía,L100001053652,G100001061446,GEM Global Solar Power Tracker Feb-2026
El Baix Segura / La Vega Baja solar project I,--,,Spain,1.5,operating,2017.0,,,37.8677,-0.8242,exact,Comunidad Valenciana,L100001052849,G100001060643,GEM Global Solar Power Tracker Feb-2026
El Baix Segura / La Vega Baja solar project II,--,,Spain,1.2,operating,2021.0,,,38.1554,-0.8156,exact,Comunidad Valenciana,L100001053627,G100001061421,GEM Global Solar Power Tracker Feb-2026
El Baix Segura / La Vega Baja solar project III,--,,Spain,2.7,operating,2024.0,,,38.2072,-0.8647,exact,Comunidad Valenciana,L100001053742,G100001061536,GEM Global Solar Power Tracker Feb-2026
El Baix Segura / La Vega Baja solar project IV,--,,Spain,1.6,operating,2024.0,,,38.1434,-0.8431,exact,Comunidad Valenciana,L100001053788,G100001061582,GEM Global Solar Power Tracker Feb-2026
El Baix Segura / La Vega Baja solar project V,--,,Spain,1.2,operating,2023.0,,,38.1683,-0.8631,exact,Comunidad Valenciana,L100001053830,G100001061624,GEM Global Solar Power Tracker Feb-2026
El Baldío solar farm,1,Solaria El Baldío,Spain,20.0,operating,2019.0,Solaria Energía y Medio Ambiente,Solaria Energía y Medio Ambiente SA [100%],39.9646,-5.6986,exact,Extremadura,L100000805965,G100000806868,GEM Global Solar Power Tracker Feb-2026
El Berrocal solar farm,1,,Spain,50.0,operating,,,Ferrovial SE,37.5465,-6.161,approximate,Andalucía,L100001007557,G100001008706,GEM Global Solar Power Tracker Feb-2026
El Berrocal solar farm,2,,Spain,50.0,pre-construction,,,Ferrovial SE,37.5465,-6.161,approximate,Andalucía,L100001007557,G100001008707,GEM Global Solar Power Tracker Feb-2026
El Berrocal solar farm,3,,Spain,50.0,pre-construction,,,Ferrovial SE,37.5465,-6.161,approximate,Andalucía,L100001007557,G100001008708,GEM Global Solar Power Tracker Feb-2026
El Bierzo solar project,--,,Spain,6.7,operating,2023.0,,,42.5513,-6.7821,exact,Castilla y León,L100001010481,G100001011851,GEM Global Solar Power Tracker Feb-2026
El Bierzo solar project I,--,,Spain,1.2,operating,2023.0,,,42.58,-6.5719,exact,Castilla y León,L100001053080,G100001060874,GEM Global Solar Power Tracker Feb-2026
El Bierzo solar project II,--,,Spain,1.0,operating,2023.0,,,42.5737,-6.5398,exact,Castilla y León,L100001053786,G100001061580,GEM Global Solar Power Tracker Feb-2026
El Bonal solar farm,1,,Spain,80.0,operating,2020.0,Renovalia Energy Group,Cerebus Capital Management LP [100%],38.6418,-3.9575,exact,Castilla-La Mancha,L100000805936,G100000806832,GEM Global Solar Power Tracker Feb-2026
El Bonete solar farm,--,,Spain,38.5,construction,,,,41.2303,-0.4889,exact,Aragón,L100001064191,G100001073835,GEM Global Solar Power Tracker Feb-2026
El Bonillo solar farm,1,,Spain,20.0,operating,2008.0,Abaste Group,Deutsche Bank AG [100%],38.9167,-2.5505,exact,Castilla-La Mancha,L100000805692,G100000806547,GEM Global Solar Power Tracker Feb-2026
El Caballero solar farm,--,,Spain,51.7,pre-construction,,,Alejandría Power,41.8676,-4.7472,approximate,Castilla y León,L100001005624,G100001006744,GEM Global Solar Power Tracker Feb-2026
El Carpio 1 Thermosolar farm,--,Solacor 1,Spain,50.0,operating,2012.0,Abengoa,Abengoa SA [76%]; JGC Holdings Corp [24%],37.9557,-4.5029,exact,Andalucía,L100000824500,G100000827656,GEM Global Solar Power Tracker Feb-2026
El Carpio 2 Thermosolar farm,--,Solacor 2,Spain,50.0,operating,2012.0,Abengoa,Abengoa SA [76%]; JGC Holdings Corp [24%],37.961,-4.4754,exact,Andalucía,L100000824501,G100000827657,GEM Global Solar Power Tracker Feb-2026
El Casar solar farm,--,,Spain,322.0,pre-construction,,Fotovoltaica El Casar,Statkraft AS [100%],40.0331,-4.0948,exact,Castilla-La Mancha,L100000824502,G100000827658,GEM Global Solar Power Tracker Feb-2026
El Casarejo Hybrid solar farm,--,,Spain,52.7,pre-construction,,,,39.7338,-2.5071,approximate,Castilla-La Mancha,L100001063377,G100001072811,GEM Global Solar Power Tracker Feb-2026
El Castellar solar farm,--,,Spain,25.0,pre-construction,,,Energia inagotable de Antlia SL [100%],41.9346,1.126,approximate,Cataluña,L100001000937,G100001001303,GEM Global Solar Power Tracker Feb-2026
El Castillar solar farm,--,,Spain,85.0,pre-construction,,,,40.9636,-2.664,approximate,Castilla-La Mancha,L100001061830,G100001070898,GEM Global Solar Power Tracker Feb-2026
El Cenallo solar farm,--,,Spain,79.3,shelved - inferred 2 y,,Ardermer Itg,,41.3473,-0.7809,approximate,Aragón,L100000824503,G100000827659,GEM Global Solar Power Tracker Feb-2026
El Cerro solar farm,--,,Spain,40.0,pre-construction,,,,38.3527,-0.6311,exact,Extremadura,L100001063378,G100001072812,GEM Global Solar Power Tracker Feb-2026
El Chano solar farm,--,,Spain,36.3,pre-construction,,Lacovia Investments,Erbienergia Inversiones [100%],42.2591,-6.0448,approximate,Castilla y León,L100001004630,G100001005431,GEM Global Solar Power Tracker Feb-2026
El Condado solar project I,--,,Spain,3.2,operating,2017.0,,,37.4029,-6.5854,exact,Andalucía,L100001009477,G100001010847,GEM Global Solar Power Tracker Feb-2026
El Condado solar project II,--,,Spain,3.2,operating,2017.0,,,37.4217,-6.5595,exact,Andalucía,L100001009690,G100001011060,GEM Global Solar Power Tracker Feb-2026
El Condado solar project III,--,,Spain,10.6,operating,2024.0,,,37.2766,-6.5701,exact,Andalucía,L100001009739,G100001011109,GEM Global Solar Power Tracker Feb-2026
El Condado solar project IV,--,,Spain,2.8,operating,2017.0,,,37.3997,-6.4008,exact,Andalucía,L100001009781,G100001011151,GEM Global Solar Power Tracker Feb-2026
El Condado solar project V,--,,Spain,14.3,operating,2024.0,,,37.3983,-6.4255,exact,Andalucía,L100001009984,G100001011354,GEM Global Solar Power Tracker Feb-2026
El Condado solar project XIII,--,,Spain,6.9,operating,2017.0,,,37.3799,-6.4891,exact,Andalucía,L100001010558,G100001011928,GEM Global Solar Power Tracker Feb-2026
El Condado solar project XIV,--,,Spain,1.4,operating,2017.0,,,37.3733,-6.7498,exact,Andalucía,L100001052870,G100001060664,GEM Global Solar Power Tracker Feb-2026
El Condado solar project XIX,--,,Spain,1.1,operating,2017.0,,,37.3802,-6.5449,exact,Andalucía,L100001053266,G100001061060,GEM Global Solar Power Tracker Feb-2026
El Condado solar project XV,--,,Spain,14.6,operating,2017.0,,,37.1628,-6.5169,exact,Andalucía,L100001052872,G100001060666,GEM Global Solar Power Tracker Feb-2026
El Condado solar project XVI,--,,Spain,16.8,operating,2024.0,,,37.3568,-6.3731,exact,Andalucía,L100001052900,G100001060694,GEM Global Solar Power Tracker Feb-2026
El Condado solar project XVII,--,,Spain,7.3,operating,2017.0,,,37.0911,-6.5467,exact,Andalucía,L100001052923,G100001060717,GEM Global Solar Power Tracker Feb-2026
El Condado solar project XVIII,--,,Spain,6.2,operating,2023.0,,,37.2931,-6.3105,exact,Andalucía,L100001053262,G100001061056,GEM Global Solar Power Tracker Feb-2026
El Condado solar project XX,--,,Spain,1.7,operating,2024.0,,,37.3944,-6.5165,exact,Andalucía,L100001053402,G100001061196,GEM Global Solar Power Tracker Feb-2026
El Condado solar project XXI,--,,Spain,6.3,operating,2024.0,,,37.3796,-6.5286,exact,Andalucía,L100001053450,G100001061244,GEM Global Solar Power Tracker Feb-2026
El Condado solar project XXII,--,,Spain,19.3,operating,2024.0,,,37.3789,-6.5191,exact,Andalucía,L100001053499,G100001061293,GEM Global Solar Power Tracker Feb-2026
El Condado solar project XXIII,--,,Spain,1.7,operating,2017.0,,,37.3172,-6.6246,exact,Andalucía,L100001053641,G100001061435,GEM Global Solar Power Tracker Feb-2026
El Condado solar project XXIV,--,,Spain,1.2,operating,2024.0,,,37.3754,-6.5997,exact,Andalucía,L100001053731,G100001061525,GEM Global Solar Power Tracker Feb-2026
El Conde solar farm,--,,Spain,24.3,pre-construction,,Planta Fotovoltaica Hierro,Nogal Medina SL [100%],42.0736,-4.5094,approximate,Castilla y León,L100001004586,G100001005383,GEM Global Solar Power Tracker Feb-2026
El Corchito solar farm,--,,Spain,25.0,operating,2025.0,,,38.3328,-6.7023,exact,Extremadura,L100001063279,G100001072679,GEM Global Solar Power Tracker Feb-2026
El Coronil solar farm,1,,Spain,10.0,operating,2014.0,,,37.0936,-5.6308,exact,Andalucía,L100000824504,G100000827660,GEM Global Solar Power Tracker Feb-2026
El Coronil solar farm,2,,Spain,10.0,operating,2014.0,,,37.0936,-5.6308,exact,Andalucía,L100000824504,G100000827661,GEM Global Solar Power Tracker Feb-2026
El Cortijo solar farm,--,,Spain,44.2,pre-construction,,,,37.2309,-2.9122,exact,Andalucía,L100001061885,G100001070982,GEM Global Solar Power Tracker Feb-2026
El Cuco solar farm,--,,Spain,40.0,construction,,El Cuco Energy,Aquila Clean Energy [100%],38.7107,-1.3446,approximate,Castilla-La Mancha,L100001004302,G100001005030,GEM Global Solar Power Tracker Feb-2026
El Cuervo Chico solar farm,--,,Spain,20.0,operating,,,,36.8361,-6.0696,approximate,Andalucía,L100001007680,G100001008907,GEM Global Solar Power Tracker Feb-2026
El Doblón solar farm,1,,Spain,50.0,operating,,Enel Green Power,Endesa SA [100%],38.7574,-6.3997,approximate,Extremadura,L100000805787,G100000806661,GEM Global Solar Power Tracker Feb-2026
El Encinar I solar farm,--,,Spain,41.7,operating,2025.0,Naturgy Renovables,Naturgy Energy Group SA [100%],38.7653,-6.581,approximate,Extremadura,L100000824505,G100000827662,GEM Global Solar Power Tracker Feb-2026
El Esparragal II solar farm,--,,Spain,43.2,pre-construction,,,,37.5382,-6.0617,approximate,Andalucía,L100001061997,G100001071118,GEM Global Solar Power Tracker Feb-2026
El Espino solar farm (Spain),--,,Spain,41.9,pre-construction,,Planta Solar OPDE 30,Opdenergy SA [100%],41.5465,-5.0551,approximate,Castilla y León,L100000824506,G100000827663,GEM Global Solar Power Tracker Feb-2026
El Faro solar farm,--,,Spain,20.2,pre-construction,,,,43.4871,-8.2336,approximate,Galicia,L100001063437,G100001072901,GEM Global Solar Power Tracker Feb-2026
El Hierro Hybrid solar farm,--,,Spain,43.2,pre-construction,,,,41.6774,-5.899,approximate,Castilla y León,L100001061862,G100001070949,GEM Global Solar Power Tracker Feb-2026
El Horizonte solar farm,--,,Spain,52.0,pre-construction,,,,38.4436,-0.6414,approximate,Comunidad Valenciana,L100001061693,G100001070732,GEM Global Solar Power Tracker Feb-2026
El Juncar solar farm,--,,Spain,50.0,pre-construction,,,Energía Inagotable de Meissa SL [100%],42.1805,0.8953,approximate,Cataluña,L100001000919,G100001001285,GEM Global Solar Power Tracker Feb-2026
El Lago solar farm,--,,Spain,60.0,pre-construction,,,Brezo Desarrollos España SL [100%],40.1023,-3.9398,approximate,Castilla-La Mancha,L100001004178,G100001004864,GEM Global Solar Power Tracker Feb-2026
El Llanillo solar farm,--,,Spain,150.0,pre-construction,,Aratel,,37.6087,-4.6016,approximate,Andalucía,L100000824507,G100000827664,GEM Global Solar Power Tracker Feb-2026
El Lobo solar farm,--,,Spain,36.1,pre-construction,,,,38.4361,-0.7966,approximate,Comunidad Valenciana,L100001062420,G100001071692,GEM Global Solar Power Tracker Feb-2026
El Mojito H2 solar farm,--,,Spain,94.0,pre-construction,,,,36.5802,-6.1126,approximate,Andalucía,L100001061920,G100001071019,GEM Global Solar Power Tracker Feb-2026
El Molino solar farm,--,,Spain,49.6,pre-construction,,,,37.2351,-2.9355,approximate,Andalucía,L100001061886,G100001070983,GEM Global Solar Power Tracker Feb-2026
El Monte (AXPO) solar farm,--,,Spain,39.0,pre-construction,,Planta Fotovoltaica El Monte,AXPO Solar Iberia [100%],42.5264,-5.7747,approximate,Castilla y León,L100001004583,G100001005380,GEM Global Solar Power Tracker Feb-2026
El Monte (Viridi) solar farm,--,,Spain,149.8,pre-construction,,Granado Desarrollos Fotovoltaicos España,Viridi RE [100%],40.2533,-4.1761,approximate,Castilla-La Mancha,L100001004176,G100001004862,GEM Global Solar Power Tracker Feb-2026
El Montecillo solar farm,--,,Spain,38.0,pre-construction,,,,37.5836,-4.6498,approximate,Andalucía,L100001061853,G100001070937,GEM Global Solar Power Tracker Feb-2026
El Muelle solar farm,--,,Spain,11.0,operating,,Opdenergy,Opdenergy SA [100%],41.4672,-1.0858,approximate,Aragón,L100000824508,G100000827665,GEM Global Solar Power Tracker Feb-2026
El Navajillo solar farm,--,,Spain,87.9,pre-construction,,Benbros Solar,,39.6111,-2.7904,approximate,Castilla-La Mancha,L100000824509,G100000827666,GEM Global Solar Power Tracker Feb-2026
El Perdón solar farm,--,,Spain,410.0,announced,,,,42.6816,-1.9367,approximate,Comunidad Foral de Navarra,L100001007681,G100001008908,GEM Global Solar Power Tracker Feb-2026
El Prado solar farm,--,,Spain,32.9,pre-construction,,,,40.0484,-3.9001,approximate,Castilla-La Mancha,L100001061777,G100001070842,GEM Global Solar Power Tracker Feb-2026
El Primo Aleman solar farm,1,Cabrera Primo Aleman,Spain,50.0,operating,2020.0,Solarcentury,Encavis AG [100%],37.2507,-5.6827,exact,Andalucía,L100000805957,G100000806858,GEM Global Solar Power Tracker Feb-2026
El Puerto I solar farm,--,,Spain,28.0,pre-construction,,,,36.1913,-5.4987,approximate,Andalucía,L100001062038,G100001071159,GEM Global Solar Power Tracker Feb-2026
El Puerto III solar farm,--,,Spain,46.9,pre-construction,,,,36.1906,-5.4972,approximate,Andalucía,L100001062015,G100001071137,GEM Global Solar Power Tracker Feb-2026
El Rancho solar farm,--,,Spain,44.5,operating,2024.0,,Statkraft AS,36.6876,-6.0216,exact,Andalucía,L100001063362,G100001072795,GEM Global Solar Power Tracker Feb-2026
El Realengo solar project,--,,Spain,13.2,operating,2008.0,,,38.1995,-0.8,exact,Comunidad Valenciana,L100001009106,G100001010476,GEM Global Solar Power Tracker Feb-2026
El Refugio solar farm,--,,Spain,125.0,shelved,,El Refugio Fotovoltaico,Statkraft AS [100%],40.1128,-4.2125,exact,Castilla-La Mancha,L100000824510,G100000827667,GEM Global Solar Power Tracker Feb-2026
El Robledo solar farm,--,,Spain,49.8,operating,,,,41.2617,-0.1265,approximate,Aragón,L100000824511,G100000827668,GEM Global Solar Power Tracker Feb-2026
El Rocío solar farm,1,"Rolwind Rocio Pv 1 (Phase 1), Rolwind Rocio Pv 2 (Phase 2), Rolwind Rocio Pv 3 (Phase 3)",Spain,52.0,operating,2023.0,Rolwind Renovables,Matrix Renewables [100%],37.0765,-6.5397,approximate,Andalucía,L100000805943,G100000806841,GEM Global Solar Power Tracker Feb-2026
El Rocío solar farm,2,"Rolwind Rocio Pv 1 (Phase 1), Rolwind Rocio Pv 2 (Phase 2), Rolwind Rocio Pv 3 (Phase 3)",Spain,52.0,operating,2023.0,Rolwind Renovables,Matrix Renewables [100%],37.0765,-6.5397,approximate,Andalucía,L100000805943,G100000806842,GEM Global Solar Power Tracker Feb-2026
El Rocío solar farm,3,"Rolwind Rocio Pv 1 (Phase 1), Rolwind Rocio Pv 2 (Phase 2), Rolwind Rocio Pv 3 (Phase 3)",Spain,24.0,operating,2023.0,Rolwind Renovables,Matrix Renewables [100%],37.0765,-6.5397,approximate,Andalucía,L100000805943,G100000806843,GEM Global Solar Power Tracker Feb-2026
El Romeral (Eólica Montesinos) solar farm,--,El Romeral hybrid photovoltaic solar plant,Spain,10.0,pre-construction,,,Eólica Montesinos SL,38.9196,-1.724,approximate,Castilla-La Mancha,L100001005352,G100001006380,GEM Global Solar Power Tracker Feb-2026
El Romeral solar farm,1,,Spain,42.0,operating,2022.0,Iberdrola Renovables Energia,Iberdrola SA [100%],39.5687,-2.0884,approximate,Castilla-La Mancha,L100000805871,G100000806755,GEM Global Solar Power Tracker Feb-2026
El Salobral solar farm,1,El Salobral-1,Spain,45.0,operating,2020.0,,Luxcara GmbH [100%],37.6832,-4.5629,approximate,Andalucía,L100000806603,G100000807571,GEM Global Solar Power Tracker Feb-2026
El Secarral solar farm,--,,Spain,93.0,pre-construction,,Lavanda Desarrollos España,Viridi Energy [100%],38.307,-0.6952,approximate,Comunidad Valenciana,L100001003212,G100001003681,GEM Global Solar Power Tracker Feb-2026
El Soto solar farm,--,,Spain,120.0,pre-construction,,,Global Solar Energy Diecinueve SL [100%],42.6838,-1.7171,approximate,Comunidad Foral de Navarra,L100000824512,G100000827669,GEM Global Solar Power Tracker Feb-2026
El Tello solar farm,--,,Spain,21.5,pre-construction,,,,39.3506,-0.4675,approximate,Comunidad Valenciana,L100001064146,G100001073783,GEM Global Solar Power Tracker Feb-2026
El Terròs solar farm,--,,Spain,25.0,pre-construction,,,Energia Inagotable del Proyecto El Terròs SL [100%],41.6987,1.3235,approximate,Cataluña,L100001000940,G100001001308,GEM Global Solar Power Tracker Feb-2026
El Tollo solar farm,--,,Spain,45.0,pre-construction,,Molinos del Ebro,Grupo SAMCA [100%],41.6829,-1.3485,approximate,Aragón,L100001004070,G100001004727,GEM Global Solar Power Tracker Feb-2026
El Tomillar solar farm,--,,Spain,16.0,operating,2023.0,,Eiffage Energía Sistemas [100%],38.9207,-1.7257,approximate,Castilla-La Mancha,L100000824513,G100000827670,GEM Global Solar Power Tracker Feb-2026
El Tomillar solar project,--,,Spain,14.0,operating,2023.0,,,38.97,-1.772,exact,Castilla-La Mancha,L100001009098,G100001010468,GEM Global Solar Power Tracker Feb-2026
El Valle solar farm,--,,Spain,124.5,pre-construction,,Aulaga Desarrollos España,Viridi RE [100%],40.2463,-4.177,approximate,Castilla-La Mancha,L100000824514,G100000827671,GEM Global Solar Power Tracker Feb-2026
El Yarte solar farm,--,Arcos El Yarte,Spain,46.6,operating,2022.0,Renewables Infrastructure Group LTD (TRIG),Renewables Infrastructure Group LTD (TRIG) [100%],36.6061,-5.7988,approximate,Andalucía,L100000824515,G100000827672,GEM Global Solar Power Tracker Feb-2026
El Álamo (Spain) solar farm,El Álamo 1,"El Álamo 3, El Álamo 1, El Álamo 2",Spain,46.0,pre-construction,,,TotalEnergies SE,40.0544,-4.1155,approximate,Castilla-La Mancha,L100001005378,G100001006412,GEM Global Solar Power Tracker Feb-2026
El Álamo (Spain) solar farm,El Álamo 2,"El Álamo 3, El Álamo 1, El Álamo 2",Spain,46.0,pre-construction,,,TotalEnergies SE,40.0544,-4.1155,approximate,Castilla-La Mancha,L100001005378,G100001006413,GEM Global Solar Power Tracker Feb-2026
El Álamo (Spain) solar farm,El Álamo 3,"El Álamo 3, El Álamo 1, El Álamo 2",Spain,46.0,pre-construction,,,TotalEnergies SE,40.0544,-4.1155,approximate,Castilla-La Mancha,L100001005378,G100001006414,GEM Global Solar Power Tracker Feb-2026
El Árbol solar farm,--,,Spain,42.6,pre-construction,,,9 Instalación Solar Mazarrón SL [100%],40.0212,-3.8406,approximate,Castilla-La Mancha,L100001003859,G100001004441,GEM Global Solar Power Tracker Feb-2026
Elawan Ayora solar farm,1,,Spain,34.0,pre-construction,,,Elawan Energy SL [100%],39.1259,-1.0964,approximate,Comunidad Valenciana,L100001003966,G100001004585,GEM Global Solar Power Tracker Feb-2026
Elawan Ayora solar farm,2,,Spain,34.0,pre-construction,,,Elawan Energy SL [100%],39.1245,-1.1305,approximate,Comunidad Valenciana,L100001003966,G100001004586,GEM Global Solar Power Tracker Feb-2026
Elawan Ayora solar farm,3,,Spain,21.8,pre-construction,,,Elawan Energy SL [100%],39.1213,-1.1709,approximate,Comunidad Valenciana,L100001003966,G100001004590,GEM Global Solar Power Tracker Feb-2026
Elawan Ayora solar farm,4,,Spain,21.8,pre-construction,,,Elawan Energy SL [100%],39.1269,-1.2369,approximate,Castilla-La Mancha,L100001003966,G100001004591,GEM Global Solar Power Tracker Feb-2026
Elawan Olmedo solar farm,1,,Spain,49.6,pre-construction,,Elawan Energy Olmedo 1,Elawan Energy SL [100%],41.2442,-4.809,approximate,Castilla y León,L100000824516,G100000827673,GEM Global Solar Power Tracker Feb-2026
Elawan Olmedo solar farm,2,,Spain,49.6,pre-construction,,Elawan Energy Olmedo 2,Elawan Energy SL [100%],41.2442,-4.809,approximate,Castilla y León,L100000824516,G100000827674,GEM Global Solar Power Tracker Feb-2026
Elawan Olmedo solar farm,3,,Spain,49.6,pre-construction,,Elawan Energy Olmedo 3,Elawan Energy SL [100%],41.2442,-4.809,approximate,Castilla y León,L100000824516,G100000827675,GEM Global Solar Power Tracker Feb-2026
Elawan Tordesillas solar farm,1,,Spain,50.1,pre-construction,,Elawan Energy Tordesillas 1,Elawan Energy SL [100%],41.5493,-5.1145,approximate,Castilla y León,L100000824517,G100000827676,GEM Global Solar Power Tracker Feb-2026
Elawan Tordesillas solar farm,2,,Spain,50.1,pre-construction,,Elawan Energy Tordesillas 2,Elawan Energy SL [100%],41.5291,-5.1322,approximate,Castilla y León,L100000824517,G100000827677,GEM Global Solar Power Tracker Feb-2026
Elawan Tordesillas solar farm,3,,Spain,50.1,pre-construction,,Elawan Energy Tordesillas 3,Elawan Energy SL [100%],41.5581,-5.1495,approximate,Castilla y León,L100000824517,G100000827678,GEM Global Solar Power Tracker Feb-2026
Elawan Tordesillas solar farm,4,,Spain,50.1,pre-construction,,Elawan Energy Tordesillas IV,Elawan Energy SL [100%],41.5516,-5.0129,approximate,Castilla y León,L100000824517,G100000827679,GEM Global Solar Power Tracker Feb-2026
Elawan Torrijos I Hybrid solar farm,--,,Spain,47.2,pre-construction,,,,40.0448,-4.2807,approximate,Castilla-La Mancha,L100001062220,G100001071445,GEM Global Solar Power Tracker Feb-2026
Elawan Valdecarretas I solar farm,--,,Spain,47.2,pre-construction,,,Elawan Energy SL [100%],41.4284,-5.395,approximate,Castilla y León,L100001004577,G100001005374,GEM Global Solar Power Tracker Feb-2026
Elawan Velilla solar farm,--,,Spain,35.1,pre-construction,,,Elawan Energy SL [100%],42.7741,-4.8382,approximate,Castilla y León,L100001004590,G100001005387,GEM Global Solar Power Tracker Feb-2026
Elda solar farm,--,,Spain,74.6,pre-construction,,Taranta Solar,Taranta Solar SL [100%],38.4381,-0.8051,approximate,Comunidad Valenciana,L100000824518,G100000827680,GEM Global Solar Power Tracker Feb-2026
Elduayen solar farm,--,,Spain,11.4,operating,2008.0,,,38.9122,-6.2193,approximate,Extremadura,L100000824519,G100000827681,GEM Global Solar Power Tracker Feb-2026
Els Arcs solar farm,--,,Spain,21.6,pre-construction,,,Energia Inagotable del Proyecto Els Arcs SL [100%],41.1609,0.3492,approximate,Cataluña,L100001000960,G100001001328,GEM Global Solar Power Tracker Feb-2026
Els Clotets solar farm,--,,Spain,25.0,pre-construction,,,Energía Inagotable de Chara SL [100%],41.7375,1.2628,approximate,Cataluña,L100001000936,G100001001302,GEM Global Solar Power Tracker Feb-2026
Els Emprius solar farm,--,,Spain,30.0,pre-construction,,Energía Inagotable del Proyecto Els Emprius,Forestalia SL [100%],41.363,0.4996,approximate,Cataluña,L100001000926,G100001001294,GEM Global Solar Power Tracker Feb-2026
Els Mallols solar farm,2,,Spain,35.0,pre-construction,,Energia Renovable de Delta,Forestalia SL [100%],41.4255,0.6631,approximate,Cataluña,L100001000923,G100001001289,GEM Global Solar Power Tracker Feb-2026
Els Quingles solar farm,--,,Spain,22.1,pre-construction,,,VLT Investment SP MX 1 SL [100%],41.7881,1.9882,approximate,Cataluña,L100001000959,G100001001326,GEM Global Solar Power Tracker Feb-2026
Els Rasos solar farm,--,,Spain,25.0,pre-construction,,,Energia Inagotable de Dseta SL [100%],41.4169,0.6957,approximate,Cataluña,L100001000956,G100001001324,GEM Global Solar Power Tracker Feb-2026
Els Vilars solar farm,--,,Spain,38.4,pre-construction,,,Energía Inagotable de Patalena SL [100%],41.5649,1.1277,approximate,Cataluña,L100001000921,G100001001287,GEM Global Solar Power Tracker Feb-2026
Elvira solar farm,--,,Spain,146.0,pre-construction,,Parrales Solar,,37.6087,-4.6016,approximate,Andalucía,L100000824520,G100000827682,GEM Global Solar Power Tracker Feb-2026
Emin solar farm,--,,Spain,150.0,pre-construction,,,Enel Green Power SpA,38.249,-6.3063,exact,Extremadura,L100001007560,G100001008712,GEM Global Solar Power Tracker Feb-2026
Emoción solar farm,--,,Spain,49.8,operating,,,,41.2874,-0.324,approximate,Aragón,L100000824521,G100000827683,GEM Global Solar Power Tracker Feb-2026
Encina del Sol solar farm,--,Encina al Sol,Spain,35.8,operating,2024.0,Enel Green Power España,Endesa SA [100%],38.6632,-4.1675,approximate,Castilla-La Mancha,L100000824522,G100000827684,GEM Global Solar Power Tracker Feb-2026
Encinedo Hybrid solar farm,--,,Spain,31.2,pre-construction,,,,41.9864,-4.2761,approximate,Castilla y León,L100001064033,G100001073635,GEM Global Solar Power Tracker Feb-2026
Eneas solar farm,--,,Spain,33.0,pre-construction,,,Forestalia SL,40.8125,-1.482,approximate,Aragón,L100001005673,G100001006813,GEM Global Solar Power Tracker Feb-2026
Enebro solar farm,--,,Spain,50.0,pre-construction,,Enebro Solar,Amarenco [100%],41.7832,-5.8807,approximate,Castilla y León,L100001004665,G100001005475,GEM Global Solar Power Tracker Feb-2026
Enerstar Villena Thermosolar solar farm,--,,Spain,49.9,operating,2014.0,Enerstar Solar Thermal Project,FCC Energy [100%],38.7292,-0.9212,exact,Comunidad Valenciana,L100000824523,G100000827685,GEM Global Solar Power Tracker Feb-2026
Enif solar farm,--,,Spain,34.3,pre-construction,,Energía Inagotable de Enif,Forestalia SL [100%],42.0018,-0.113,approximate,Aragón,L100000824524,G100000827686,GEM Global Solar Power Tracker Feb-2026
Entrenúcleos solar farm,1,,Spain,50.0,construction,2026.0,,,37.246,-6.0065,exact,Andalucía,L100001064172,G100001073815,GEM Global Solar Power Tracker Feb-2026
Entrenúcleos solar farm,2,,Spain,50.0,construction,2026.0,,,37.246,-6.0065,approximate,Andalucía,L100001064172,G100001073819,GEM Global Solar Power Tracker Feb-2026
Entrenúcleos solar farm,3,,Spain,50.0,construction,2026.0,,,37.246,-6.0065,approximate,Andalucía,L100001064172,G100001073821,GEM Global Solar Power Tracker Feb-2026
Entrenúcleos solar farm,4,,Spain,50.0,construction,2026.0,,,37.246,-6.0065,approximate,Andalucía,L100001064172,G100001073822,GEM Global Solar Power Tracker Feb-2026
Envatios XIII - La Cereal solar farm,--,,Spain,165.6,pre-construction,,Solusol PVI,Prodiel SL [100%],40.7478,-3.3937,approximate,Castilla-La Mancha,L100001004148,G100001004818,GEM Global Solar Power Tracker Feb-2026
Envatios XXII solar farm,1,,Spain,233.8,pre-construction,,Envatios Promoción XXII,Prodiel SL [100%],40.0583,-3.7472,approximate,Castilla-La Mancha,L100000824525,G100000827687,GEM Global Solar Power Tracker Feb-2026
Envatios XXII solar farm,2,,Spain,279.9,pre-construction,,Envatios Fuencarral,Prodiel SL [100%],40.0583,-3.7472,approximate,Castilla-La Mancha,L100000824525,G100001004472,GEM Global Solar Power Tracker Feb-2026
Envatios XXIII solar farm,1,,Spain,239.7,pre-construction,,Envatios Promoción XXIII,Prodiel SL [100%],39.9421,-3.6992,approximate,Castilla-La Mancha,L100000824526,G100000827688,GEM Global Solar Power Tracker Feb-2026
Envatios XXIII solar farm,2,,Spain,239.7,pre-construction,,Envatios Promoción XXIII,Prodiel SL [100%],39.9421,-3.6992,approximate,Castilla-La Mancha,L100000824526,G100000827689,GEM Global Solar Power Tracker Feb-2026
Envatios XXIV solar farm,1,,Spain,82.6,pre-construction,,Envatios Promoción XXIV,Prodiel SL [100%],40.4002,-3.4664,approximate,Comunidad de Madrid,L100001003916,G100001004507,GEM Global Solar Power Tracker Feb-2026
Envatios XXIV solar farm,2,,Spain,82.6,pre-construction,,Envatios Promoción XXIV,Prodiel SL [100%],40.4002,-3.4664,approximate,Comunidad de Madrid,L100001003916,G100001004508,GEM Global Solar Power Tracker Feb-2026
Envatios XXIV solar farm,3,,Spain,70.8,pre-construction,,Envatios Promoción XXIV,Prodiel SL [100%],40.4002,-3.4664,approximate,Comunidad de Madrid,L100001003916,G100001004509,GEM Global Solar Power Tracker Feb-2026
Envatios XXV solar farm,--,,Spain,183.8,pre-construction,,Envatios Promoción XXV,Prodiel SL [100%],40.7287,-3.4097,approximate,Castilla-La Mancha,L100001004149,G100001004819,GEM Global Solar Power Tracker Feb-2026
Envitero solar farm,--,,Spain,45.6,operating,,,,41.2874,-0.324,approximate,Aragón,L100000824527,G100000827690,GEM Global Solar Power Tracker Feb-2026
Erasmo solar farm,1,ErasmoPower2X,Spain,1200.0,pre-construction,2029.0,Soto Solar,COFRA Group [100%],38.9434,-4.6083,approximate,Castilla-La Mancha,L100000805998,G100000806905,GEM Global Solar Power Tracker Feb-2026
Erdialdea / Zona Media solar project,--,,Spain,4.9,operating,2023.0,,,42.463,-1.6729,exact,País Vasco,L100001053173,G100001060967,GEM Global Solar Power Tracker Feb-2026
Erdialdea / Zona Media solar project I,--,,Spain,6.0,operating,2017.0,,,42.3929,-1.4438,exact,Castilla-La Mancha,L100001009681,G100001011051,GEM Global Solar Power Tracker Feb-2026
Erdialdea / Zona Media solar project II,--,,Spain,8.3,operating,2017.0,,,42.3257,-1.5965,exact,Castilla-La Mancha,L100001010028,G100001011398,GEM Global Solar Power Tracker Feb-2026
Erdialdea / Zona Media solar project III,--,,Spain,3.1,operating,2023.0,,,42.3668,-1.6527,exact,Castilla-La Mancha,L100001010265,G100001011635,GEM Global Solar Power Tracker Feb-2026
Erdialdea / Zona Media solar project IV,--,,Spain,1.7,operating,2023.0,,,42.4951,-1.6323,exact,Castilla-La Mancha,L100001010266,G100001011636,GEM Global Solar Power Tracker Feb-2026
Erdialdea / Zona Media solar project VI,--,,Spain,4.2,operating,2017.0,,,42.3169,-1.5665,exact,Comunidad Foral de Navarra,L100001053681,G100001061475,GEM Global Solar Power Tracker Feb-2026
Erribera / Ribera solar project I,--,,Spain,14.4,operating,2023.0,,,41.9829,-1.5713,exact,Comunidad Foral de Navarra,L100001009431,G100001010801,GEM Global Solar Power Tracker Feb-2026
Erribera / Ribera solar project II,--,,Spain,7.9,operating,2017.0,,,42.0878,-1.6326,exact,Comunidad Foral de Navarra,L100001009721,G100001011091,GEM Global Solar Power Tracker Feb-2026
Erribera / Ribera solar project III,--,,Spain,6.4,operating,2017.0,,,42.0988,-1.6636,exact,Comunidad Foral de Navarra,L100001009861,G100001011231,GEM Global Solar Power Tracker Feb-2026
Erribera / Ribera solar project IV,--,,Spain,8.4,operating,2017.0,,,41.9587,-1.5316,exact,Aragón,L100001009946,G100001011316,GEM Global Solar Power Tracker Feb-2026
Erribera / Ribera solar project IX,--,,Spain,6.7,operating,2023.0,,,42.0334,-1.4892,exact,Comunidad Foral de Navarra,L100001053125,G100001060919,GEM Global Solar Power Tracker Feb-2026
Erribera / Ribera solar project V,--,,Spain,6.7,operating,2017.0,,,42.0473,-1.7829,exact,Comunidad Foral de Navarra,L100001010021,G100001011391,GEM Global Solar Power Tracker Feb-2026
Erribera / Ribera solar project VI,--,,Spain,2.2,operating,2020.0,,,42.1256,-1.6764,exact,Comunidad Foral de Navarra,L100001010514,G100001011884,GEM Global Solar Power Tracker Feb-2026
Erribera / Ribera solar project VII,--,,Spain,3.2,operating,2025.0,,,42.0582,-1.7955,exact,Comunidad Foral de Navarra,L100001052949,G100001060743,GEM Global Solar Power Tracker Feb-2026
Erribera / Ribera solar project VIII,--,,Spain,5.2,operating,2023.0,,,42.0733,-1.8548,exact,Comunidad Foral de Navarra,L100001053072,G100001060866,GEM Global Solar Power Tracker Feb-2026
Erribera / Ribera solar project X,--,,Spain,5.6,operating,2023.0,,,42.1047,-1.6405,exact,Comunidad Foral de Navarra,L100001053184,G100001060978,GEM Global Solar Power Tracker Feb-2026
Erribera / Ribera solar project XI,--,,Spain,5.3,operating,2017.0,,,42.1734,-1.5797,exact,Comunidad Foral de Navarra,L100001053191,G100001060985,GEM Global Solar Power Tracker Feb-2026
Erribera / Ribera solar project XII,--,,Spain,14.4,operating,2017.0,,,42.0573,-1.6769,exact,Comunidad Foral de Navarra,L100001053214,G100001061008,GEM Global Solar Power Tracker Feb-2026
Erribera / Ribera solar project XIII,--,,Spain,11.5,operating,2023.0,,,42.1247,-1.8358,exact,Comunidad Foral de Navarra,L100001053273,G100001061067,GEM Global Solar Power Tracker Feb-2026
Erribera / Ribera solar project XIV,--,,Spain,3.7,operating,2023.0,,,42.0181,-1.6046,exact,Comunidad Foral de Navarra,L100001053399,G100001061193,GEM Global Solar Power Tracker Feb-2026
Erribera / Ribera solar project XIX,--,,Spain,3.2,operating,2023.0,,,42.1762,-1.5906,exact,Comunidad Foral de Navarra,L100001053813,G100001061607,GEM Global Solar Power Tracker Feb-2026
Erribera / Ribera solar project XV,--,,Spain,5.5,operating,2023.0,,,41.9221,-1.4612,exact,Comunidad Foral de Navarra,L100001053724,G100001061518,GEM Global Solar Power Tracker Feb-2026
Erribera / Ribera solar project XVI,--,,Spain,2.1,operating,2023.0,,,42.0257,-1.49,exact,Comunidad Foral de Navarra,L100001053752,G100001061546,GEM Global Solar Power Tracker Feb-2026
Erribera / Ribera solar project XVII,--,,Spain,7.3,operating,2023.0,,,42.0548,-1.513,exact,Comunidad Foral de Navarra,L100001053754,G100001061548,GEM Global Solar Power Tracker Feb-2026
Erribera / Ribera solar project XVIII,--,,Spain,15.2,operating,2025.0,,,42.1144,-1.6825,exact,Comunidad Foral de Navarra,L100001053775,G100001061569,GEM Global Solar Power Tracker Feb-2026
Erribera / Ribera solar project XX,--,,Spain,5.3,operating,2023.0,,,41.9691,-1.634,exact,Comunidad Foral de Navarra,L100001053841,G100001061635,GEM Global Solar Power Tracker Feb-2026
Erriberagoiena / Ribera Alta solar project II,--,,Spain,9.3,operating,2017.0,,,42.3795,-1.8009,exact,Comunidad Foral de Navarra,L100001010264,G100001011634,GEM Global Solar Power Tracker Feb-2026
Ersa solar farm,--,,Spain,49.5,pre-construction,,Energía Inagotable de Ersa,Forestalia SL [100%],42.025,-0.0815,approximate,Aragón,L100000824528,G100000827691,GEM Global Solar Power Tracker Feb-2026
Es Rafalot solar farm,--,,Spain,39.9,announced,,,Valfortec,39.6959,2.7017,approximate,Islas Baleares,L100001007592,G100001008763,GEM Global Solar Power Tracker Feb-2026
Escalonilla Norte solar project,--,,Spain,5.0,operating,2019.0,,,39.901,-4.348,exact,Castilla-La Mancha,L100001009259,G100001010629,GEM Global Solar Power Tracker Feb-2026
Escalonilla Oeste solar project,--,,Spain,5.0,operating,2018.0,,,39.895,-4.357,exact,Castilla-La Mancha,L100001009260,G100001010630,GEM Global Solar Power Tracker Feb-2026
Escalonilla Sur solar project,--,,Spain,5.0,operating,2019.0,,,39.892,-4.351,exact,Castilla-La Mancha,L100001009261,G100001010631,GEM Global Solar Power Tracker Feb-2026
Escarnes solar farm,--,,Spain,40.1,operating,,,,41.2874,-0.324,approximate,Aragón,L100000824529,G100000827692,GEM Global Solar Power Tracker Feb-2026
Escatrón Dos solar farm,--,,Spain,49.8,operating,2019.0,,Actividades de Construcción y Servicios SA [24%]; Galp Energia SGPS SA [75%],41.2874,-0.324,approximate,Aragón,L100000824530,G100000827693,GEM Global Solar Power Tracker Feb-2026
Escatrón solar farm,Norte,"MG Fotovoltaica Norte, MG Fotovoltaica Sur",Spain,160.0,pre-construction,,,Ignis Energía SL [100%],41.2807,-0.2174,approximate,Aragón,L100000824531,G100000827694,GEM Global Solar Power Tracker Feb-2026
Escatrón solar farm,Sur,"MG Fotovoltaica Norte, MG Fotovoltaica Sur",Spain,40.0,pre-construction,,,Ignis Energía SL [100%],41.2807,-0.2174,approximate,Aragón,L100000824531,G100000827695,GEM Global Solar Power Tracker Feb-2026
Escribano solar farm,--,,Spain,44.9,pre-construction,,,Escribano Solar SL [100%],41.6096,1.647,approximate,Cataluña,L100001000848,G100001001205,GEM Global Solar Power Tracker Feb-2026
Escucha 2 solar farm,--,Proyecto Vendimia,Spain,49.5,operating,2021.0,Fuerzas Energéticas del Sur de Europa XIX,Plenium Partners [100%]; Bankinter,41.2693,-0.5396,exact,Aragón,L100000824532,G100000827696,GEM Global Solar Power Tracker Feb-2026
Escuderos solar farm,1,,Spain,181.5,pre-construction,,Mitra PI,,39.9951,-2.1738,approximate,Castilla-La Mancha,L100000824533,G100000827697,GEM Global Solar Power Tracker Feb-2026
Escuderos solar farm,2,,Spain,153.5,pre-construction,,Mitra PI,,39.9951,-2.1738,approximate,Castilla-La Mancha,L100000824533,G100000827698,GEM Global Solar Power Tracker Feb-2026
Escuderos solar farm,3,,Spain,116.5,pre-construction,,Mitra PL,,39.9951,-2.1738,approximate,Castilla-La Mancha,L100000824533,G100000827699,GEM Global Solar Power Tracker Feb-2026
Esparragal solar farm,1,Guillena,Spain,50.0,operating,2022.0,,Enel Green Power España SL [100%],37.5499,-6.0947,exact,Andalucía,L100000824534,G100000827700,GEM Global Solar Power Tracker Feb-2026
Espartosa solar project,--,,Spain,3.8,operating,2017.0,,,38.2814,-1.5099,exact,Región de Murcia,L100001009203,G100001010573,GEM Global Solar Power Tracker Feb-2026
España Vaciada (IGNIS) solar farm,--,,Spain,37.0,announced,,Ignis Energía,Ignis Energía SL,40.3353,-1.1071,approximate,Aragón,L100001007658,G100001008883,GEM Global Solar Power Tracker Feb-2026
Esperanza solar farm (Spain),--,Proyecto Esperanza,Spain,237.0,pre-construction,,Global Surma SLU,,38.791,-5.6362,approximate,Extremadura,L100000824535,G100000827701,GEM Global Solar Power Tracker Feb-2026
Esplendor solar farm,--,,Spain,49.8,operating,2019.0,,Actividades de Construcción y Servicios SA [24%]; Galp Energia SGPS SA [75%],41.1891,-0.3858,approximate,Aragón,L100000824536,G100000827702,GEM Global Solar Power Tracker Feb-2026
Espliego solar farm,--,,Spain,50.0,pre-construction,,Espliego Solar,Amarenco [100%],41.7924,-5.8936,approximate,Castilla y León,L100001004662,G100001005472,GEM Global Solar Power Tracker Feb-2026
Esquileo 1 solar farm,--,,Spain,47.5,pre-construction,,,,41.9148,-4.7807,approximate,Andalucía,L100001007599,G100001008778,GEM Global Solar Power Tracker Feb-2026
Estanes solar farm,--,,Spain,46.8,pre-construction,,,,41.1851,-0.3894,approximate,Aragón,L100001063520,G100001073007,GEM Global Solar Power Tracker Feb-2026
Estellerria / Tierra Estella solar project I,--,,Spain,1.5,operating,2023.0,,,42.3785,-2.0512,exact,Comunidad Foral de Navarra,L100001009452,G100001010822,GEM Global Solar Power Tracker Feb-2026
Estellerria / Tierra Estella solar project II,--,,Spain,1.7,operating,2017.0,,,42.4076,-2.0163,exact,Comunidad Foral de Navarra,L100001009604,G100001010974,GEM Global Solar Power Tracker Feb-2026
Estellerria / Tierra Estella solar project III,--,,Spain,6.9,operating,2017.0,,,42.4693,-2.2786,exact,Comunidad Foral de Navarra,L100001053157,G100001060951,GEM Global Solar Power Tracker Feb-2026
Estellerria / Tierra Estella solar project IV,--,,Spain,6.2,operating,2018.0,,,42.4019,-1.9895,exact,Comunidad Foral de Navarra,L100001053255,G100001061049,GEM Global Solar Power Tracker Feb-2026
Estellerria / Tierra Estella solar project V,--,,Spain,3.4,operating,2025.0,,,42.4609,-2.0912,exact,Comunidad Foral de Navarra,L100001053380,G100001061174,GEM Global Solar Power Tracker Feb-2026
Estellerria / Tierra Estella solar project VI,--,,Spain,8.8,operating,2025.0,,,42.5397,-2.1757,exact,Comunidad Foral de Navarra,L100001053770,G100001061564,GEM Global Solar Power Tracker Feb-2026
Estellerriko Erribera / Ribera Estellesa solar project,--,,Spain,5.8,operating,2023.0,,,42.4893,-2.3209,exact,Comunidad Foral de Navarra,L100001009711,G100001011081,GEM Global Solar Power Tracker Feb-2026
Estrella Solar PV solar farm,--,,Spain,35.8,operating,2023.0,Enel Green Power España,Endesa SA [100%],38.6813,-4.1716,approximate,Castilla-La Mancha,L100000824537,G100000827703,GEM Global Solar Power Tracker Feb-2026
Euder solar farm,Castiblanco,"Valdecaballero Solar (Phase Valdecaballero), Valdecaballero Euder (Phase Valdecaballero), Navavillar solar (Phase Navalvillar), Castiblanco Solar (Phase Castiblanco)",Spain,43.0,operating,2019.0,Enel Green Power,Endesa SA [100%],39.2441,-5.2922,exact,Extremadura,L100000805779,G100000806652,GEM Global Solar Power Tracker Feb-2026
Euder solar farm,Navalvillar,"Valdecaballero Solar (Phase Valdecaballero), Valdecaballero Euder (Phase Valdecaballero), Navavillar solar (Phase Navalvillar), Castiblanco Solar (Phase Castiblanco)",Spain,43.0,operating,2019.0,Enel Green Power,Endesa SA [100%],39.2441,-5.2922,exact,Extremadura,L100000805779,G100000806653,GEM Global Solar Power Tracker Feb-2026
Euder solar farm,Valdecaballero,"Valdecaballero Solar (Phase Valdecaballero), Valdecaballero Euder (Phase Valdecaballero), Navavillar solar (Phase Navalvillar), Castiblanco Solar (Phase Castiblanco)",Spain,43.0,operating,2019.0,Enel Green Power,Endesa SA [100%],39.2441,-5.2922,exact,Extremadura,L100000805779,G100000806651,GEM Global Solar Power Tracker Feb-2026
Eugenia solar farm (Spain),--,,Spain,38.2,shelved - inferred 2 y,,Enel Green Power,Enel Green Power SpA [100%],41.8418,-2.0457,approximate,Castilla y León,L100000824538,G100000827704,GEM Global Solar Power Tracker Feb-2026
Extremadura solar farm,1,,Spain,41.6,operating,2023.0,Acciona,Acciona SA [100%],38.749,-6.4885,exact,Extremadura,L100000824539,G100000827705,GEM Global Solar Power Tracker Feb-2026
Extremadura solar farm,2,,Spain,41.6,operating,2023.0,Acciona,Acciona SA [100%],38.7363,-6.4982,exact,Extremadura,L100000824539,G100000827706,GEM Global Solar Power Tracker Feb-2026
Extremadura solar farm,3,,Spain,41.6,operating,2023.0,Acciona,Acciona SA [100%],38.7522,-6.4829,exact,Extremadura,L100000824539,G100000827707,GEM Global Solar Power Tracker Feb-2026
Extremadura solar project C,--,,Spain,1.1,operating,2023.0,,,39.2124,-4.9598,exact,Extremadura,L100001053384,G100001061178,GEM Global Solar Power Tracker Feb-2026
Extremadura solar project CI,--,,Spain,1.4,operating,2017.0,,,39.8939,-5.6694,exact,Extremadura,L100001053413,G100001061207,GEM Global Solar Power Tracker Feb-2026
Extremadura solar project CII,--,,Spain,1.0,operating,2020.0,,,39.1922,-5.6639,exact,Extremadura,L100001053430,G100001061224,GEM Global Solar Power Tracker Feb-2026
Extremadura solar project CIII,--,,Spain,2.2,operating,2018.0,,,39.9115,-6.6314,exact,Extremadura,L100001053446,G100001061240,GEM Global Solar Power Tracker Feb-2026
Extremadura solar project CIV,--,,Spain,3.7,operating,2025.0,,,39.5664,-5.6529,exact,Extremadura,L100001053449,G100001061243,GEM Global Solar Power Tracker Feb-2026
Extremadura solar project CIX,--,,Spain,1.0,operating,2025.0,,,38.2483,-6.0036,exact,Extremadura,L100001053478,G100001061272,GEM Global Solar Power Tracker Feb-2026
Extremadura solar project CV,--,,Spain,17.9,operating,2021.0,,,39.957,-5.755,exact,Extremadura,L100001053461,G100001061255,GEM Global Solar Power Tracker Feb-2026
Extremadura solar project CVI,--,,Spain,1.1,operating,2023.0,,,40.0546,-5.4379,exact,Extremadura,L100001053463,G100001061257,GEM Global Solar Power Tracker Feb-2026
Extremadura solar project CVII,--,,Spain,6.5,operating,2020.0,,,38.8141,-6.6093,exact,Extremadura,L100001053465,G100001061259,GEM Global Solar Power Tracker Feb-2026
Extremadura solar project CVIII,--,,Spain,1.8,operating,2023.0,,,39.3433,-6.1621,exact,Extremadura,L100001053475,G100001061269,GEM Global Solar Power Tracker Feb-2026
Extremadura solar project CX,--,,Spain,1.7,operating,2017.0,,,38.1256,-6.1603,exact,Extremadura,L100001053531,G100001061325,GEM Global Solar Power Tracker Feb-2026
Extremadura solar project CXI,--,,Spain,1.3,operating,2017.0,,,39.3243,-5.904,exact,Extremadura,L100001053566,G100001061360,GEM Global Solar Power Tracker Feb-2026
Extremadura solar project CXII,--,,Spain,5.0,operating,2023.0,,,38.9199,-5.8775,exact,Extremadura,L100001053607,G100001061401,GEM Global Solar Power Tracker Feb-2026
Extremadura solar project CXIII,--,,Spain,1.1,operating,2023.0,,,38.9378,-5.7161,exact,Extremadura,L100001053628,G100001061422,GEM Global Solar Power Tracker Feb-2026
Extremadura solar project CXIV,--,,Spain,2.0,operating,2017.0,,,38.0673,-6.2849,exact,Extremadura,L100001053669,G100001061463,GEM Global Solar Power Tracker Feb-2026
Extremadura solar project CXIX,--,,Spain,1.6,operating,2025.0,,,40.1136,-5.3921,exact,Extremadura,L100001053827,G100001061621,GEM Global Solar Power Tracker Feb-2026
Extremadura solar project CXV,--,,Spain,3.4,operating,2023.0,,,39.6181,-6.3373,exact,Extremadura,L100001053784,G100001061578,GEM Global Solar Power Tracker Feb-2026
Extremadura solar project CXVI,--,,Spain,3.1,operating,2024.0,,,39.7954,-5.6783,exact,Extremadura,L100001053802,G100001061596,GEM Global Solar Power Tracker Feb-2026
Extremadura solar project CXVII,--,,Spain,2.4,operating,2025.0,,,38.6618,-5.6492,exact,Extremadura,L100001053811,G100001061605,GEM Global Solar Power Tracker Feb-2026
Extremadura solar project CXVIII,--,,Spain,7.2,operating,2019.0,,,38.8558,-6.2797,exact,Extremadura,L100001053824,G100001061618,GEM Global Solar Power Tracker Feb-2026
Extremadura solar project CXX,--,,Spain,4.2,operating,2017.0,,,39.8854,-5.7049,exact,Extremadura,L100001053847,G100001061641,GEM Global Solar Power Tracker Feb-2026
Extremadura solar project LIV,--,,Spain,8.9,operating,2021.0,,,39.9654,-5.8922,exact,Extremadura,L100001010133,G100001011503,GEM Global Solar Power Tracker Feb-2026
Extremadura solar project LIX,--,,Spain,13.8,operating,2023.0,,,40.0033,-5.3768,exact,Extremadura,L100001010150,G100001011520,GEM Global Solar Power Tracker Feb-2026
Extremadura solar project LV,--,,Spain,15.9,operating,2021.0,,,39.996,-6.1418,exact,Extremadura,L100001010134,G100001011504,GEM Global Solar Power Tracker Feb-2026
Extremadura solar project LVII,--,,Spain,17.3,operating,2021.0,,,39.3243,-6.1418,exact,Extremadura,L100001010144,G100001011514,GEM Global Solar Power Tracker Feb-2026
Extremadura solar project LVIII,--,,Spain,3.6,operating,2021.0,,,39.1579,-5.8606,exact,Extremadura,L100001010145,G100001011515,GEM Global Solar Power Tracker Feb-2026
Extremadura solar project LXI,--,,Spain,16.5,operating,2017.0,,,38.6647,-6.2631,exact,Extremadura,L100001010346,G100001011716,GEM Global Solar Power Tracker Feb-2026
Extremadura solar project LXII,--,,Spain,5.0,operating,2019.0,,,40.0625,-5.4106,exact,Extremadura,L100001010347,G100001011717,GEM Global Solar Power Tracker Feb-2026
Extremadura solar project LXIII,--,,Spain,18.5,operating,2017.0,,,39.8798,-5.6702,exact,Extremadura,L100001010367,G100001011737,GEM Global Solar Power Tracker Feb-2026
Extremadura solar project LXV,--,,Spain,8.1,operating,2020.0,,,39.6025,-6.3397,exact,Extremadura,L100001010373,G100001011743,GEM Global Solar Power Tracker Feb-2026
Extremadura solar project LXVI,--,,Spain,6.4,operating,2017.0,,,40.1306,-5.373,exact,Extremadura,L100001010375,G100001011745,GEM Global Solar Power Tracker Feb-2026
Extremadura solar project LXXI,--,,Spain,4.8,operating,2017.0,,,39.1748,-4.8377,exact,Extremadura,L100001010483,G100001011853,GEM Global Solar Power Tracker Feb-2026
Extremadura solar project LXXIV,--,,Spain,4.7,operating,2024.0,,,40.0208,-5.4562,exact,Extremadura,L100001010522,G100001011892,GEM Global Solar Power Tracker Feb-2026
Extremadura solar project LXXIX,--,,Spain,4.4,operating,2025.0,,,40.2664,-5.9073,exact,Extremadura,L100001052896,G100001060690,GEM Global Solar Power Tracker Feb-2026
Extremadura solar project LXXV,--,,Spain,12.5,operating,2020.0,,,39.7846,-5.7154,exact,Extremadura,L100001052785,G100001060579,GEM Global Solar Power Tracker Feb-2026
Extremadura solar project LXXVI,--,,Spain,1.7,operating,2017.0,,,38.2994,-5.6322,exact,Extremadura,L100001052805,G100001060599,GEM Global Solar Power Tracker Feb-2026
Extremadura solar project LXXVII,--,,Spain,2.5,operating,2025.0,,,38.8622,-6.6548,exact,Extremadura,L100001052882,G100001060676,GEM Global Solar Power Tracker Feb-2026
Extremadura solar project LXXVIII,--,,Spain,1.7,operating,2017.0,,,39.7152,-6.3166,exact,Extremadura,L100001052890,G100001060684,GEM Global Solar Power Tracker Feb-2026
Extremadura solar project LXXX,--,,Spain,1.3,operating,2025.0,,,39.6211,-5.5664,exact,Extremadura,L100001052914,G100001060708,GEM Global Solar Power Tracker Feb-2026
Extremadura solar project LXXXI,--,,Spain,1.9,operating,2024.0,,,38.8354,-6.1898,exact,Extremadura,L100001052931,G100001060725,GEM Global Solar Power Tracker Feb-2026
Extremadura solar project LXXXII,--,,Spain,2.5,operating,2025.0,,,39.9956,-5.4733,exact,Extremadura,L100001052960,G100001060754,GEM Global Solar Power Tracker Feb-2026
Extremadura solar project LXXXIII,--,,Spain,1.1,operating,2024.0,,,38.3069,-5.583,exact,Extremadura,L100001052977,G100001060771,GEM Global Solar Power Tracker Feb-2026
Extremadura solar project LXXXIV,--,,Spain,8.2,operating,2017.0,,,38.6381,-5.7139,exact,Extremadura,L100001052992,G100001060786,GEM Global Solar Power Tracker Feb-2026
Extremadura solar project LXXXIX,--,,Spain,1.2,operating,2019.0,,,38.8734,-6.4518,exact,Extremadura,L100001053185,G100001060979,GEM Global Solar Power Tracker Feb-2026
Extremadura solar project LXXXV,--,,Spain,1.5,operating,2023.0,,,38.8975,-6.115,exact,Extremadura,L100001053041,G100001060835,GEM Global Solar Power Tracker Feb-2026
Extremadura solar project LXXXVI,--,,Spain,4.4,operating,2017.0,,,38.8515,-6.6457,exact,Extremadura,L100001053054,G100001060848,GEM Global Solar Power Tracker Feb-2026
Extremadura solar project LXXXVII,--,,Spain,3.3,operating,2017.0,,,39.8807,-5.6965,exact,Extremadura,L100001053119,G100001060913,GEM Global Solar Power Tracker Feb-2026
Extremadura solar project LXXXVIII,--,,Spain,5.0,operating,2017.0,,,39.3931,-5.9727,exact,Extremadura,L100001053174,G100001060968,GEM Global Solar Power Tracker Feb-2026
Extremadura solar project XC,--,,Spain,2.5,operating,2025.0,,,40.0857,-6.6294,exact,Extremadura,L100001053194,G100001060988,GEM Global Solar Power Tracker Feb-2026
Extremadura solar project XCI,--,,Spain,9.5,operating,2024.0,,,39.8441,-5.6515,exact,Extremadura,L100001053204,G100001060998,GEM Global Solar Power Tracker Feb-2026
Extremadura solar project XCII,--,,Spain,1.5,operating,2019.0,,,38.6623,-5.3918,exact,Extremadura,L100001053207,G100001061001,GEM Global Solar Power Tracker Feb-2026
Extremadura solar project XCIII,--,,Spain,4.3,operating,2023.0,,,39.9042,-6.634,exact,Extremadura,L100001053219,G100001061013,GEM Global Solar Power Tracker Feb-2026
Extremadura solar project XCIV,--,,Spain,2.3,operating,2023.0,,,40.0882,-6.6015,exact,Extremadura,L100001053237,G100001061031,GEM Global Solar Power Tracker Feb-2026
Extremadura solar project XCIX,--,,Spain,6.8,operating,2017.0,,,39.0694,-6.0506,exact,Extremadura,L100001053376,G100001061170,GEM Global Solar Power Tracker Feb-2026
Extremadura solar project XCV,--,,Spain,2.0,operating,2025.0,,,40.0681,-6.6458,exact,Extremadura,L100001053243,G100001061037,GEM Global Solar Power Tracker Feb-2026
Extremadura solar project XCVI,--,,Spain,1.3,operating,2020.0,,,38.9173,-6.6256,exact,Extremadura,L100001053309,G100001061103,GEM Global Solar Power Tracker Feb-2026
Extremadura solar project XCVII,--,,Spain,3.6,operating,2017.0,,,39.5713,-6.4262,exact,Extremadura,L100001053336,G100001061130,GEM Global Solar Power Tracker Feb-2026
Extremadura solar project XCVIII,--,,Spain,9.0,operating,2017.0,,,39.8607,-5.6668,exact,Extremadura,L100001053350,G100001061144,GEM Global Solar Power Tracker Feb-2026
Extremadura solar project XI,--,,Spain,2.7,operating,2017.0,,,40.1071,-6.4869,exact,Extremadura,L100001009397,G100001010767,GEM Global Solar Power Tracker Feb-2026
Extremadura solar project XII,--,,Spain,4.5,operating,2023.0,,,38.9903,-6.0262,exact,Extremadura,L100001009425,G100001010795,GEM Global Solar Power Tracker Feb-2026
Extremadura solar project XIII,--,,Spain,19.1,operating,2017.0,,,38.7938,-6.3327,exact,Extremadura,L100001009426,G100001010796,GEM Global Solar Power Tracker Feb-2026
Extremadura solar project XIV,--,,Spain,5.6,operating,2023.0,,,39.1664,-5.6365,exact,Extremadura,L100001009430,G100001010800,GEM Global Solar Power Tracker Feb-2026
Extremadura solar project XIX,--,,Spain,15.4,operating,2017.0,,,38.8927,-6.267,exact,Extremadura,L100001009500,G100001010870,GEM Global Solar Power Tracker Feb-2026
Extremadura solar project XL,--,,Spain,4.1,operating,2017.0,,,39.4576,-7.2206,exact,Extremadura,L100001009972,G100001011342,GEM Global Solar Power Tracker Feb-2026
Extremadura solar project XLI,--,,Spain,5.6,operating,2023.0,,,39.9668,-6.5259,exact,Extremadura,L100001009980,G100001011350,GEM Global Solar Power Tracker Feb-2026
Extremadura solar project XLII,--,,Spain,4.8,operating,2017.0,,,39.0865,-5.5814,exact,Extremadura,L100001009983,G100001011353,GEM Global Solar Power Tracker Feb-2026
Extremadura solar project XLIII,--,,Spain,14.8,operating,2017.0,,,39.9945,-6.2556,exact,Extremadura,L100001009994,G100001011364,GEM Global Solar Power Tracker Feb-2026
Extremadura solar project XLIV,--,,Spain,7.8,operating,2023.0,,,40.0292,-5.4992,exact,Extremadura,L100001010000,G100001011370,GEM Global Solar Power Tracker Feb-2026
Extremadura solar project XLV,--,,Spain,10.9,operating,2017.0,,,39.967,-6.2791,exact,Extremadura,L100001010006,G100001011376,GEM Global Solar Power Tracker Feb-2026
Extremadura solar project XLVI,--,,Spain,6.7,operating,2023.0,,,39.5853,-6.4271,exact,Extremadura,L100001010020,G100001011390,GEM Global Solar Power Tracker Feb-2026
Extremadura solar project XLVII,--,,Spain,19.4,operating,2022.0,,,38.8293,-6.5916,exact,Extremadura,L100001010064,G100001011434,GEM Global Solar Power Tracker Feb-2026
Extremadura solar project XV,--,,Spain,12.2,operating,2017.0,,,39.0488,-5.2123,exact,Extremadura,L100001009467,G100001010837,GEM Global Solar Power Tracker Feb-2026
Extremadura solar project XVI,--,,Spain,4.8,operating,2017.0,,,38.9349,-5.9212,exact,Extremadura,L100001009482,G100001010852,GEM Global Solar Power Tracker Feb-2026
Extremadura solar project XVII,--,,Spain,5.7,operating,2017.0,,,38.8331,-6.6226,exact,Extremadura,L100001009489,G100001010859,GEM Global Solar Power Tracker Feb-2026
Extremadura solar project XVIII,--,,Spain,2.7,operating,2023.0,,,39.4009,-5.7729,exact,Extremadura,L100001009497,G100001010867,GEM Global Solar Power Tracker Feb-2026
Extremadura solar project XX,--,,Spain,2.1,operating,2017.0,,,39.478,-6.9418,exact,Extremadura,L100001009514,G100001010884,GEM Global Solar Power Tracker Feb-2026
Extremadura solar project XXI,--,,Spain,5.9,operating,2017.0,,,38.2416,-5.6973,exact,Extremadura,L100001009530,G100001010900,GEM Global Solar Power Tracker Feb-2026
Extremadura solar project XXII,--,,Spain,4.1,operating,2023.0,,,40.0695,-6.2682,exact,Extremadura,L100001009550,G100001010920,GEM Global Solar Power Tracker Feb-2026
Extremadura solar project XXIII,--,,Spain,4.8,operating,2017.0,,,39.8924,-5.6908,exact,Extremadura,L100001009551,G100001010921,GEM Global Solar Power Tracker Feb-2026
Extremadura solar project XXIV,--,,Spain,10.2,operating,2017.0,,,39.8312,-5.6147,exact,Extremadura,L100001009581,G100001010951,GEM Global Solar Power Tracker Feb-2026
Extremadura solar project XXIX,--,,Spain,5.1,operating,2023.0,,,39.2422,-5.8415,exact,Extremadura,L100001009659,G100001011029,GEM Global Solar Power Tracker Feb-2026
Extremadura solar project XXV,--,,Spain,5.9,operating,2023.0,,,38.9303,-5.9104,exact,Extremadura,L100001009599,G100001010969,GEM Global Solar Power Tracker Feb-2026
Extremadura solar project XXVI,--,,Spain,1.6,operating,2023.0,,,40.0601,-5.4252,exact,Extremadura,L100001009635,G100001011005,GEM Global Solar Power Tracker Feb-2026
Extremadura solar project XXVII,--,,Spain,1.3,operating,2018.0,,,38.0517,-6.2928,exact,Extremadura,L100001009640,G100001011010,GEM Global Solar Power Tracker Feb-2026
Extremadura solar project XXVIII,--,,Spain,5.3,operating,2023.0,,,39.9127,-5.5279,exact,Extremadura,L100001009655,G100001011025,GEM Global Solar Power Tracker Feb-2026
Extremadura solar project XXX,--,,Spain,4.3,operating,2023.0,,,38.987,-5.05,exact,Extremadura,L100001009766,G100001011136,GEM Global Solar Power Tracker Feb-2026
Extremadura solar project XXXI,--,,Spain,1.8,operating,2023.0,,,40.0759,-5.4966,exact,Extremadura,L100001009767,G100001011137,GEM Global Solar Power Tracker Feb-2026
Extremadura solar project XXXII,--,,Spain,1.4,operating,2017.0,,,38.9701,-5.0926,exact,Extremadura,L100001009785,G100001011155,GEM Global Solar Power Tracker Feb-2026
Extremadura solar project XXXIV,--,,Spain,4.2,operating,2017.0,,,38.7599,-5.5659,exact,Extremadura,L100001009832,G100001011202,GEM Global Solar Power Tracker Feb-2026
Extremadura solar project XXXVI,--,,Spain,9.9,operating,2023.0,,,38.8459,-6.6006,exact,Extremadura,L100001009875,G100001011245,GEM Global Solar Power Tracker Feb-2026
Extremadura solar project XXXVII,--,,Spain,1.7,operating,2023.0,,,40.0959,-6.4035,exact,Extremadura,L100001009879,G100001011249,GEM Global Solar Power Tracker Feb-2026
Extremadura solar project XXXVIII,--,,Spain,18.0,operating,2023.0,,,39.3354,-5.3513,exact,Extremadura,L100001009890,G100001011260,GEM Global Solar Power Tracker Feb-2026
Extremasol solar project,--,,Spain,10.0,operating,2008.0,,,38.846,-6.431,exact,Extremadura,L100001009121,G100001010491,GEM Global Solar Power Tracker Feb-2026
Extresol CSP solar farm,1,,Spain,50.0,operating,2010.0,,FCC Energy [100%],38.6447,-6.7351,exact,Extremadura,L100000824540,G100000827708,GEM Global Solar Power Tracker Feb-2026
Extresol CSP solar farm,2,,Spain,49.9,operating,2010.0,,FCC Energy [100%],38.6388,-6.7471,exact,Extremadura,L100000824540,G100000827709,GEM Global Solar Power Tracker Feb-2026
Extresol CSP solar farm,3,,Spain,49.9,operating,2012.0,,FCC Energy [100%],38.627,-6.7457,exact,Extremadura,L100000824540,G100000827710,GEM Global Solar Power Tracker Feb-2026
FV Alhorines solar farm,1,,Spain,50.0,pre-construction,,Iberdrola Renovables Energia,Iberdrola SA [100%],38.7624,-0.9537,approximate,Comunidad Valenciana,L100000805868,G100000806752,GEM Global Solar Power Tracker Feb-2026
FV Castalla solar farm,--,,Spain,100.0,pre-construction,,,Cobra Group,38.5963,-0.6698,approximate,Comunidad Valenciana,L100001005606,G100001006718,GEM Global Solar Power Tracker Feb-2026
FV Cofrentes solar farm,1,FV Cofrentes 1,Spain,154.7,pre-construction,2026.0,Iberdrola Renovables Energia,Iberdrola SA [100%],39.2238,-1.0591,approximate,Comunidad Valenciana,L100000805870,G100000806754,GEM Global Solar Power Tracker Feb-2026
FV Ricobayo solar farm,--,,Spain,25.8,pre-construction,,,,41.5153,-5.971,approximate,Castilla y León,L100001063760,G100001073296,GEM Global Solar Power Tracker Feb-2026
Faballones solar farm,--,,Spain,84.2,pre-construction,,Faballones Solar,Verbund AG [100%],36.7963,-4.6956,approximate,Andalucía,L100000824541,G100000827711,GEM Global Solar Power Tracker Feb-2026
Farga solar farm,--,,Spain,49.8,pre-construction,,,,42.2054,2.8035,approximate,Cataluña,L100001062296,G100001071546,GEM Global Solar Power Tracker Feb-2026
Fargue 1 solar farm,--,,Spain,25.0,pre-construction,,,Sunia Energy Solutions [100%],37.2333,-3.5541,approximate,Andalucía,L100000824542,G100000827712,GEM Global Solar Power Tracker Feb-2026
Fausita solar farm,--,,Spain,187.4,pre-construction,2026.0,Desarrollos Renovables Iberia Alpha,Statkraft AS [100%],37.7268,-0.987,exact,Región de Murcia,L100000824543,G100000827713,GEM Global Solar Power Tracker Feb-2026
Filabres solar farm,--,,Spain,153.0,pre-construction,,,Capital Energy,37.0529,-2.3898,approximate,Andalucía,L100001005596,G100001006701,GEM Global Solar Power Tracker Feb-2026
Fontellas solar project,--,,Spain,17.0,operating,2017.0,,,41.9914,-1.5683,exact,Comunidad Foral de Navarra,L100001009225,G100001010595,GEM Global Solar Power Tracker Feb-2026
Fontiveros solar project,--,,Spain,10.0,operating,2008.0,,,40.9178,-4.97,exact,Castilla y León,L100001009111,G100001010481,GEM Global Solar Power Tracker Feb-2026
Foque solar farm,--,,Spain,134.8,pre-construction,,Foque Solar,Foque Solar SLU [100%],40.3726,-3.3228,approximate,Comunidad de Madrid,L100000824544,G100000827714,GEM Global Solar Power Tracker Feb-2026
Formentera solar project,--,,Spain,3.7,operating,2017.0,,,38.6884,1.4089,exact,Islas Baleares,L100001009420,G100001010790,GEM Global Solar Power Tracker Feb-2026
Formentor solar farm,--,,Spain,69.0,pre-construction,,Formentor Solar,Ignis Energía SL [100%],40.6609,-3.2037,approximate,Castilla-La Mancha,L100000824545,G100000827715,GEM Global Solar Power Tracker Feb-2026
Fornax solar farm,1,Magallon Fornax Solar,Spain,119.8,pre-construction,,Fornax Energy,Fornax Energy SL [100%],41.8096,-1.3829,approximate,Aragón,L100000824699,G100000827898,GEM Global Solar Power Tracker Feb-2026
Fornax solar farm,2,Magallon Fornax Solar,Spain,119.8,pre-construction,,Fornax Energy,Fornax Energy SL [100%],41.8096,-1.3829,approximate,Aragón,L100000824699,G100000827899,GEM Global Solar Power Tracker Feb-2026
Fornax solar farm,3,Magallon Fornax Solar,Spain,119.8,pre-construction,,Fornax Energy,Fornax Energy SL [100%],41.8096,-1.3829,approximate,Aragón,L100000824699,G100000827900,GEM Global Solar Power Tracker Feb-2026
Fotosfera solar farm,--,,Spain,42.3,operating,2022.0,,Blue Elephant Energy AG (BEE) [100%],37.1766,-2.9497,approximate,Andalucía,L100000824546,G100000827716,GEM Global Solar Power Tracker Feb-2026
Fraile solar farm,--,Herencia-Fraile,Spain,36.0,operating,2022.0,,Sonnedix [100%],38.7827,-5.4962,approximate,Castilla-La Mancha,L100000824547,G100000827717,GEM Global Solar Power Tracker Feb-2026
Francisco Pizarro solar farm,1,,Spain,553.0,operating,2022.0,Proyecto Solar Francisco Pizarro,Iberdrola Renovables SA [100%],39.5731,-5.7051,approximate,Extremadura,L100000805867,G100000806751,GEM Global Solar Power Tracker Feb-2026
Francisco Pizarro solar farm,3,,Spain,36.3,pre-construction,,Proyecto Solar Francisco Pizarro,Iberdrola Renovables SA [100%],39.5731,-5.7051,approximate,Extremadura,L100000805867,G100001005082,GEM Global Solar Power Tracker Feb-2026
Frontera solar farm (Spain),1,,Spain,227.0,pre-construction,,Mitra Medulas,Compañía Española de Petróleos SA [100%],39.7216,-6.8381,approximate,Extremadura,L100000824548,G100000827718,GEM Global Solar Power Tracker Feb-2026
Fuendetodos solar farm,--,,Spain,98.2,pre-construction,,Iberdrola Renovables Aragón,Iberdrola SA [100%],41.3589,-1.0031,approximate,Aragón,L100000824549,G100000827719,GEM Global Solar Power Tracker Feb-2026
Fuenmayor solar project,--,,Spain,13.2,operating,2023.0,,,42.4699,-2.6086,exact,La Rioja,L100001009190,G100001010560,GEM Global Solar Power Tracker Feb-2026
Fuente Palmera solar project,--,,Spain,6.1,operating,2008.0,,,37.7539,-5.0429,exact,Andalucía,L100001009163,G100001010533,GEM Global Solar Power Tracker Feb-2026
Fuente Vieja I solar farm,--,,Spain,48.1,pre-construction,,,,41.2412,-0.8527,approximate,Aragón,L100001062134,G100001071327,GEM Global Solar Power Tracker Feb-2026
Fuente Vieja II solar farm,--,,Spain,48.1,pre-construction,,,,41.2593,-0.8743,approximate,Aragón,L100001062135,G100001071328,GEM Global Solar Power Tracker Feb-2026
Fuente de Cantos A solar project,--,,Spain,15.5,operating,2017.0,,,38.2598,-6.3,exact,Extremadura,L100001009122,G100001010492,GEM Global Solar Power Tracker Feb-2026
Fuente de la Arena Hybrid solar farm,--,,Spain,28.5,pre-construction,,,,38.9638,-1.2323,approximate,Castilla-La Mancha,L100001062253,G100001071488,GEM Global Solar Power Tracker Feb-2026
Fuente Álamo I solar project,--,,Spain,9.2,operating,2008.0,,,37.685,-1.18,exact,Región de Murcia,L100001009204,G100001010574,GEM Global Solar Power Tracker Feb-2026
Fuente Álamo II solar project,--,,Spain,8.9,operating,2008.0,,,37.685,-1.174,exact,Región de Murcia,L100001009205,G100001010575,GEM Global Solar Power Tracker Feb-2026
Fuente Álamo III solar project,--,,Spain,10.3,operating,2008.0,,,37.69,-1.162,exact,Región de Murcia,L100001009206,G100001010576,GEM Global Solar Power Tracker Feb-2026
Fuente Álamo IV solar project,--,,Spain,8.1,operating,2010.0,,,37.683,-1.158,exact,Región de Murcia,L100001009207,G100001010577,GEM Global Solar Power Tracker Feb-2026
Fuentes (Bruc Energy) solar farm,--,,Spain,281.0,pre-construction,,Bruc Iberia Energy Investment Partners,Bruc Iberia Energy Investment Partners [100%],41.5115,-0.6291,approximate,Aragón,L100000824550,G100000827720,GEM Global Solar Power Tracker Feb-2026
Fuentes de Ebro solar farm,San Miguel A,Fuentes de Ebro complex,Spain,40.0,operating,,,,41.6547,-0.9125,approximate,Aragón,L100001007597,G100001008771,GEM Global Solar Power Tracker Feb-2026
Fuentes de Ebro solar farm,San Miguel B,Fuentes de Ebro complex,Spain,40.0,pre-construction,,,,41.6547,-0.9125,approximate,Aragón,L100001007597,G100001008772,GEM Global Solar Power Tracker Feb-2026
Fuentes de Ebro solar farm,San Miguel C,Fuentes de Ebro complex,Spain,40.0,pre-construction,,,,41.6547,-0.9125,approximate,Aragón,L100001007597,G100001008773,GEM Global Solar Power Tracker Feb-2026
Fuentes de Ebro solar farm,Valdompere 1,Fuentes de Ebro complex,Spain,40.0,pre-construction,,,,41.6547,-0.9125,approximate,Aragón,L100001007597,G100001008774,GEM Global Solar Power Tracker Feb-2026
Fuentes de Ebro solar farm,Valdompere 2,Fuentes de Ebro complex,Spain,40.0,pre-construction,,,,41.6547,-0.9125,approximate,Aragón,L100001007597,G100001008775,GEM Global Solar Power Tracker Feb-2026
Fuentes de Ebro solar farm,Valdompere 3,Fuentes de Ebro complex,Spain,40.0,pre-construction,,,,41.6547,-0.9125,approximate,Aragón,L100001007597,G100001008776,GEM Global Solar Power Tracker Feb-2026
Fuentes de Ebro solar farm,Valdompere 4,Fuentes de Ebro complex,Spain,40.0,pre-construction,,,,41.6547,-0.9125,approximate,Aragón,L100001007597,G100001008777,GEM Global Solar Power Tracker Feb-2026
Fuentes solar farm,--,,Spain,50.0,operating,,,Iberdrola SA [100%],39.9442,-2.0069,approximate,Castilla-La Mancha,L100000824551,G100000827721,GEM Global Solar Power Tracker Feb-2026
Fundici solar farm,--,,Spain,55.0,operating,2025.0,,Ethical Power,37.559,-6.0215,exact,Andalucía,L100001063380,G100001072813,GEM Global Solar Power Tracker Feb-2026
Fustiñana III solar project,--,,Spain,15.7,operating,2017.0,,,42.031,-1.4781,exact,Comunidad Foral de Navarra,L100001009226,G100001010596,GEM Global Solar Power Tracker Feb-2026
GCSW Aldea Blanca I-III solar project,--,,Spain,9.3,operating,2021.0,,,27.8097,-15.468,exact,Canarias,L100001009192,G100001010562,GEM Global Solar Power Tracker Feb-2026
GR Mandarín solar farm,--,,Spain,100.0,pre-construction,,,Grenergy,40.7583,-3.7776,approximate,Comunidad de Madrid,L100001005604,G100001006715,GEM Global Solar Power Tracker Feb-2026
Gaetana solar farm,--,,Spain,171.0,pre-construction,,Gaetana Solar,Fotowatio Renewable Ventures (FRV) BV [100%],39.1022,-6.5742,approximate,Extremadura,L100000824552,G100000827722,GEM Global Solar Power Tracker Feb-2026
Gala solar farm,--,,Spain,111.8,pre-construction,,Gala Sostenible,Fotowatio Renewable Ventures (FRV) BV [100%],39.1054,-6.6966,approximate,Extremadura,L100000824553,G100000827723,GEM Global Solar Power Tracker Feb-2026
Galatea solar farm,1,,Spain,60.9,announced,,,Capital Energy,40.4246,-3.2647,approximate,Comunidad de Madrid,L100001005612,G100001006726,GEM Global Solar Power Tracker Feb-2026
Galatea solar farm,2,,Spain,60.9,announced,,,Capital Energy,40.4246,-3.2647,approximate,Comunidad de Madrid,L100001005612,G100001006727,GEM Global Solar Power Tracker Feb-2026
Galera solar farm,--,,Spain,47.2,pre-construction,,,,41.4938,0.7623,approximate,Cataluña,L100001062292,G100001071542,GEM Global Solar Power Tracker Feb-2026
Galisteo solar farm,--,,Spain,41.9,operating,,,,40.0651,-6.2734,exact,Extremadura,L100000824554,G100000827724,GEM Global Solar Power Tracker Feb-2026
Gallocanta solar farm,--,,Spain,91.2,pre-construction,,,Gallocanta Solar SLU [100%],40.3786,-3.4277,approximate,Comunidad de Madrid,L100000824555,G100000827725,GEM Global Solar Power Tracker Feb-2026
Gamonarejo 36 solar farm,1,,Spain,50.0,operating,2019.0,Endesa,Endesa SA [100%],37.8074,-5.1006,exact,Andalucía,L100000805776,G100000806647,GEM Global Solar Power Tracker Feb-2026
Gamudéjar I solar farm,--,,Spain,35.0,pre-construction,,,,41.1813,-0.4176,approximate,Aragón,L100001063563,G100001073059,GEM Global Solar Power Tracker Feb-2026
Gandesa solar farm,--,,Spain,24.6,pre-construction,,,Energia Inagotable del Proyecto Gandesa SL [100%],41.066,0.37,approximate,Cataluña,L100001000955,G100001001322,GEM Global Solar Power Tracker Feb-2026
Garanal 2 solar farm,--,,Spain,193.0,pre-construction,,,,41.77,-4.2093,approximate,Castilla y León,L100000824556,G100000827726,GEM Global Solar Power Tracker Feb-2026
Garcia solar farm,--,,Spain,20.0,pre-construction,,Blue Viking Isabella,Blue Viking [100%],41.1369,0.6521,approximate,Cataluña,L100000824557,G100000827727,GEM Global Solar Power Tracker Feb-2026
Garnacha (Aneto) solar farm,--,,Spain,106.5,pre-construction,,Aneto Energy,,39.6111,-2.7904,approximate,Castilla-La Mancha,L100000824558,G100000827728,GEM Global Solar Power Tracker Feb-2026
Garnacha (ERG) solar farm,--,,Spain,127.5,operating,2023.0,Garnacha Solar,ERG SpA [100%],41.4712,-5.3579,exact,Castilla y León,L100000824559,G100000827729,GEM Global Solar Power Tracker Feb-2026
Garoña Alfacuarta solar farm,--,Alfacuarta solar farm,Spain,95.9,pre-construction,,Alfacuarta Fotovoltaica,Grupo Edora [100%],42.8081,-3.2203,approximate,Castilla y León,L100000824310,G100000827420,GEM Global Solar Power Tracker Feb-2026
Garoña solar farm,--,,Spain,595.0,pre-construction,,Solaria Energía y Medio Ambiente,Solaria Energía y Medio Ambiente SA [100%],42.7761,-3.2053,approximate,Castilla y León,L100000824560,G100000827730,GEM Global Solar Power Tracker Feb-2026
Garraf solar project,--,,Spain,1.3,operating,2023.0,,,41.2488,1.7178,exact,Cataluña,L100001053412,G100001061206,GEM Global Solar Power Tracker Feb-2026
Garrigues solar project II,--,,Spain,5.0,operating,2017.0,,,41.5596,0.8895,exact,Cataluña,L100001009499,G100001010869,GEM Global Solar Power Tracker Feb-2026
Garrigues solar project III,--,,Spain,6.1,operating,2017.0,,,41.4386,0.8581,exact,Cataluña,L100001009584,G100001010954,GEM Global Solar Power Tracker Feb-2026
Garrigues solar project IV,--,,Spain,1.7,operating,2023.0,,,41.3233,0.6561,exact,Cataluña,L100001009660,G100001011030,GEM Global Solar Power Tracker Feb-2026
Garrigues solar project IX,--,,Spain,1.8,operating,2025.0,,,41.5317,0.9116,exact,Cataluña,L100001052846,G100001060640,GEM Global Solar Power Tracker Feb-2026
Garrigues solar project V,--,,Spain,2.3,operating,2017.0,,,41.361,0.7715,exact,Cataluña,L100001009866,G100001011236,GEM Global Solar Power Tracker Feb-2026
Garrigues solar project VI,--,,Spain,2.3,operating,2017.0,,,41.4786,0.872,exact,Cataluña,L100001009883,G100001011253,GEM Global Solar Power Tracker Feb-2026
Garrigues solar project VII,--,,Spain,4.3,operating,2025.0,,,41.5492,0.9353,exact,Cataluña,L100001009992,G100001011362,GEM Global Solar Power Tracker Feb-2026
Garrigues solar project VIII,--,,Spain,1.5,operating,2017.0,,,41.5039,0.8221,exact,Cataluña,L100001052787,G100001060581,GEM Global Solar Power Tracker Feb-2026
Garrigues solar project X,--,,Spain,2.0,operating,2024.0,,,41.5153,0.8154,exact,Cataluña,L100001052903,G100001060697,GEM Global Solar Power Tracker Feb-2026
Garrigues solar project XI,--,,Spain,1.5,operating,2017.0,,,41.5469,0.8026,exact,Cataluña,L100001053042,G100001060836,GEM Global Solar Power Tracker Feb-2026
Garrigues solar project XII,--,,Spain,1.2,operating,2017.0,,,41.5645,0.8934,exact,Cataluña,L100001053161,G100001060955,GEM Global Solar Power Tracker Feb-2026
Garrigues solar project XIII,--,,Spain,4.4,operating,2023.0,,,41.5189,0.8031,exact,Cataluña,L100001053212,G100001061006,GEM Global Solar Power Tracker Feb-2026
Garrigues solar project XIV,--,,Spain,2.0,operating,2017.0,,,41.5049,0.8683,exact,Cataluña,L100001053225,G100001061019,GEM Global Solar Power Tracker Feb-2026
Garrigues solar project XIX,--,,Spain,4.2,operating,2025.0,,,41.5561,0.8622,exact,Cataluña,L100001053590,G100001061384,GEM Global Solar Power Tracker Feb-2026
Garrigues solar project XV,--,,Spain,4.0,operating,2025.0,,,41.5054,0.8934,exact,Cataluña,L100001053287,G100001061081,GEM Global Solar Power Tracker Feb-2026
Garrigues solar project XVI,--,,Spain,6.5,operating,2017.0,,,41.5264,0.8251,exact,Cataluña,L100001053327,G100001061121,GEM Global Solar Power Tracker Feb-2026
Garrigues solar project XVII,--,,Spain,1.2,operating,2017.0,,,41.4875,0.7582,exact,Cataluña,L100001053431,G100001061225,GEM Global Solar Power Tracker Feb-2026
Garrigues solar project XVIII,--,,Spain,1.4,operating,2025.0,,,41.5371,0.9361,exact,Cataluña,L100001053433,G100001061227,GEM Global Solar Power Tracker Feb-2026
Garrigues solar project XX,--,,Spain,1.8,operating,2025.0,,,41.373,0.6296,exact,Cataluña,L100001053713,G100001061507,GEM Global Solar Power Tracker Feb-2026
Garrigues solar project XXI,--,,Spain,1.4,operating,2018.0,,,41.5465,0.8387,exact,Cataluña,L100001053771,G100001061565,GEM Global Solar Power Tracker Feb-2026
Garrigues solar project XXII,--,,Spain,1.6,operating,2025.0,,,41.5255,0.89,exact,Cataluña,L100001053783,G100001061577,GEM Global Solar Power Tracker Feb-2026
Garrigues solar project XXIII,--,,Spain,2.5,operating,2017.0,,,41.5407,0.8632,exact,Cataluña,L100001053848,G100001061642,GEM Global Solar Power Tracker Feb-2026
Garrotxa solar project,--,,Spain,1.0,operating,2022.0,,,42.1941,2.4878,exact,Cataluña,L100001052797,G100001060591,GEM Global Solar Power Tracker Feb-2026
Gasset solar farm,--,,Spain,258.0,construction,,Green Capital Power,Green Capital Power SL [100%],40.4186,-3.7996,approximate,Comunidad de Madrid,L100000824561,G100000827731,GEM Global Solar Power Tracker Feb-2026
Gazules solar farm,1,,Spain,46.0,operating,2023.0,Opdenergy,RWE Renewables [100%],36.4637,-5.7252,approximate,Andalucía,L100000824562,G100000827732,GEM Global Solar Power Tracker Feb-2026
Gazules solar farm,2,,Spain,46.0,operating,2023.0,Opdenergy,RWE Renewables [100%],36.4637,-5.7252,approximate,Andalucía,L100000824562,G100000827733,GEM Global Solar Power Tracker Feb-2026
Gecama Hybrid solar farm,1,,Spain,250.0,pre-construction,,Generacion Eolica Castilla La Mancha,Enlight Renewable Energy [100%],39.5197,-2.242,approximate,Castilla-La Mancha,L100000824563,G100000827734,GEM Global Solar Power Tracker Feb-2026
Gemasolar CSP solar farm,--,Solar Tres,Spain,19.9,operating,2011.0,Torresol,Abu Dhabi Future Energy Co; Sener,37.5578,-5.3257,exact,Andalucía,L100000824564,G100000827735,GEM Global Solar Power Tracker Feb-2026
Gemina solar farm,--,,Spain,45.3,operating,2022.0,,Endesa SA [100%],39.2774,-6.2734,approximate,Extremadura,L100000824565,G100000827736,GEM Global Solar Power Tracker Feb-2026
General Motors Zaragoza solar farm,--,,Spain,10.0,operating,2008.0,General Motors,General Motors Co [100%],41.742,-1.1876,exact,Aragón,L100000824566,G100000827737,GEM Global Solar Power Tracker Feb-2026
Geria solar project,--,,Spain,16.3,operating,2019.0,,,41.5631,-4.9031,exact,Castilla y León,L100001009275,G100001010645,GEM Global Solar Power Tracker Feb-2026
Girona (Solaria) solar farm,--,,Spain,165.0,pre-construction,,Solaria Energía y Medio Ambiente,Solaria Energía y Medio Ambiente SA [100%],41.9661,2.7943,approximate,Cataluña,L100000824567,G100000827738,GEM Global Solar Power Tracker Feb-2026
Gironès solar project,--,,Spain,1.9,operating,2017.0,,,41.8683,2.8345,exact,Cataluña,L100001053179,G100001060973,GEM Global Solar Power Tracker Feb-2026
Gnowee solar farm,--,Cero Gnowee,Spain,100.0,operating,2022.0,Cero Generation,Macquarie Green Investment Group (GIG) [100%],39.4218,-6.3283,approximate,Extremadura,L100000824568,G100000827739,GEM Global Solar Power Tracker Feb-2026
Goleta solar farm,--,,Spain,52.5,pre-construction,,Goleta Solar,Total Solar Ibérica [100%],40.4011,-3.3901,approximate,Comunidad de Madrid,L100000824569,G100000827740,GEM Global Solar Power Tracker Feb-2026
Goyo solar farm,--,,Spain,137.7,shelved - inferred 2 y,,ES Generación Verde 6,,41.3473,-0.7809,approximate,Aragón,L100000824570,G100000827741,GEM Global Solar Power Tracker Feb-2026
Gran Fregacedos solar farm,--,,Spain,133.0,shelved - inferred 2 y,,Fotones del Atlántico,Fotones [100%],40.0757,-3.741,approximate,Castilla-La Mancha,L100000824571,G100000827742,GEM Global Solar Power Tracker Feb-2026
Granada 1 solar farm,1,,Spain,50.0,announced,,Euder Energy,Euder Energy SL [100%],37.1372,-3.6898,approximate,Andalucía,L100000824572,G100000827743,GEM Global Solar Power Tracker Feb-2026
Granada 1 solar farm,2,,Spain,50.0,announced,,Euder Energy,Euder Energy SL [100%],37.1372,-3.6898,approximate,Andalucía,L100000824572,G100000827744,GEM Global Solar Power Tracker Feb-2026
Granada 165 solar farm,--,,Spain,27.0,pre-construction,,,,37.0614,-3.9183,approximate,Andalucía,L100001061827,G100001070895,GEM Global Solar Power Tracker Feb-2026
Granada 2 solar farm,1,,Spain,50.0,announced,,Euder Energy,Euder Energy SL [100%],37.1372,-3.6898,approximate,Andalucía,L100000824573,G100000827745,GEM Global Solar Power Tracker Feb-2026
Granada 2 solar farm,2,,Spain,50.0,announced,,Euder Energy,Euder Energy SL [100%],37.1372,-3.6898,approximate,Andalucía,L100000824573,G100000827746,GEM Global Solar Power Tracker Feb-2026
Granada Partido Judicial De Granada solar project,--,,Spain,1.0,operating,2023.0,,,37.2084,-3.5938,exact,Andalucía,L100001053302,G100001061096,GEM Global Solar Power Tracker Feb-2026
Granero solar farm,--,,Spain,50.1,pre-construction,,,Opdenergy SA,41.9038,-4.0362,approximate,Castilla y León,L100001005653,G100001006784,GEM Global Solar Power Tracker Feb-2026
Grijota solar farm,1,,Spain,51.9,operating,2025.0,Fotovoltaica Fotozar 5,Grupo Zaragozá,42.1023,-4.5713,exact,Castilla y León,L100001004514,G100001005287,GEM Global Solar Power Tracker Feb-2026
Grijota solar farm,2,,Spain,52.9,operating,2025.0,Fotovoltaica Fotozar 6,Grupo Zaragozá,42.1091,-4.5578,exact,Castilla y León,L100001004514,G100001005305,GEM Global Solar Power Tracker Feb-2026
Grijota solar farm,3,,Spain,50.0,pre-construction,,La Caravia Solar,Grupo Zaragozá,42.1547,-4.5991,approximate,Castilla y León,L100001004514,G100001005306,GEM Global Solar Power Tracker Feb-2026
Grijota solar farm,4,,Spain,50.0,pre-construction,,Valdebatán Solar,Grupo Zaragozá,42.1099,-4.516,approximate,Castilla y León,L100001004514,G100001005307,GEM Global Solar Power Tracker Feb-2026
Grijota solar farm,5,,Spain,50.0,pre-construction,,Yubari Solar,Grupo Zaragozá,42.0909,-4.537,approximate,Castilla y León,L100001004514,G100001005308,GEM Global Solar Power Tracker Feb-2026
Grijota solar farm,6,,Spain,16.4,pre-construction,,Nara Es Solar 6,Grupo Zaragozá,42.1043,-4.6319,approximate,Castilla y León,L100001004514,G100001005309,GEM Global Solar Power Tracker Feb-2026
Grillete solar farm,--,,Spain,210.0,pre-construction,,Grillete Solar,Total Solar Ibérica [100%],40.4007,-3.3896,approximate,Comunidad de Madrid,L100000824574,G100000827747,GEM Global Solar Power Tracker Feb-2026
Grulla solar farm,--,,Spain,100.0,pre-construction,,Gallicanta Solar PV,,37.6087,-4.6016,approximate,Andalucía,L100000824575,G100000827748,GEM Global Solar Power Tracker Feb-2026
Grullas solar farm,1,Grullas-Pedroso,Spain,62.0,operating,2019.0,Solarpack,Solarpack [100%],37.726,-5.434,exact,Andalucía,L100000805993,G100000806899,GEM Global Solar Power Tracker Feb-2026
Grullas-Peñaflor solar farm,--,,Spain,30.9,operating,2019.0,Solarpack,Solarpack [100%],37.6568,-5.5269,approximate,Andalucía,L100000824576,G100000827749,GEM Global Solar Power Tracker Feb-2026
Guadacano solar farm,--,,Spain,62.0,operating,2024.0,,Ignis Energía SL,37.113,-4.4959,exact,Andalucía,L100001063383,G100001072815,GEM Global Solar Power Tracker Feb-2026
Guadalajara (Euder Energy) solar farm,--,,Spain,25.2,announced,,Euder Energy,Euder Energy SL [100%],40.7523,-2.9477,approximate,Castilla-La Mancha,L100000824577,G100000827750,GEM Global Solar Power Tracker Feb-2026
Guadalajara solar project,--,,Spain,11.0,operating,2017.0,,,40.6663,-3.1567,exact,Castilla-La Mancha,L100001010366,G100001011736,GEM Global Solar Power Tracker Feb-2026
Guadalaraja 1 (Édora) solar farm,--,,Spain,50.0,pre-construction,,,,40.6359,-3.1582,approximate,Castilla-La Mancha,L100001005365,G100001006395,GEM Global Solar Power Tracker Feb-2026
Guadalquivir 4 solar farm,--,,Spain,33.0,pre-construction,,,,37.9522,-4.4254,exact,Andalucía,L100001061999,G100001071120,GEM Global Solar Power Tracker Feb-2026
Guadalteba solar project I,--,,Spain,3.1,operating,2024.0,,,37.0707,-4.832,exact,Andalucía,L100001009450,G100001010820,GEM Global Solar Power Tracker Feb-2026
Guadalteba solar project II,--,,Spain,3.5,operating,2024.0,,,37.1426,-4.8453,exact,Andalucía,L100001009593,G100001010963,GEM Global Solar Power Tracker Feb-2026
Guadalteba solar project III,--,,Spain,3.7,operating,2023.0,,,36.8854,-4.8637,exact,Andalucía,L100001009629,G100001010999,GEM Global Solar Power Tracker Feb-2026
Guadalteba solar project IV,--,,Spain,16.6,operating,2020.0,,,37.0029,-4.9582,exact,Andalucía,L100001010146,G100001011516,GEM Global Solar Power Tracker Feb-2026
Guadalteba solar project V,--,,Spain,9.0,operating,2020.0,,,37.0157,-4.9987,exact,Andalucía,L100001010147,G100001011517,GEM Global Solar Power Tracker Feb-2026
Guadalteba solar project VIII,--,,Spain,9.3,operating,2020.0,,,37.0015,-4.9674,exact,Andalucía,L100001010537,G100001011907,GEM Global Solar Power Tracker Feb-2026
Guadalupe solar farm,1,,Spain,1000.0,shelved - inferred 2 y,,X-Elio,Brookfield Renewable Partners LP; KKR & Co. Inc,38.2461,-6.3074,approximate,Extremadura,L100000806035,G100000806946,GEM Global Solar Power Tracker Feb-2026
Guadame (Euder Energy) solar farm,1,"Cordoba 1, Cordoba 2",Spain,35.5,pre-construction,,Mirzan Solar,Euder Energy SL [100%],37.9547,-4.4063,approximate,Andalucía,L100000824578,G100001004266,GEM Global Solar Power Tracker Feb-2026
Guadame (Euder Energy) solar farm,2,"Cordoba 1, Cordoba 2",Spain,35.5,pre-construction,,Nunki Solar,Euder Energy SL [100%],37.9547,-4.4063,approximate,Andalucía,L100000824578,G100001004267,GEM Global Solar Power Tracker Feb-2026
Guadame (Euder Energy) solar farm,3,"Cordoba 1, Cordoba 2",Spain,35.5,pre-construction,,Alpha Centuri Solar,Euder Energy SL [100%],37.9547,-4.4063,approximate,Andalucía,L100000824578,G100001004269,GEM Global Solar Power Tracker Feb-2026
Guadame (Euder Energy) solar farm,4,"Cordoba 1, Cordoba 2",Spain,35.5,pre-construction,,Gacrux Solar,Euder Energy SL [100%],37.9547,-4.4063,approximate,Andalucía,L100000824578,G100001004272,GEM Global Solar Power Tracker Feb-2026
Guadame (Euder Energy) solar farm,5,"Cordoba 1, Cordoba 2",Spain,138.4,pre-construction,,Sabik Solar,Lader Energy [100%],37.9547,-4.4063,approximate,Andalucía,L100000824578,G100000827751,GEM Global Solar Power Tracker Feb-2026
Guadame (Greenalia) solar farm,1,,Spain,50.0,shelved - inferred 2 y,,Greenalia,Greenalia SA [100%],38.0449,-4.171,approximate,Andalucía,L100000824579,G100000827752,GEM Global Solar Power Tracker Feb-2026
Guadame (Greenalia) solar farm,2,,Spain,50.0,pre-construction,,Greenalia Solar Power Guadame II,Greenalia SA [100%],38.0449,-4.171,approximate,Andalucía,L100000824579,G100000827753,GEM Global Solar Power Tracker Feb-2026
Guadame (Greenalia) solar farm,3,,Spain,50.0,pre-construction,,Greenalia Solar Power Guadame III,Greenalia SA [100%],38.0449,-4.171,approximate,Andalucía,L100000824579,G100000827754,GEM Global Solar Power Tracker Feb-2026
Guadame (Greenalia) solar farm,4,,Spain,50.0,pre-construction,,Greenalia Solar Power Guadame IV,Greenalia SA [100%],38.0449,-4.171,approximate,Andalucía,L100000824579,G100000827755,GEM Global Solar Power Tracker Feb-2026
Guadame (Greenalia) solar farm,5,,Spain,50.0,shelved - inferred 2 y,,Greenalia,Greenalia SA [100%],38.0449,-4.171,approximate,Andalucía,L100000824579,G100000827756,GEM Global Solar Power Tracker Feb-2026
Guadarrama solar farm,1,,Spain,104.0,pre-construction,,Mitra Beta,Compañía Española de Petróleos SA [100%],40.2532,-3.8739,approximate,Comunidad de Madrid,L100000824580,G100000827757,GEM Global Solar Power Tracker Feb-2026
Guadarrama solar farm,2,,Spain,71.1,pre-construction,,Mitra Beta,Compañía Española de Petróleos SA [100%],40.1465,-3.9378,approximate,Comunidad de Madrid,L100000824580,G100000827758,GEM Global Solar Power Tracker Feb-2026
Guadarrama solar farm,3,,Spain,179.9,pre-construction,,Mitra Beta,Compañía Española de Petróleos SA [100%],40.177,-3.8996,approximate,Castilla-La Mancha,L100000824580,G100000827759,GEM Global Solar Power Tracker Feb-2026
Guadix solar project,--,,Spain,9.5,operating,2020.0,,,37.3212,-3.0984,exact,Andalucía,L100001009177,G100001010547,GEM Global Solar Power Tracker Feb-2026
Gualter solar farm,--,,Spain,25.0,pre-construction,,,Energia Inagotable de Anser SL [100%],41.8945,1.0401,approximate,Cataluña,L100001000935,G100001001301,GEM Global Solar Power Tracker Feb-2026
Guijo III solar farm,--,,Spain,45.9,pre-construction,,,,40.1033,-6.4662,approximate,Extremadura,L100001062526,G100001071814,GEM Global Solar Power Tracker Feb-2026
Guijo IV solar farm,--,,Spain,45.9,pre-construction,,,,40.1042,-6.4635,approximate,Extremadura,L100001062527,G100001071815,GEM Global Solar Power Tracker Feb-2026
Guijo V solar farm,--,,Spain,45.9,pre-construction,,,,40.0559,-6.5365,approximate,Extremadura,L100001062529,G100001071817,GEM Global Solar Power Tracker Feb-2026
Guijo VI solar farm,--,,Spain,45.9,pre-construction,,,,40.0607,-6.5385,approximate,Extremadura,L100001062528,G100001071816,GEM Global Solar Power Tracker Feb-2026
Guijo de Coria solar farm,Pinea (Coria and Guijo de Coria),,Spain,404.3,announced,,,Solarpack [100%],39.4954,-6.3888,approximate,Extremadura,L100000824581,G100000827760,GEM Global Solar Power Tracker Feb-2026
Guijo de Coria solar project,--,,Spain,6.1,operating,2011.0,,,40.009,-6.45,exact,Extremadura,L100001009138,G100001010508,GEM Global Solar Power Tracker Feb-2026
Guijo solar farm,--,Complejo Zajuril,Spain,91.0,announced,,Proyecto Fotovoltaico Guijo,Statkraft AS [100%],40.0805,-6.491,approximate,Extremadura,L100001003181,G100001003647,GEM Global Solar Power Tracker Feb-2026
Guillena (AER) solar farm,--,,Spain,50.0,operating,,,Aquila,37.5446,-6.0571,approximate,Andalucía,L100001005696,G100001006841,GEM Global Solar Power Tracker Feb-2026
Guillena (Iberdrola) solar farm,--,,Spain,144.0,construction,,Iberdrola,Iberdrola SA [100%],37.3803,-5.9602,approximate,Andalucía,L100000824582,G100000827761,GEM Global Solar Power Tracker Feb-2026
Guillena (TotalEnergies) solar farm,Arbotante,"Postigo, Arbotante, Pilastra, La Noria, La Carrascosa",Spain,52.0,construction,2026.0,Arbotante Solar,TotalEnergies SE [100%],37.5367,-6.0721,approximate,Andalucía,L100001005226,G100001006197,GEM Global Solar Power Tracker Feb-2026
Guillena (TotalEnergies) solar farm,La Carrascosa,"Postigo, Arbotante, Pilastra, La Noria, La Carrascosa",Spain,55.0,construction,2026.0,TotalEnergies Planta Solar Andalucía 3,TotalEnergies SE [100%],37.5367,-6.0721,approximate,Andalucía,L100001005226,G100001006195,GEM Global Solar Power Tracker Feb-2026
Guillena (TotalEnergies) solar farm,La Noria,"Postigo, Arbotante, Pilastra, La Noria, La Carrascosa",Spain,53.0,construction,2026.0,TotalEnergies Planta Solar Andalucía 3,TotalEnergies SE [100%],37.5367,-6.0721,approximate,Andalucía,L100001005226,G100001006196,GEM Global Solar Power Tracker Feb-2026
Guillena (TotalEnergies) solar farm,Pilastra,"Postigo, Arbotante, Pilastra, La Noria, La Carrascosa",Spain,52.0,construction,2026.0,Pilastra Solar,TotalEnergies SE [100%],37.5367,-6.0721,approximate,Andalucía,L100001005226,G100001006198,GEM Global Solar Power Tracker Feb-2026
Guillena (TotalEnergies) solar farm,Postigo,"Postigo, Arbotante, Pilastra, La Noria, La Carrascosa",Spain,51.0,construction,2026.0,Postigo Solar,TotalEnergies SE [100%],37.5367,-6.0721,approximate,Andalucía,L100001005226,G100001006199,GEM Global Solar Power Tracker Feb-2026
Guimerà solar farm,--,,Spain,36.0,pre-construction,,,,41.5677,1.182,approximate,Cataluña,L100001062300,G100001071550,GEM Global Solar Power Tracker Feb-2026
Guzmán Thermosolar farm,--,Soluz Guzmán,Spain,50.0,operating,2012.0,,Mitsui Group; FCC Energy,37.6499,-5.2698,exact,Andalucía,L100000824583,G100000827762,GEM Global Solar Power Tracker Feb-2026
Gállego solar farm,--,,Spain,48.3,pre-construction,,,,41.6885,-0.7772,approximate,Aragón,L100001062132,G100001071326,GEM Global Solar Power Tracker Feb-2026
Gúdar-Javalambre solar project,--,,Spain,2.0,operating,2022.0,,,40.1449,-0.7694,exact,Aragón,L100001010305,G100001011675,GEM Global Solar Power Tracker Feb-2026
H2FV Toledo solar farm,--,,Spain,80.0,pre-construction,,,,39.8982,-3.8748,approximate,Castilla-La Mancha,L100001064201,G100001073845,GEM Global Solar Power Tracker Feb-2026
HSF Inversiones Gerena solar farm,1,,Spain,50.0,pre-construction,,,Inversiones Energy Madrid,37.5864,-5.9674,approximate,Andalucía,L100001005676,G100001006817,GEM Global Solar Power Tracker Feb-2026
HSF Inversiones Gerena solar farm,2,,Spain,50.0,pre-construction,,,Inversiones Energy Madrid,37.5864,-5.9674,approximate,Andalucía,L100001005676,G100001006818,GEM Global Solar Power Tracker Feb-2026
HSF La Florida Hive solar farm,--,,Spain,23.0,construction,2026.0,La Florida Hive,Encavis AG [100%],37.2843,-5.9601,approximate,Andalucía,L100001004513,G100001005285,GEM Global Solar Power Tracker Feb-2026
Hayabusa solar farm,--,,Spain,87.0,pre-construction,,Corporación Empresarial Tegara II,Viridi RE [100%],40.1182,-3.953,approximate,Castilla-La Mancha,L100000824584,G100000827763,GEM Global Solar Power Tracker Feb-2026
Haza del Sol solar farm,--,,Spain,150.0,pre-construction,,,Alfanar Energía España SL [100%],40.5443,-2.8601,approximate,Castilla-La Mancha,L100000824585,G100000827764,GEM Global Solar Power Tracker Feb-2026
Hazas de las Sesenta solar farm,1,"Hazas De Lo Sesenta, Cabrera Hazas Sesenta",Spain,50.0,operating,2020.0,Solarcentury,Encavis AG [100%],37.2507,-5.6827,exact,Andalucía,L100000805958,G100000806859,GEM Global Solar Power Tracker Feb-2026
Hazaña solar farm,--,Samper de Calanda Hazana,Spain,49.8,operating,2019.0,Hazaña Solar,,41.1891,-0.3858,approximate,Aragón,L100000824586,G100000827765,GEM Global Solar Power Tracker Feb-2026
Heineken (Quart de Poblet) CSP solar farm,--,,Spain,30.0,operating,2024.0,Heineken,,39.4741,-0.5091,exact,Comunidad Valenciana,L100000824587,G100000827766,GEM Global Solar Power Tracker Feb-2026
Heineken (Seville) CSP solar farm,--,,Spain,30.0,operating,2022.0,Heineken,ENGIE SA [100%],37.394,-5.8628,exact,Andalucía,L100000824588,G100000827767,GEM Global Solar Power Tracker Feb-2026
Helena solar farm,1,,Spain,99.9,shelved,,Solaria Promoción y Desarrollo Fotovoltaico,,40.2397,-4.1933,approximate,Castilla-La Mancha,L100000824589,G100000827768,GEM Global Solar Power Tracker Feb-2026
Helena solar farm,10,,Spain,49.9,shelved,,Solaria Promoción y Desarrollo Fotovoltaico,,40.0664,-4.3701,approximate,Castilla-La Mancha,L100000824589,G100000827777,GEM Global Solar Power Tracker Feb-2026
Helena solar farm,11,,Spain,49.9,shelved,,Solaria Promoción y Desarrollo Fotovoltaico,,40.0664,-4.3701,approximate,Castilla-La Mancha,L100000824589,G100000827778,GEM Global Solar Power Tracker Feb-2026
Helena solar farm,12,,Spain,44.7,pre-construction,,Solaria Promoción y Desarrollo Fotovoltaico,,40.0664,-4.3701,approximate,Castilla-La Mancha,L100000824589,G100000827779,GEM Global Solar Power Tracker Feb-2026
Helena solar farm,13,,Spain,44.7,pre-construction,,Solaria Promoción y Desarrollo Fotovoltaico,,40.0664,-4.3701,approximate,Castilla-La Mancha,L100000824589,G100000827780,GEM Global Solar Power Tracker Feb-2026
Helena solar farm,14,,Spain,44.7,pre-construction,2026.0,Solaria Promoción y Desarrollo Fotovoltaico,,40.0664,-4.3701,approximate,Castilla-La Mancha,L100000824589,G100000827781,GEM Global Solar Power Tracker Feb-2026
Helena solar farm,15,,Spain,22.8,pre-construction,,Solaria Promoción y Desarrollo Fotovoltaico,,40.0664,-4.3701,approximate,Castilla-La Mancha,L100000824589,G100001006073,GEM Global Solar Power Tracker Feb-2026
Helena solar farm,16,,Spain,22.8,pre-construction,,Solaria Promoción y Desarrollo Fotovoltaico,,40.0664,-4.3701,approximate,Castilla-La Mancha,L100000824589,G100001006074,GEM Global Solar Power Tracker Feb-2026
Helena solar farm,17,,Spain,22.8,pre-construction,,Solaria Promoción y Desarrollo Fotovoltaico,,40.0664,-4.3701,approximate,Castilla-La Mancha,L100000824589,G100001006075,GEM Global Solar Power Tracker Feb-2026
Helena solar farm,2,,Spain,82.5,pre-construction,,Solaria Promoción y Desarrollo Fotovoltaico,,40.1925,-4.1657,approximate,Castilla-La Mancha,L100000824589,G100000827769,GEM Global Solar Power Tracker Feb-2026
Helena solar farm,3,,Spain,44.7,pre-construction,,Solaria Promoción y Desarrollo Fotovoltaico,,40.1925,-4.1657,approximate,Castilla-La Mancha,L100000824589,G100000827770,GEM Global Solar Power Tracker Feb-2026
Helena solar farm,4,,Spain,44.7,pre-construction,,Solaria Promoción y Desarrollo Fotovoltaico,,40.1925,-4.1657,approximate,Castilla-La Mancha,L100000824589,G100000827771,GEM Global Solar Power Tracker Feb-2026
Helena solar farm,5,,Spain,41.2,pre-construction,,Solaria Promoción y Desarrollo Fotovoltaico,,40.1678,-4.2147,approximate,Castilla-La Mancha,L100000824589,G100000827772,GEM Global Solar Power Tracker Feb-2026
Helena solar farm,6,,Spain,37.8,pre-construction,,Solaria Promoción y Desarrollo Fotovoltaico,,40.1678,-4.2147,approximate,Castilla-La Mancha,L100000824589,G100000827773,GEM Global Solar Power Tracker Feb-2026
Helena solar farm,7,,Spain,49.9,shelved,,Solaria Promoción y Desarrollo Fotovoltaico,,40.1925,-4.1657,approximate,Castilla-La Mancha,L100000824589,G100000827774,GEM Global Solar Power Tracker Feb-2026
Helena solar farm,8,,Spain,44.7,pre-construction,,Solaria Promoción y Desarrollo Fotovoltaico,,40.1862,-4.0371,approximate,Castilla-La Mancha,L100000824589,G100000827775,GEM Global Solar Power Tracker Feb-2026
Helena solar farm,9,,Spain,44.7,pre-construction,,Solaria Promoción y Desarrollo Fotovoltaico,,40.0456,-4.2742,approximate,Castilla-La Mancha,L100000824589,G100000827776,GEM Global Solar Power Tracker Feb-2026
Helioenergy 1 solar farm,--,,Spain,50.0,operating,2011.0,Abengoa,Abengoa SA [100%],37.5677,-5.1493,exact,Andalucía,L100000824590,G100000827782,GEM Global Solar Power Tracker Feb-2026
Helioenergy 2 solar farm,--,,Spain,50.0,operating,2012.0,Abengoa,Abengoa SA [100%],37.5757,-5.1668,exact,Andalucía,L100000824591,G100000827783,GEM Global Solar Power Tracker Feb-2026
Helios 1 CSP solar farm,--,,Spain,50.0,operating,2012.0,,Hypesol Energy Holding; unknown; Hyperion Renewables,39.2379,-3.4688,exact,Castilla-La Mancha,L100000824592,G100000827784,GEM Global Solar Power Tracker Feb-2026
Helios 2 CSP solar farm,--,,Spain,50.0,operating,2012.0,,Hypesol Energy Holding; unknown; Hyperion Renewables,39.2379,-3.4688,exact,Castilla-La Mancha,L100000824593,G100000827785,GEM Global Solar Power Tracker Feb-2026
Hellin I-II solar project,--,,Spain,8.2,operating,2023.0,,,38.5881,-1.7918,exact,Castilla-La Mancha,L100001009099,G100001010469,GEM Global Solar Power Tracker Feb-2026
Henares solar farm,--,,Spain,80.0,pre-construction,,,,40.4325,-3.6799,approximate,Comunidad de Madrid,L100000824594,G100000827786,GEM Global Solar Power Tracker Feb-2026
Herradura solar farm,--,,Spain,100.0,pre-construction,,,Compañía Española de Petróleos SA [100%],36.4333,-5.4532,approximate,Andalucía,L100000824595,G100000827787,GEM Global Solar Power Tracker Feb-2026
Herrera (Euder Energy) solar farm,3,Palencia (Euder Energy) solar farm,Spain,45.0,pre-construction,,Meissa Solar,Euder Energy SL [100%],42.582,-4.4117,approximate,Castilla y León,L100000824784,G100000828004,GEM Global Solar Power Tracker Feb-2026
Herrera (Euder Energy) solar farm,4,Palencia (Euder Energy) solar farm,Spain,45.0,pre-construction,,Meissa Solar,Euder Energy SL [100%],42.582,-4.4117,approximate,Castilla y León,L100000824784,G100000828005,GEM Global Solar Power Tracker Feb-2026
Herrera (Grupotec) solar farm,1,,Spain,51.0,pre-construction,,Grupotec SPV 19,Grupotec SPV 19 SL [100%],42.5909,-4.3471,approximate,Castilla y León,L100000824597,G100000827789,GEM Global Solar Power Tracker Feb-2026
Herrera (Opdenergy) solar farm,--,,Spain,94.0,pre-construction,,Opdenergy,Opdenergy SA [100%],37.3625,-4.8488,approximate,Andalucía,L100000824598,G100000827790,GEM Global Solar Power Tracker Feb-2026
Herrera II (Grupo Zaragozá) solar farm,--,,Spain,50.0,construction,,Zarafot 2,Grupo Zaragozá [100%],42.6538,-4.4224,approximate,Castilla y León,L100001004569,G100001005364,GEM Global Solar Power Tracker Feb-2026
Herrera III (Cobra) solar farm,--,,Spain,87.5,pre-construction,,Cobra Concesiones,Cobra Concesiones SL,42.6044,-4.4378,approximate,Castilla y León,L100000824596,G100000827788,GEM Global Solar Power Tracker Feb-2026
Herrera III (Grupo Zaragozá) solar farm,--,,Spain,31.5,construction,,Zarafot 3,Grupo Zaragozá [100%],42.5922,-4.3525,approximate,Castilla y León,L100001004582,G100001005379,GEM Global Solar Power Tracker Feb-2026
Herrera de los Navarros solar farm,--,,Spain,21.0,pre-construction,,,,41.2126,-1.0854,approximate,Aragón,L100001063883,G100001073439,GEM Global Solar Power Tracker Feb-2026
Heze solar farm,--,,Spain,42.5,pre-construction,,Energía Inagotable de Heze,Forestalia SL [100%],42.0184,-0.0946,approximate,Aragón,L100000824599,G100000827791,GEM Global Solar Power Tracker Feb-2026
Hiberus solar farm,--,,Spain,281.0,pre-construction,,Lightsource BP,Lightsource BP [100%],41.6219,-0.2434,approximate,Aragón,L100000824600,G100000827792,GEM Global Solar Power Tracker Feb-2026
Hijar 1 solar farm,--,Proyecto Vendimia,Spain,49.5,operating,2021.0,Implantacion de Fuentes Energeticas de Origen Renovable,Plenium Partners [100%]; Bankinter,41.2611,-0.5183,approximate,Aragón,L100000824602,G100000827795,GEM Global Solar Power Tracker Feb-2026
Hinojar solar project,--,,Spain,7.6,operating,2017.0,,,37.6848,-1.5335,exact,Región de Murcia,L100001009208,G100001010578,GEM Global Solar Power Tracker Feb-2026
Hinojos solar project,--,,Spain,13.0,operating,2017.0,,,37.2681,-6.4158,exact,Andalucía,L100001009184,G100001010554,GEM Global Solar Power Tracker Feb-2026
Hinojosa solar farm,--,,Spain,21.9,operating,2021.0,,Korkia Aurinkoenergiarahasto Ky,38.4836,-6.1855,approximate,Extremadura,L100000824603,G100000827796,GEM Global Solar Power Tracker Feb-2026
Hinojosa-Calatrava solar farm,--,,Spain,126.1,pre-construction,,Terre Strategy,,39.6111,-2.7904,approximate,Castilla-La Mancha,L100000824604,G100000827797,GEM Global Solar Power Tracker Feb-2026
Hipódromo solar farm,--,,Spain,169.7,pre-construction,,,Dos Hermanas SL,37.6172,-4.2353,approximate,Andalucía,L100001005594,G100001006696,GEM Global Solar Power Tracker Feb-2026
Hive H2 Albamed solar farm,1,,Spain,1100.0,announced,2027.0,,Hive Energy [100%],38.9401,-1.7545,approximate,Castilla-La Mancha,L100001003205,G100001003672,GEM Global Solar Power Tracker Feb-2026
Hornachos solar farm,--,Ibox Hornachos 16,Spain,24.0,operating,,Ibox Energy,Nexwell [100%],38.577,-6.1131,approximate,Extremadura,L100000824605,G100000827798,GEM Global Solar Power Tracker Feb-2026
Hornillos solar farm,--,,Spain,27.7,pre-construction,,,Parques Eólicos de Cerrato SL [100%],41.9712,-4.2702,approximate,Castilla y León,L100001003679,G100001004188,GEM Global Solar Power Tracker Feb-2026
Hoya De Huesca / Plana De Uesca solar project I,--,,Spain,4.7,operating,2023.0,,,42.0612,-0.6613,exact,Aragón,L100001009292,G100001010662,GEM Global Solar Power Tracker Feb-2026
Hoya De Huesca / Plana De Uesca solar project II,--,,Spain,3.4,operating,2017.0,,,42.1913,-0.5777,exact,Aragón,L100001009524,G100001010894,GEM Global Solar Power Tracker Feb-2026
Hoya De Huesca / Plana De Uesca solar project IV,--,,Spain,14.2,operating,2023.0,,,42.1939,-0.5907,exact,Aragón,L100001010323,G100001011693,GEM Global Solar Power Tracker Feb-2026
Hoya De Huesca / Plana De Uesca solar project IX,--,,Spain,3.5,operating,2024.0,,,41.9498,-0.7017,exact,Aragón,L100001053353,G100001061147,GEM Global Solar Power Tracker Feb-2026
Hoya De Huesca / Plana De Uesca solar project V,--,,Spain,3.7,operating,2021.0,,,41.9947,-0.1096,exact,Aragón,L100001010324,G100001011694,GEM Global Solar Power Tracker Feb-2026
Hoya De Huesca / Plana De Uesca solar project VI,--,,Spain,2.6,operating,2022.0,,,42.2021,-0.4449,exact,Aragón,L100001010426,G100001011796,GEM Global Solar Power Tracker Feb-2026
Hoya De Huesca / Plana De Uesca solar project VII,--,,Spain,1.8,operating,2020.0,,,41.9648,-0.7157,exact,Aragón,L100001052791,G100001060585,GEM Global Solar Power Tracker Feb-2026
Hoya De Huesca / Plana De Uesca solar project VIII,--,,Spain,1.7,operating,2025.0,,,41.9937,-0.3075,exact,Aragón,L100001053228,G100001061022,GEM Global Solar Power Tracker Feb-2026
Hoya De Huesca / Plana De Uesca solar project X,--,,Spain,1.6,operating,2022.0,,,42.0371,-0.4406,exact,Aragón,L100001053635,G100001061429,GEM Global Solar Power Tracker Feb-2026
Hoya De Huesca / Plana De Uesca solar project XI,--,,Spain,1.4,operating,2024.0,,,42.0169,-0.5672,exact,Aragón,L100001053728,G100001061522,GEM Global Solar Power Tracker Feb-2026
Hoya De Los Vicentes solar farm,1,,Spain,23.0,operating,2007.0,Elecnor Group,Luzentia [100%],38.3641,-1.2765,exact,Región de Murcia,L100000805771,G100000806640,GEM Global Solar Power Tracker Feb-2026
Huelva (EDPR) solar farm,--,,Spain,30.0,announced,,,EDPR Renewable Energy Sources of Greece 1 Sole Proprietorship,37.2635,-6.9375,approximate,Andalucía,L100001007556,G100001008705,GEM Global Solar Power Tracker Feb-2026
Huelva Comarca Metropolitana De Huelva solar project,--,,Spain,1.9,operating,2017.0,,,37.3108,-6.8745,exact,Andalucía,L100001053842,G100001061636,GEM Global Solar Power Tracker Feb-2026
Huelva Comarca Metropolitana De Huelva solar project I,--,,Spain,13.0,operating,2021.0,,,37.3281,-6.9276,exact,Andalucía,L100001009454,G100001010824,GEM Global Solar Power Tracker Feb-2026
Huelva solar farm,2020,"Gibraleón 2, Gibraleón",Spain,50.0,operating,2020.0,Alter Enersun,Bruc Iberia Energy Investment Partners [100%],37.361,-6.924,exact,Andalucía,L100000805698,G100000806553,GEM Global Solar Power Tracker Feb-2026
Huelva solar farm,2021,"Gibraleón 2, Gibraleón",Spain,50.0,operating,2021.0,Alter Enersun,Bruc Iberia Energy Investment Partners [100%],37.3483,-6.9206,exact,Andalucía,L100000805698,G100000806554,GEM Global Solar Power Tracker Feb-2026
Huelva solar farm,3,"Gibraleón 2, Gibraleón",Spain,175.0,pre-construction,,Bruc Iberia Energy Investment Partners,Bruc Iberia Energy Investment Partners [100%],37.2676,-6.9412,approximate,Andalucía,L100000805698,G100000827799,GEM Global Solar Power Tracker Feb-2026
Huerta Solar Almaraz solar farm,1,Almaraz,Spain,22.0,operating,2008.0,,,39.8358,-5.6604,exact,Extremadura,L100000806930,G100000807950,GEM Global Solar Power Tracker Feb-2026
Huerto Solar Correa solar farm,--,,Spain,46.2,pre-construction,,,,36.7008,-6.1618,approximate,Andalucía,L100001061883,G100001070980,GEM Global Solar Power Tracker Feb-2026
Huesca Hoya De Huesca / Plana De Uesca solar project,--,,Spain,1.1,operating,2025.0,,,42.2334,-0.408,exact,Aragón,L100001052822,G100001060616,GEM Global Solar Power Tracker Feb-2026
Hulla solar farm,--,,Spain,49.9,pre-construction,,Planta Fotovoltaica Hulla,Nogal Medina SL [100%],42.6442,-6.1002,approximate,Castilla y León,L100001004600,G100001005397,GEM Global Solar Power Tracker Feb-2026
Huévar del Aljarafe solar farm,1,,Spain,36.0,operating,2024.0,,ENGIE SA [100%],37.3543,-6.2644,approximate,Andalucía,L100001003186,G100001003653,GEM Global Solar Power Tracker Feb-2026
Huévar del Aljarafe solar farm,2,,Spain,36.0,operating,2024.0,,ENGIE SA [100%],37.3543,-6.2644,approximate,Andalucía,L100001003186,G100001003655,GEM Global Solar Power Tracker Feb-2026
Huévar solar farm,1,,Spain,44.0,pre-construction,,Palintere,Grupo Lorte [100%],37.3682,-6.286,exact,Andalucía,L100001003190,G100001003657,GEM Global Solar Power Tracker Feb-2026
Huévar solar farm,2,,Spain,44.0,pre-construction,,Povatreni,Grupo Lorte [100%],37.3727,-6.2785,exact,Andalucía,L100001003190,G100001003661,GEM Global Solar Power Tracker Feb-2026
HyDeal España solar farm,1,,Spain,4800.0,announced,2028.0,,HyDeal España [100%],41.6131,-3.2522,approximate,Castilla y León,L100000824606,G100000827800,GEM Global Solar Power Tracker Feb-2026
HyDeal España solar farm,Future phases,,Spain,4700.0,announced,2030.0,,,41.6131,-3.2522,approximate,Castilla y León,L100000824606,G100001008873,GEM Global Solar Power Tracker Feb-2026
Hyren Rocío H2 solar farm,--,,Spain,109.7,pre-construction,,,Matrix Renewables,37.276,-6.5107,approximate,Andalucía,L100001064015,G100001073617,GEM Global Solar Power Tracker Feb-2026
Hysencia Hybrid solar farm,--,,Spain,49.0,pre-construction,,,DH2 Energy España SL,42.2384,-0.5417,approximate,Aragón,L100001063382,G100001072814,GEM Global Solar Power Tracker Feb-2026
Hércules 30 solar farm,--,,Spain,28.1,pre-construction,,,,41.4453,-5.4369,exact,Castilla y León,L100001062208,G100001071433,GEM Global Solar Power Tracker Feb-2026
Hércules solar farm (Spain),--,,Spain,134.2,pre-construction,,,Parque FV Hércules SL [100%],40.1594,-3.8976,approximate,Castilla-La Mancha,L100001004295,G100001005013,GEM Global Solar Power Tracker Feb-2026
Híjar (5 Aurinka) solar farm,1,,Spain,216.8,pre-construction,,FV 5 Aurinka,,41.3473,-0.7809,approximate,Aragón,L100000824601,G100000827793,GEM Global Solar Power Tracker Feb-2026
Híjar (5 Aurinka) solar farm,2,,Spain,78.0,pre-construction,,FV 5 Aurinka,,40.4325,-3.6799,approximate,Comunidad de Madrid,L100000824601,G100000827794,GEM Global Solar Power Tracker Feb-2026
Híjar (Teruel) solar farm,1,,Spain,49.9,pre-construction,,,Alpha 2 Conexión Solar SL [100%],41.1905,-0.4318,approximate,Aragón,L100001000584,G100001000892,GEM Global Solar Power Tracker Feb-2026
Híjar (Teruel) solar farm,2,,Spain,49.8,pre-construction,,,Alpha 3 Solar SL [100%],41.1905,-0.4318,approximate,Aragón,L100001000584,G100001000893,GEM Global Solar Power Tracker Feb-2026
Híjar (Teruel) solar farm,3,,Spain,49.8,pre-construction,,,Alpha 4 Conexión Solar SL [100%],41.1905,-0.4318,approximate,Aragón,L100001000584,G100001000894,GEM Global Solar Power Tracker Feb-2026
IFV Peñuela solar farm,--,,Spain,49.8,pre-construction,,,,36.5442,-6.18,approximate,Andalucía,L100001062003,G100001071123,GEM Global Solar Power Tracker Feb-2026
IFV San Patricio I solar farm,--,,Spain,49.8,pre-construction,,,,36.5837,-6.1352,approximate,Andalucía,L100001062004,G100001071125,GEM Global Solar Power Tracker Feb-2026
IM2 Albaida 1 solar farm,--,,Spain,41.8,pre-construction,,,,38.8597,-0.525,exact,Comunidad Valenciana,L100001062428,G100001071700,GEM Global Solar Power Tracker Feb-2026
IM2 Castelló de Rugat solar farm,--,,Spain,23.3,pre-construction,,,,38.898,-0.384,exact,Comunidad Valenciana,L100001062416,G100001071688,GEM Global Solar Power Tracker Feb-2026
ISF A Gudiña solar farm,--,,Spain,55.7,pre-construction,,Amber Solar Power Veintinueve,Powertis [100%],42.0788,-7.1341,approximate,Galicia,L100000824618,G100000827815,GEM Global Solar Power Tracker Feb-2026
ISF Benejama solar farm,1,,Spain,53.8,pre-construction,,,ABO Wind AG,38.734,-1.0081,approximate,Castilla-La Mancha,L100001005622,G100001006739,GEM Global Solar Power Tracker Feb-2026
ISF Saucelle Campillo solar farm,--,,Spain,161.0,pre-construction,,Sungrow Power,,41.77,-4.2093,approximate,Castilla y León,L100000824619,G100000827816,GEM Global Solar Power Tracker Feb-2026
Ibercáceres solar farm,1,,Spain,112.5,pre-construction,2026.0,,Grupo Ibereólica Renovables [100%],39.4585,-6.3993,approximate,Extremadura,L100000824607,G100001005127,GEM Global Solar Power Tracker Feb-2026
Ibercáceres solar farm,2,,Spain,127.5,pre-construction,2026.0,,Grupo Ibereólica Renovables [100%],39.4585,-6.3993,approximate,Extremadura,L100000824607,G100000827801,GEM Global Solar Power Tracker Feb-2026
Iberelectrica 1 solar farm,--,Cluster Calatrava,Spain,22.3,operating,2022.0,Enel Green Power,Enel Green Power SpA [100%],38.9935,-3.3951,approximate,Castilla-La Mancha,L100000824608,G100000827802,GEM Global Solar Power Tracker Feb-2026
Iberlerma H2 solar farm,--,Proyecto Iberhidrogeno,Spain,15.0,pre-construction,,Grupo Ibereólica Renovables,Grupo Ibereólica Renovables [100%],41.9752,-3.7329,approximate,Castilla y León,L100000824609,G100000827803,GEM Global Solar Power Tracker Feb-2026
Ibersol Ciudad Real CSP solar farm,--,"Ence Termollano, Puertollano Solar Thermal",Spain,50.0,operating,2009.0,,Iberdrola SA [90%]; IDAE (Instituto para la Diversificación y el Ahorro de la Energía) [10%],38.6433,-3.975,exact,Castilla-La Mancha,L100000824610,G100000827804,GEM Global Solar Power Tracker Feb-2026
Ibiza solar project,--,,Spain,2.2,operating,2022.0,,,38.9605,1.4276,exact,Islas Baleares,L100001010566,G100001011936,GEM Global Solar Power Tracker Feb-2026
Ibiza solar project I,--,,Spain,2.8,operating,2022.0,,,39.066,1.4777,exact,Islas Baleares,L100001053307,G100001061101,GEM Global Solar Power Tracker Feb-2026
Ibérica I solar farm,--,,Spain,44.8,pre-construction,,,Ibérica Power SL [100%],41.5363,-5.4149,approximate,Castilla y León,L100001004580,G100001005377,GEM Global Solar Power Tracker Feb-2026
Ictio Alcazar solar farm,1,,Spain,47.1,operating,2022.0,,Actividades de Construcción y Servicios SA [24%]; Galp Energia SGPS SA [75%],39.3882,-3.2117,approximate,Castilla-La Mancha,L100000824612,G100000827806,GEM Global Solar Power Tracker Feb-2026
Ictio Alcazar solar farm,2,,Spain,47.1,construction,,,Actividades de Construcción y Servicios SA [24%]; Galp Energia SGPS SA [75%],39.3882,-3.2117,approximate,Castilla-La Mancha,L100000824612,G100000827807,GEM Global Solar Power Tracker Feb-2026
Ictio Alcazar solar farm,3,,Spain,47.1,operating,2022.0,,Actividades de Construcción y Servicios SA [24%]; Galp Energia SGPS SA [75%],39.3882,-3.2117,approximate,Castilla-La Mancha,L100000824612,G100000827808,GEM Global Solar Power Tracker Feb-2026
Ictio Alcántara solar farm,--,,Spain,26.6,pre-construction,,Ictio Solar,Ictio Solar [100%],39.7199,-6.8775,approximate,Extremadura,L100000824611,G100000827805,GEM Global Solar Power Tracker Feb-2026
Ictio Manzanares solar farm,--,,Spain,35.0,operating,2022.0,,Actividades de Construcción y Servicios SA [24%]; Galp Energia SGPS SA [75%],39.0146,-3.3721,approximate,Castilla-La Mancha,L100000824613,G100000827809,GEM Global Solar Power Tracker Feb-2026
Ictio Orión solar farm,--,Torrecillas Solar,Spain,132.3,pre-construction,,Ictio Solar Orión,Ictio Solar [100%],39.5572,-5.7034,approximate,Extremadura,L100000824614,G100000827810,GEM Global Solar Power Tracker Feb-2026
Ignis Solar 1 solar farm,--,,Spain,49.8,operating,,,,41.2874,-0.324,approximate,Aragón,L100000824615,G100000827811,GEM Global Solar Power Tracker Feb-2026
Illora solar farm,--,,Spain,73.0,pre-construction,,Opdenergy,Opdenergy SA [100%],37.2879,-3.8797,approximate,Andalucía,L100000824616,G100000827812,GEM Global Solar Power Tracker Feb-2026
Imperial solar farm,1,,Spain,82.0,pre-construction,,Compañía Española de Petróleos,,39.6111,-2.7904,approximate,Castilla-La Mancha,L100000824617,G100000827813,GEM Global Solar Power Tracker Feb-2026
Imperial solar farm,2,,Spain,88.0,pre-construction,,Compañía Española de Petróleos,,39.6111,-2.7904,approximate,Castilla-La Mancha,L100000824617,G100000827814,GEM Global Solar Power Tracker Feb-2026
Iniesta solar farm,--,,Spain,50.0,pre-construction,,,Elawan Energy SL,39.5658,-1.6749,approximate,Castilla-La Mancha,L100001005473,G100001006514,GEM Global Solar Power Tracker Feb-2026
Iron solar farm,--,,Spain,51.7,pre-construction,,,Global Pracima,41.4853,-5.0869,approximate,Castilla y León,L100001005627,G100001006747,GEM Global Solar Power Tracker Feb-2026
Iruñerria / Comarca De Pamplona solar project,--,,Spain,1.2,operating,2023.0,,,42.8154,-1.6947,exact,Comunidad Foral de Navarra,L100001053236,G100001061030,GEM Global Solar Power Tracker Feb-2026
Isla Mayor solar project,--,,Spain,10.3,operating,2017.0,,,37.1489,-6.1452,exact,Andalucía,L100001009247,G100001010617,GEM Global Solar Power Tracker Feb-2026
Islas Menores I solar farm,--,,Spain,23.0,pre-construction,,,,37.633,-0.9598,approximate,Región de Murcia,L100001063097,G100001072470,GEM Global Solar Power Tracker Feb-2026
Islas Menores II solar farm,--,,Spain,23.0,pre-construction,,,,37.6822,-1.0915,approximate,Región de Murcia,L100001062782,G100001072119,GEM Global Solar Power Tracker Feb-2026
Islas Menores III solar farm,--,,Spain,23.0,pre-construction,,,,37.633,-0.9598,approximate,Región de Murcia,L100001062837,G100001072185,GEM Global Solar Power Tracker Feb-2026
Islas Menores IV solar farm,--,,Spain,23.0,pre-construction,,,,37.69,-1.0981,approximate,Región de Murcia,L100001062836,G100001072184,GEM Global Solar Power Tracker Feb-2026
Islas Menores V solar farm,--,,Spain,23.0,pre-construction,,,,37.69,-1.0981,approximate,Región de Murcia,L100001062834,G100001072183,GEM Global Solar Power Tracker Feb-2026
Isona I Conca Dellà Pallars Jussà solar project I,--,,Spain,1.4,operating,2025.0,,,42.1341,1.0012,exact,Cataluña,L100001052813,G100001060607,GEM Global Solar Power Tracker Feb-2026
Isona I Conca Dellà Pallars Jussà solar project II,--,,Spain,1.3,operating,2025.0,,,42.1345,0.9929,exact,Cataluña,L100001053554,G100001061348,GEM Global Solar Power Tracker Feb-2026
Isona I Conca Dellà Pallars Jussà solar project III,--,,Spain,2.1,operating,2017.0,,,42.1367,0.9609,exact,Cataluña,L100001053665,G100001061459,GEM Global Solar Power Tracker Feb-2026
Isona I Conca Dellà Pallars Jussà solar project IV,--,,Spain,1.6,operating,2025.0,,,42.1412,0.9667,exact,Cataluña,L100001053722,G100001061516,GEM Global Solar Power Tracker Feb-2026
Isturgi solar farm,--,,Spain,45.0,pre-construction,,,,36.8649,-5.2215,exact,Andalucía,L100001062042,G100001071163,GEM Global Solar Power Tracker Feb-2026
Itel solar farm,--,,Spain,119.9,shelved - inferred 2 y,,Itel Investment,Atitlan Helios [100%],38.0843,-0.9467,approximate,Comunidad Valenciana,L100000824620,G100000827817,GEM Global Solar Power Tracker Feb-2026
Iznajar solar farm,--,,Spain,100.0,pre-construction,,Iznajar Solar,Ignis Energía SL [100%],40.0464,-3.8255,approximate,Castilla-La Mancha,L100000824621,G100000827818,GEM Global Solar Power Tracker Feb-2026
Jacetania solar project I,--,,Spain,2.7,operating,2019.0,,,42.5535,-0.5854,exact,Aragón,L100001053322,G100001061116,GEM Global Solar Power Tracker Feb-2026
Jacetania solar project II,--,,Spain,3.9,operating,2019.0,,,42.5583,-0.5585,exact,Aragón,L100001053756,G100001061550,GEM Global Solar Power Tracker Feb-2026
Jaime I solar farm,--,,Spain,38.2,shelved,,Energías Renovables de Ormonde 36,Forestalia SL [100%],41.0858,-1.2573,approximate,Aragón,L100001003298,G100001003779,GEM Global Solar Power Tracker Feb-2026
Jalon solar farm,1,,Spain,231.0,pre-construction,,Benbros Solar,,41.3473,-0.7809,approximate,Aragón,L100000824623,G100000827820,GEM Global Solar Power Tracker Feb-2026
Jaulon H2 solar farm,--,,Spain,199.7,pre-construction,,,,36.8009,-5.8207,approximate,Andalucía,L100001061925,G100001071025,GEM Global Solar Power Tracker Feb-2026
Jaén (Aquila Clean Energy) solar farm,--,,Spain,50.0,operating,,Aquila Capital,,37.7798,-3.7883,approximate,Andalucía,L100000824622,G100000827819,GEM Global Solar Power Tracker Feb-2026
Jaén solar project I,--,,Spain,1.6,operating,2023.0,,,37.9148,-3.8104,exact,Andalucía,L100001053260,G100001061054,GEM Global Solar Power Tracker Feb-2026
Jaén solar project II,--,,Spain,1.2,operating,2017.0,,,37.7404,-3.7821,exact,Andalucía,L100001053573,G100001061367,GEM Global Solar Power Tracker Feb-2026
Jerez Campiña De Jerez solar project III,--,,Spain,2.5,operating,2017.0,,,36.8224,-6.0828,exact,Andalucía,L100001009820,G100001011190,GEM Global Solar Power Tracker Feb-2026
Jerez Campiña De Jerez solar project IV,--,,Spain,3.1,operating,2017.0,,,36.6994,-6.196,exact,Andalucía,L100001010025,G100001011395,GEM Global Solar Power Tracker Feb-2026
Jerez Campiña De Jerez solar project V,--,,Spain,2.0,operating,2024.0,,,36.6916,-6.0315,exact,Andalucía,L100001052966,G100001060760,GEM Global Solar Power Tracker Feb-2026
Jerez Campiña De Jerez solar project VI,--,,Spain,1.6,operating,2023.0,,,36.6906,-6.1552,exact,Andalucía,L100001053289,G100001061083,GEM Global Solar Power Tracker Feb-2026
Jerez Campiña De Jerez solar project VII,--,,Spain,2.2,operating,2017.0,,,36.6959,-6.1623,exact,Andalucía,L100001053434,G100001061228,GEM Global Solar Power Tracker Feb-2026
Jerez Campiña De Jerez solar project VIII,--,,Spain,2.3,operating,2023.0,,,36.6569,-6.1352,exact,Andalucía,L100001053509,G100001061303,GEM Global Solar Power Tracker Feb-2026
Jerez De Los Caballeros solar farm,1,,Spain,50.0,cancelled - inferred 4 y,,,REEF Development Ltd [100%],38.3266,-6.7788,approximate,Extremadura,L100000806707,G100000807683,GEM Global Solar Power Tracker Feb-2026
Jerez Este H2 solar farm,--,,Spain,138.3,pre-construction,,,,36.5855,-5.9657,approximate,Andalucía,L100001061926,G100001071026,GEM Global Solar Power Tracker Feb-2026
Jerez Montealto solar farm,--,,Spain,57.7,pre-construction,,,Ansasol,36.6896,-6.1244,approximate,Andalucía,L100001005697,G100001006843,GEM Global Solar Power Tracker Feb-2026
Jerez de la Frontera solar farm,--,,Spain,150.0,pre-construction,,Greening Group,,37.6087,-4.6016,approximate,Andalucía,L100000824624,G100000827821,GEM Global Solar Power Tracker Feb-2026
Jerez de la Frontera solar project,--,,Spain,5.3,operating,2023.0,,,36.7078,-6.2308,exact,Andalucía,L100001009146,G100001010516,GEM Global Solar Power Tracker Feb-2026
Jerez solar farm,--,,Spain,42.5,pre-construction,,,,36.6887,-6.159,approximate,Andalucía,L100001063891,G100001073447,GEM Global Solar Power Tracker Feb-2026
Jeréz Las Torres H2 solar farm,--,,Spain,440.0,pre-construction,,Sun Hive 71,,37.6087,-4.6016,approximate,Andalucía,L100000824625,G100000827822,GEM Global Solar Power Tracker Feb-2026
Jilguero solar farm,--,,Spain,50.0,pre-construction,,,Jilguero Solar SL [100%],41.5671,0.5076,approximate,Cataluña,L100001000844,G100001001201,GEM Global Solar Power Tracker Feb-2026
Jiloca solar project I,--,,Spain,1.2,operating,2019.0,,,40.8753,-1.3413,exact,Aragón,L100001010308,G100001011678,GEM Global Solar Power Tracker Feb-2026
Jiloca solar project II,--,,Spain,3.5,operating,2023.0,,,41.0391,-1.2599,exact,Aragón,L100001010389,G100001011759,GEM Global Solar Power Tracker Feb-2026
Jiloca solar project III,--,,Spain,1.6,operating,2020.0,,,41.0128,-1.3411,exact,Aragón,L100001010390,G100001011760,GEM Global Solar Power Tracker Feb-2026
José Cabrera (Grenergy) solar farm,--,José Cabrera (Allianz),Spain,50.4,operating,2025.0,,Allianz SE,40.3541,-2.8954,exact,Castilla-La Mancha,L100000824626,G100000827823,GEM Global Solar Power Tracker Feb-2026
Julia solar farm,--,,Spain,52.0,pre-construction,,,,42.0616,2.9096,approximate,Cataluña,L100001063896,G100001073452,GEM Global Solar Power Tracker Feb-2026
Jumilla Altiplano solar project I,--,,Spain,5.5,operating,2017.0,,,38.5584,-1.3765,exact,Región de Murcia,L100001009486,G100001010856,GEM Global Solar Power Tracker Feb-2026
Jumilla Altiplano solar project II,--,,Spain,4.2,operating,2023.0,,,38.5219,-1.3373,exact,Región de Murcia,L100001009598,G100001010968,GEM Global Solar Power Tracker Feb-2026
Jumilla Altiplano solar project III,--,,Spain,1.8,operating,2017.0,,,38.5047,-1.3095,exact,Región de Murcia,L100001009753,G100001011123,GEM Global Solar Power Tracker Feb-2026
Jumilla Altiplano solar project IV,--,,Spain,2.9,operating,2023.0,,,38.4042,-1.0948,exact,Región de Murcia,L100001009769,G100001011139,GEM Global Solar Power Tracker Feb-2026
Jumilla Altiplano solar project IX,--,,Spain,3.8,operating,2023.0,,,38.403,-1.3902,exact,Región de Murcia,L100001010353,G100001011723,GEM Global Solar Power Tracker Feb-2026
Jumilla Altiplano solar project V,--,,Spain,5.9,operating,2023.0,,,38.4744,-1.2924,exact,Región de Murcia,L100001009819,G100001011189,GEM Global Solar Power Tracker Feb-2026
Jumilla Altiplano solar project VI,--,,Spain,7.7,operating,2017.0,,,38.3626,-1.1597,exact,Región de Murcia,L100001010026,G100001011396,GEM Global Solar Power Tracker Feb-2026
Jumilla Altiplano solar project VII,--,,Spain,3.0,operating,2023.0,,,38.4508,-1.3012,exact,Región de Murcia,L100001010296,G100001011666,GEM Global Solar Power Tracker Feb-2026
Jumilla Altiplano solar project VIII,--,,Spain,1.6,operating,2020.0,,,38.4682,-1.3646,exact,Región de Murcia,L100001010298,G100001011668,GEM Global Solar Power Tracker Feb-2026
Jumilla Altiplano solar project X,--,,Spain,3.7,operating,2023.0,,,38.4193,-1.2254,exact,Región de Murcia,L100001010396,G100001011766,GEM Global Solar Power Tracker Feb-2026
Jumilla Altiplano solar project XI,--,,Spain,4.1,operating,2017.0,,,38.4598,-1.2621,exact,Región de Murcia,L100001010516,G100001011886,GEM Global Solar Power Tracker Feb-2026
Jumilla Altiplano solar project XII,--,,Spain,2.1,operating,2020.0,,,38.485,-1.3089,exact,Región de Murcia,L100001010517,G100001011887,GEM Global Solar Power Tracker Feb-2026
Jumilla Altiplano solar project XIII,--,,Spain,1.8,operating,2022.0,,,38.5606,-1.3441,exact,Región de Murcia,L100001010518,G100001011888,GEM Global Solar Power Tracker Feb-2026
Jumilla solar farm,--,,Spain,34.0,construction,,Naturgy Energy Group,Naturgy Energy Group SA [100%],37.9809,-1.1248,approximate,Región de Murcia,L100000824627,G100000827824,GEM Global Solar Power Tracker Feb-2026
Juno solar farm (Spain),1,,Spain,50.0,pre-construction,,,Solaria Promoción y Desarrollo Fotovoltaico SL [100%],41.574,0.5414,approximate,Cataluña,L100001000925,G100001001293,GEM Global Solar Power Tracker Feb-2026
Juno solar farm (Spain),2,,Spain,50.0,pre-construction,,,Solaria Promoción y Desarrollo Fotovoltaico SL [100%],41.574,0.5414,approximate,Cataluña,L100001000925,G100001001292,GEM Global Solar Power Tracker Feb-2026
Kenia solar farm,1,,Spain,45.0,operating,2024.0,,Jinko Power Co Ltd,37.1468,-4.5821,exact,Andalucía,L100001063384,G100001072816,GEM Global Solar Power Tracker Feb-2026
Kenia solar farm,2,,Spain,45.0,operating,2024.0,,Jinko Power Co Ltd,37.1468,-4.5821,exact,Andalucía,L100001063384,G100001072855,GEM Global Solar Power Tracker Feb-2026
Kenia solar farm,3,,Spain,45.0,operating,2024.0,,Jinko Power Co Ltd,37.1468,-4.5821,exact,Andalucía,L100001063384,G100001072856,GEM Global Solar Power Tracker Feb-2026
Kenia solar farm,4,,Spain,45.0,operating,2024.0,,Jinko Power Co Ltd,37.1468,-4.5821,exact,Andalucía,L100001063384,G100001072857,GEM Global Solar Power Tracker Feb-2026
Killington solar farm,--,,Spain,46.7,pre-construction,,,,37.2344,-6.0175,exact,Andalucía,L100001062039,G100001071160,GEM Global Solar Power Tracker Feb-2026
Kissoro solar farm,--,,Spain,42.3,operating,2022.0,,Blue Elephant Energy AG (BEE) [100%],37.1766,-2.9497,approximate,Andalucía,L100000824628,G100000827825,GEM Global Solar Power Tracker Feb-2026
L'Alt Maestrat solar project I,--,,Spain,2.3,operating,2017.0,,,40.2275,-0.1906,exact,Comunidad Valenciana,L100001009473,G100001010843,GEM Global Solar Power Tracker Feb-2026
L'Alt Maestrat solar project II,--,,Spain,3.0,operating,2017.0,,,40.2254,-0.1804,exact,Comunidad Valenciana,L100001009511,G100001010881,GEM Global Solar Power Tracker Feb-2026
L'Alt Maestrat solar project III,--,,Spain,2.9,operating,2017.0,,,40.2323,-0.1688,exact,Comunidad Valenciana,L100001009725,G100001011095,GEM Global Solar Power Tracker Feb-2026
L'Alt Maestrat solar project IV,--,,Spain,2.1,operating,2017.0,,,40.3891,-0.174,exact,Comunidad Valenciana,L100001009778,G100001011148,GEM Global Solar Power Tracker Feb-2026
L'Alt Maestrat solar project V,--,,Spain,7.7,operating,2017.0,,,40.4086,-0.1821,exact,Comunidad Valenciana,L100001009795,G100001011165,GEM Global Solar Power Tracker Feb-2026
L'Alt Maestrat solar project VI,--,,Spain,1.8,operating,2017.0,,,40.3399,-0.0686,exact,Comunidad Valenciana,L100001009899,G100001011269,GEM Global Solar Power Tracker Feb-2026
L'Hospitalet De Llobregat Barcelonès solar project,--,,Spain,1.4,operating,2017.0,,,41.357,2.1327,exact,Cataluña,L100001052843,G100001060637,GEM Global Solar Power Tracker Feb-2026
L'Olleria and Garrofera solar project,--,,Spain,11.7,operating,2017.0,,,38.9282,-0.5107,exact,Comunidad Valenciana,L100001009271,G100001010641,GEM Global Solar Power Tracker Feb-2026
La Africana Thermosolar farm,--,,Spain,49.9,operating,2012.0,,Magtel; TSK; Grupo Ortiz,37.7553,-5.0576,exact,Andalucía,L100000824629,G100000827826,GEM Global Solar Power Tracker Feb-2026
La Alcarria solar farm,--,,Spain,365.3,pre-construction,,Benbros Solar,,39.6111,-2.7904,approximate,Castilla-La Mancha,L100000824630,G100000827827,GEM Global Solar Power Tracker Feb-2026
La Aljorra solar farm,--,CSF Aljorra Solar PV Park,Spain,31.1,operating,2019.0,,,37.7214,-1.1724,approximate,Región de Murcia,L100000824631,G100000827828,GEM Global Solar Power Tracker Feb-2026
La Atalaya solar farm,--,,Spain,96.9,pre-construction,2026.0,Mursolar 14,X-Elio [100%],38.6241,-0.8834,approximate,Comunidad Valenciana,L100000824632,G100000827829,GEM Global Solar Power Tracker Feb-2026
La Baronia De Rialb Noguera solar project,--,,Spain,2.5,operating,2024.0,,,41.9489,1.1712,exact,Cataluña,L100001052965,G100001060759,GEM Global Solar Power Tracker Feb-2026
La Cabrita solar farm,--,,Spain,46.2,operating,2021.0,UTE Aurinka International,UTE Aurinka International SL; Iqony Energies GmbH,37.0444,-2.3221,exact,Andalucía,L100000824633,G100000827830,GEM Global Solar Power Tracker Feb-2026
La Campiña solar farm,--,,Spain,214.1,pre-construction,,Lilasol Desarrollos España,Viridi RE [100%],39.8209,-4.0551,approximate,Castilla-La Mancha,L100000824634,G100000827831,GEM Global Solar Power Tracker Feb-2026
La Carraca solar farm,--,,Spain,19.5,pre-construction,,,,37.3539,-6.3018,exact,Andalucía,L100001062056,G100001071184,GEM Global Solar Power Tracker Feb-2026
La Carrasquilla solar farm,--,,Spain,38.2,pre-construction,,Global Solar Energy Dieciocho,Solarig Global Services SA [100%],42.4279,-3.8079,approximate,Castilla y León,L100001004620,G100001005422,GEM Global Solar Power Tracker Feb-2026
La Cereal (LyondellBasell) solar farm,--,,Spain,259.0,shelved - inferred 2 y,,,LyondellBasell Industries NV,40.3254,-3.4212,approximate,Comunidad de Madrid,L100001005698,G100001006844,GEM Global Solar Power Tracker Feb-2026
La Cerámica solar farm,--,,Spain,95.0,pre-construction,,Luminora Solar Cinco,Luminora Solar Cinco SL [100%],38.4262,-0.6126,approximate,Comunidad Valenciana,L100000824635,G100000827832,GEM Global Solar Power Tracker Feb-2026
La Cima solar farm,--,,Spain,149.8,shelved - inferred 2 y,,Progresión Dinámica,Viridi RE [100%],40.2349,-4.1822,approximate,Castilla-La Mancha,L100000824636,G100000827833,GEM Global Solar Power Tracker Feb-2026
La Colina solar farm,--,,Spain,23.0,construction,,,Verbund AG,40.1072,-3.6911,approximate,Castilla-La Mancha,L100001005359,G100001006387,GEM Global Solar Power Tracker Feb-2026
La Colorada III solar farm,--,,Spain,33.8,pre-construction,,,,36.742,-5.8142,approximate,Andalucía,L100001062014,G100001071135,GEM Global Solar Power Tracker Feb-2026
La Concepcion solar farm,--,,Spain,49.5,pre-construction,,Matrix Renewables,Matrix Renewables [100%],37.4519,-4.1546,approximate,Andalucía,L100000824637,G100000827834,GEM Global Solar Power Tracker Feb-2026
La Condesa solar farm,--,,Spain,89.1,shelved - inferred 2 y,,Ener Delta,,41.3473,-0.7809,approximate,Aragón,L100000824638,G100000827835,GEM Global Solar Power Tracker Feb-2026
La Corchuela solar farm,--,,Spain,22.6,operating,,,,38.8273,-7.0179,exact,Extremadura,L100001007685,G100001008911,GEM Global Solar Power Tracker Feb-2026
La Custodia solar farm,--,,Spain,50.0,pre-construction,,,Gastroselector Market SL [100%],41.7783,-1.2102,approximate,Aragón,L100001000645,G100001000967,GEM Global Solar Power Tracker Feb-2026
La Dehesa CSP solar farm,--,,Spain,49.9,operating,2011.0,,Renovables SAMCA [100%],38.9507,-6.4683,exact,Extremadura,L100000824639,G100000827836,GEM Global Solar Power Tracker Feb-2026
La Dehesica Hybrid solar farm,--,,Spain,28.0,pre-construction,,,,39.1486,-2.1985,approximate,Castilla-La Mancha,L100001064030,G100001073632,GEM Global Solar Power Tracker Feb-2026
La Enjarada solar farm,--,,Spain,122.0,shelved - inferred 2 y,,,,38.791,-5.6362,approximate,Extremadura,L100000824640,G100000827837,GEM Global Solar Power Tracker Feb-2026
La Espiga solar farm,--,,Spain,42.6,pre-construction,,,32 Instalación Solar Mazarrón SL [100%],40.1369,-3.6311,approximate,Comunidad de Madrid,L100001003860,G100001004440,GEM Global Solar Power Tracker Feb-2026
La Fenera solar farm,--,,Spain,50.0,pre-construction,,Planta Fotovoltaica La Fenera,AXPO Solar Iberia [100%],42.525,-5.7643,approximate,Castilla y León,L100001004516,G100001005289,GEM Global Solar Power Tracker Feb-2026
La Fernandina solar farm,1,La Ferdina,Spain,45.0,operating,2019.0,Opdenergy,Opdenergy SA [100%],38.884,-6.341,exact,Extremadura,L100000805915,G100000806804,GEM Global Solar Power Tracker Feb-2026
La Flamenca solar project,--,,Spain,12.8,operating,2017.0,,,37.2802,-7.2588,exact,Andalucía,L100001009185,G100001010555,GEM Global Solar Power Tracker Feb-2026
La Florida CSP solar farm,--,La Florida Badajoz,Spain,49.9,operating,2010.0,,Renovables SAMCA [100%],38.8158,-6.8375,exact,Extremadura,L100000824641,G100000827838,GEM Global Solar Power Tracker Feb-2026
La Flota solar farm,1-2,,Spain,89.4,construction,,Maristella Directorship,X-Elio [100%],38.1689,-1.1312,approximate,Región de Murcia,L100000824642,G100000827839,GEM Global Solar Power Tracker Feb-2026
La Fortesa solar farm,--,,Spain,25.0,pre-construction,,,Energías Renovables de Gladiateur 21 SL [100%],41.75,1.5507,approximate,Cataluña,L100001000896,G100001001257,GEM Global Solar Power Tracker Feb-2026
La Guardia solar farm,--,,Spain,40.0,pre-construction,,Planta Solar Opde 33,Opdenergy SA [100%],41.4601,-5.407,approximate,Castilla y León,L100001004581,G100001005378,GEM Global Solar Power Tracker Feb-2026
La Guita solar farm,--,Arcos La Guita,Spain,46.6,operating,2022.0,Renewables Infrastructure Group LTD (TRIG),Renewables Infrastructure Group LTD (TRIG) [100%],36.6061,-5.7988,approximate,Andalucía,L100000824643,G100000827840,GEM Global Solar Power Tracker Feb-2026
La Herrada solar farm,--,,Spain,47.1,pre-construction,,,,38.7864,-1.3283,exact,Castilla-La Mancha,L100001061863,G100001070950,GEM Global Solar Power Tracker Feb-2026
La Herrera 160 solar project,--,,Spain,12.2,operating,2017.0,,,38.9567,-2.1039,exact,Castilla-La Mancha,L100001009100,G100001010470,GEM Global Solar Power Tracker Feb-2026
La Isla solar farm,--,,Spain,157.5,operating,,,White Summit Capital; Ardian France SA,37.243,-5.8741,exact,Andalucía,L100000824644,G100000827841,GEM Global Solar Power Tracker Feb-2026
La Janda solar project I,--,,Spain,1.4,operating,2023.0,,,36.3062,-5.8615,exact,Andalucía,L100001052988,G100001060782,GEM Global Solar Power Tracker Feb-2026
La Janda solar project II,--,,Spain,10.0,operating,2023.0,,,36.351,-5.8605,exact,Andalucía,L100001053460,G100001061254,GEM Global Solar Power Tracker Feb-2026
La Labranza solar farm,3,,Spain,60.0,pre-construction,,Wild Sun,,39.6111,-2.7904,approximate,Castilla-La Mancha,L100000824645,G100000827842,GEM Global Solar Power Tracker Feb-2026
La Ladera solar farm,--,,Spain,7.0,shelved,,Trébol Desarrollos Fotovoltaicos España,Viridi RE [100%],40.2507,-4.1967,approximate,Castilla-La Mancha,L100000824646,G100000827843,GEM Global Solar Power Tracker Feb-2026
La Llanada solar farm,--,,Spain,39.0,pre-construction,,,Planta Fotovoltaica La Llanada SL [100%],42.6111,-5.7929,approximate,Castilla y León,L100001003705,G100001004216,GEM Global Solar Power Tracker Feb-2026
La Lora solar farm,1/2,,Spain,95.6,pre-construction,,,Cobra Group,42.4831,-3.8301,approximate,Castilla y León,L100001005611,G100001006724,GEM Global Solar Power Tracker Feb-2026
La Lora solar farm,3/4,,Spain,95.6,pre-construction,,,Cobra Group,42.4831,-3.8301,approximate,Castilla y León,L100001005611,G100001006725,GEM Global Solar Power Tracker Feb-2026
La Luz solar farm,1,,Spain,49.9,operating,2024.0,,Alter Enersun SA [100%],37.323,-6.8988,exact,Andalucía,L100001003750,G100001004293,GEM Global Solar Power Tracker Feb-2026
La Luz solar farm,2,,Spain,49.9,operating,2024.0,,Alter Enersun SA [100%],37.323,-6.8988,exact,Andalucía,L100001003750,G100001004294,GEM Global Solar Power Tracker Feb-2026
La Luz solar farm,3,,Spain,22.5,operating,2024.0,,Alter Enersun SA [100%],37.323,-6.8988,exact,Andalucía,L100001003750,G100001004295,GEM Global Solar Power Tracker Feb-2026
La Luz solar farm,4,,Spain,22.5,mothballed,2024.0,,Alter Enersun SA [100%],37.323,-6.8988,exact,Andalucía,L100001003750,G100001004296,GEM Global Solar Power Tracker Feb-2026
La Luz solar farm,5,,Spain,22.5,mothballed,,,Alter Enersun SA [100%],37.323,-6.8988,exact,Andalucía,L100001003750,G100001004297,GEM Global Solar Power Tracker Feb-2026
La Luz solar farm,6,,Spain,22.5,mothballed,,,Alter Enersun SA [100%],37.323,-6.8988,exact,Andalucía,L100001003750,G100001004298,GEM Global Solar Power Tracker Feb-2026
La Luz solar farm,7,,Spain,21.1,mothballed,,,Alter Enersun SA [100%],37.323,-6.8988,exact,Andalucía,L100001003750,G100001004299,GEM Global Solar Power Tracker Feb-2026
La Luz solar farm,8,,Spain,9.9,mothballed,,,Alter Enersun SA [100%],37.323,-6.8988,exact,Andalucía,L100001003750,G100001004300,GEM Global Solar Power Tracker Feb-2026
La Magascona solar farm,1,,Spain,23.0,operating,2007.0,Elecnor Group,FSL Solar [100%],39.4329,-5.9353,exact,Extremadura,L100000805770,G100000806639,GEM Global Solar Power Tracker Feb-2026
La Majada solar farm,--,,Spain,214.0,pre-construction,,Benbros Solar,,38.791,-5.6362,approximate,Extremadura,L100000824647,G100000827844,GEM Global Solar Power Tracker Feb-2026
La Montsona solar farm,1,,Spain,49.9,pre-construction,,,Energías Renovables de Onuris SL [100%],41.3729,0.5536,approximate,Cataluña,L100001000853,G100001001210,GEM Global Solar Power Tracker Feb-2026
La Mota solar farm,--,,Spain,100.8,pre-construction,,,,41.3083,-5.0335,approximate,Castilla y León,L100001061702,G100001070742,GEM Global Solar Power Tracker Feb-2026
La Muela I solar farm,--,,Spain,40.9,pre-construction,,Iberdrola Renovables Castilla-La Mancha,Iberdrola SA [100%],39.4763,-2.1699,approximate,Castilla-La Mancha,L100001003974,G100001004614,GEM Global Solar Power Tracker Feb-2026
La Muñeca solar farm,--,,Spain,43.0,pre-construction,,,,41.9522,-4.7648,approximate,Castilla y León,L100001063702,G100001073226,GEM Global Solar Power Tracker Feb-2026
La Nava solar farm,1,,Spain,48.0,operating,2019.0,Naturgy Energy Group,Naturgy Energy Group SA [100%],38.6766,-4.1907,exact,Castilla-La Mancha,L100000805907,G100000806796,GEM Global Solar Power Tracker Feb-2026
La Navica Hybrid solar farm,--,,Spain,26.4,pre-construction,,,,39.1486,-2.1985,approximate,Castilla-La Mancha,L100001064031,G100001073633,GEM Global Solar Power Tracker Feb-2026
La Oliva (Capital Energy) solar farm,--,,Spain,50.0,pre-construction,,,Capital Energy,39.8753,-3.7328,approximate,Castilla-La Mancha,L100001005467,G100001006506,GEM Global Solar Power Tracker Feb-2026
La Olmeda solar project,--,,Spain,9.0,operating,2017.0,,,41.2067,-4.8373,exact,Castilla y León,L100001009276,G100001010646,GEM Global Solar Power Tracker Feb-2026
La Pedrera (Cataluña) solar farm,--,,Spain,24.0,pre-construction,,,,41.4736,1.821,approximate,Cataluña,L100001062294,G100001071544,GEM Global Solar Power Tracker Feb-2026
La Pedrera NA solar project,--,,Spain,5.5,operating,2010.0,,,42.433,-1.652,exact,Comunidad Foral de Navarra,L100001009227,G100001010597,GEM Global Solar Power Tracker Feb-2026
La Pedrera solar farm,--,Unielectrica La Pedrera Solar PV Park,Spain,50.0,cancelled - inferred 4 y,,,,37.9705,-1.5626,approximate,Región de Murcia,L100001007692,G100001008965,GEM Global Solar Power Tracker Feb-2026
La Pinilla solar farm,--,"CSF La Pinilla Solar, Pinilla Nexus",Spain,48.8,operating,2021.0,,China Three Gorges CORP (CTG) [100%],37.7214,-1.1724,approximate,Región de Murcia,L100000824648,G100000827845,GEM Global Solar Power Tracker Feb-2026
La Pradera solar farm,--,,Spain,195.9,pre-construction,,Naturgy Renovables,Naturgy Energy Group SA [100%],42.7229,-5.6367,approximate,Castilla y León,L100000824649,G100000827846,GEM Global Solar Power Tracker Feb-2026
La Puebla 3 solar farm,--,,Spain,150.0,pre-construction,,,,37.5428,-7.1152,approximate,Andalucía,L100001063768,G100001073305,GEM Global Solar Power Tracker Feb-2026
La Puebla 4 solar farm,--,,Spain,59.0,pre-construction,,,,37.5442,-7.1146,approximate,Andalucía,L100001063771,G100001073309,GEM Global Solar Power Tracker Feb-2026
La Puente de Piedra solar project,--,,Spain,11.2,operating,2008.0,,,41.4369,-2.5,exact,Castilla y León,L100001009251,G100001010621,GEM Global Solar Power Tracker Feb-2026
La Quintana solar project,--,,Spain,12.2,operating,2017.0,,,37.7179,-4.8893,exact,Andalucía,L100001009164,G100001010534,GEM Global Solar Power Tracker Feb-2026
La Rambla solar farm,--,,Spain,89.1,pre-construction,,Green Capital Power,Capital Energy [100%],37.054,-2.2075,approximate,Andalucía,L100000824650,G100000827847,GEM Global Solar Power Tracker Feb-2026
La Rambla solar project,--,,Spain,12.7,operating,2017.0,,,37.6052,-4.7676,exact,Andalucía,L100001009165,G100001010535,GEM Global Solar Power Tracker Feb-2026
La Raposa solar farm,--,,Spain,36.3,pre-construction,,Carpe Desarrollos,Carpe Desarrollos SLU [100%],42.2525,-6.0332,approximate,Castilla y León,L100001004595,G100001005392,GEM Global Solar Power Tracker Feb-2026
La Revuelta solar farm,--,,Spain,107.7,pre-construction,,Enel Green Power España,Enel SpA,39.0545,-3.3618,approximate,Castilla-La Mancha,L100000824651,G100000827848,GEM Global Solar Power Tracker Feb-2026
La Rinconada (Matrix) solar farm,--,,Spain,50.0,announced,,,Matrix Renewables,37.4871,-5.9807,approximate,Andalucía,L100001007578,G100001008747,GEM Global Solar Power Tracker Feb-2026
La Risca - Alvarado 1 CSP solar farm,--,,Spain,50.0,operating,2009.0,Acciona,Acciona SA [100%],38.827,-6.826,exact,Extremadura,L100000824652,G100000827849,GEM Global Solar Power Tracker Feb-2026
La Robla solar farm,--,,Spain,480.0,pre-construction,,,Enagás Renovable; Naturgy Energy Group SA,42.799,-5.6248,approximate,Castilla y León,L100000824653,G100000827850,GEM Global Solar Power Tracker Feb-2026
La Robla solar project,--,,Spain,18.9,operating,2017.0,,,42.6955,-5.5866,exact,Castilla y León,L100001009193,G100001010563,GEM Global Solar Power Tracker Feb-2026
La Roca solar farm,--,,Spain,177.5,pre-construction,,Fisterra Energy,,38.791,-5.6362,approximate,Extremadura,L100000824654,G100000827851,GEM Global Solar Power Tracker Feb-2026
La Roda solar farm,--,,Spain,150.5,shelved - inferred 2 y,,Aquila Capital,,37.6087,-4.6016,approximate,Andalucía,L100000824655,G100000827852,GEM Global Solar Power Tracker Feb-2026
La Sagra (Q Energy) solar farm,1,,Spain,195.0,pre-construction,,Nun Sun Power,Q Energy [100%],39.9773,-4.0351,approximate,Castilla-La Mancha,L100000824845,G100000828082,GEM Global Solar Power Tracker Feb-2026
La Selva solar project I,--,,Spain,6.0,operating,2017.0,,,41.833,2.7013,exact,Cataluña,L100001009434,G100001010804,GEM Global Solar Power Tracker Feb-2026
La Selva solar project II,--,,Spain,5.1,operating,2017.0,,,41.7434,2.6107,exact,Cataluña,L100001010371,G100001011741,GEM Global Solar Power Tracker Feb-2026
La Selva solar project III,--,,Spain,1.4,operating,2017.0,,,41.7444,2.6577,exact,Cataluña,L100001053014,G100001060808,GEM Global Solar Power Tracker Feb-2026
La Selva solar project IV,--,,Spain,1.0,operating,2020.0,,,42.0198,2.593,exact,Cataluña,L100001053226,G100001061020,GEM Global Solar Power Tracker Feb-2026
La Serna solar farm,--,,Spain,49.9,pre-construction,,Naturgy Renovables,Naturgy Energy Group SA [100%],42.6921,-5.6463,approximate,Castilla y León,L100000824656,G100000827853,GEM Global Solar Power Tracker Feb-2026
La Serranía solar project,--,,Spain,2.5,operating,2023.0,,,39.6895,-0.8649,exact,Comunidad Valenciana,L100001053203,G100001060997,GEM Global Solar Power Tracker Feb-2026
La Serranía solar project I,--,,Spain,3.4,operating,2017.0,,,39.8349,-1.0954,exact,Comunidad Valenciana,L100001009297,G100001010667,GEM Global Solar Power Tracker Feb-2026
La Serranía solar project II,--,,Spain,4.3,operating,2017.0,,,39.8037,-0.6743,exact,Comunidad Valenciana,L100001009414,G100001010784,GEM Global Solar Power Tracker Feb-2026
La Solana (Bruc Energy) solar farm,--,,Spain,220.0,pre-construction,,Bruc Iberia Energy Investment Partners,Bruc Iberia Energy Investment Partners [100%],38.9839,-3.9315,approximate,Castilla-La Mancha,L100000824657,G100000827854,GEM Global Solar Power Tracker Feb-2026
La Solana 2 solar farm,--,,Spain,30.0,pre-construction,,,Ingeniera y Planificación Sostenible,38.7111,-4.1757,approximate,Castilla-La Mancha,L100001005355,G100001006384,GEM Global Solar Power Tracker Feb-2026
La Solana CR solar project,--,,Spain,14.0,operating,2023.0,,,38.9244,-3.2562,exact,Castilla-La Mancha,L100001009155,G100001010525,GEM Global Solar Power Tracker Feb-2026
La Solana solar farm,--,,Spain,17.5,operating,2022.0,,Capital Energy [100%],40.0179,-6.0874,approximate,Extremadura,L100000824658,G100000827855,GEM Global Solar Power Tracker Feb-2026
La Solanilla solar farm,1,,Spain,50.0,operating,2020.0,Fotowatio Renewable Ventures (FRV),Abdul Latif Jameel Energy and Environmental Services [100%],39.431,-5.9253,exact,Extremadura,L100000805835,G100000806714,GEM Global Solar Power Tracker Feb-2026
La Sotonera Hoya De Huesca / Plana De Uesca solar project I,--,,Spain,16.7,operating,2023.0,,,42.2121,-0.5608,exact,Aragón,L100001010325,G100001011695,GEM Global Solar Power Tracker Feb-2026
La Tercia solar farm,--,,Spain,30.0,pre-construction,,,,37.8276,-1.2014,exact,Región de Murcia,L100001063103,G100001072479,GEM Global Solar Power Tracker Feb-2026
La Torre 40 solar farm,--,,Spain,42.0,operating,2022.0,Plant Photovoltaica la Torre 40,,37.7813,-3.7876,approximate,Andalucía,L100000824659,G100000827856,GEM Global Solar Power Tracker Feb-2026
La Vaguada solar farm,--,,Spain,88.2,pre-construction,,Lirio Desarrollos España,Viridi RE [100%],40.1158,-3.9133,approximate,Castilla-La Mancha,L100000824660,G100000827857,GEM Global Solar Power Tracker Feb-2026
La Vega (Capital Energy) solar farm,--,,Spain,109.3,pre-construction,,,Capital Energy [100%],40.257,-3.7801,approximate,Comunidad de Madrid,L100000824661,G100000827858,GEM Global Solar Power Tracker Feb-2026
La Vega solar farm,1,,Spain,50.0,operating,2020.0,Enel Green Power España,Endesa SA [100%],36.9898,-4.913,approximate,Andalucía,L100000805794,G100000806668,GEM Global Solar Power Tracker Feb-2026
La Vega solar farm,2,,Spain,36.0,operating,2020.0,Enel Green Power España,Endesa SA [100%],36.9898,-4.913,approximate,Andalucía,L100000805794,G100000806669,GEM Global Solar Power Tracker Feb-2026
La Verilleja solar farm,1,Badajoz I,Spain,26.0,operating,2010.0,Fotones,SolEs Badajoz GmbH [100%],38.7247,-5.5138,exact,Extremadura,L100000805829,G100000806708,GEM Global Solar Power Tracker Feb-2026
Laguna solar farm (Spain),--,,Spain,88.4,pre-construction,,Nara Solar,,38.791,-5.6362,approximate,Extremadura,L100000824662,G100000827859,GEM Global Solar Power Tracker Feb-2026
Laminoria solar farm,--,,Spain,30.0,pre-construction,,,Aixeindar SA [100%],42.725,-2.464,approximate,País Vasco,L100001000554,G100001000858,GEM Global Solar Power Tracker Feb-2026
Lamos solar farm,--,,Spain,32.7,pre-construction,,Energía Inagotable de Lamos,Forestalia SL [100%],41.7255,-0.0039,approximate,Aragón,L100000824663,G100000827860,GEM Global Solar Power Tracker Feb-2026
Larral solar farm,--,Larral-Peñaza,Spain,40.0,construction,,Planta Solar OPDE 8,Opdenergy SA [100%],41.617,-1.0282,approximate,Aragón,L100000824664,G100000827861,GEM Global Solar Power Tracker Feb-2026
Las Andrevas I-II solar project,--,,Spain,9.8,operating,2022.0,,,39.541,2.756,exact,Islas Baleares,L100001009130,G100001010500,GEM Global Solar Power Tracker Feb-2026
Las Arenas solar farm,--,,Spain,51.0,pre-construction,,Enerfin Renovables,,37.6087,-4.6016,approximate,Andalucía,L100000824665,G100000827862,GEM Global Solar Power Tracker Feb-2026
Las Azubías solar farm,--,,Spain,45.0,pre-construction,,Molinos del Moncayo,Ignis Energía SL [100%],41.7536,-1.4292,approximate,Aragón,L100001004144,G100001004814,GEM Global Solar Power Tracker Feb-2026
Las Brozas solar farm,--,,Spain,100.0,pre-construction,,Benbros Solar,,38.791,-5.6362,approximate,Extremadura,L100000824666,G100000827863,GEM Global Solar Power Tracker Feb-2026
Las Cabezas de San Juan solar project,--,,Spain,9.4,operating,2017.0,,,37.0696,-6.0326,exact,Andalucía,L100001009248,G100001010618,GEM Global Solar Power Tracker Feb-2026
Las Campaneras solar farm,--,,Spain,42.5,pre-construction,,Planta Solar OPDE 26,Opdenergy SA [100%],41.2581,-4.6868,approximate,Castilla y León,L100001004041,G100001004698,GEM Global Solar Power Tracker Feb-2026
Las Capillas solar farm,--,,Spain,40.0,pre-construction,,Energías Renovables de Ormonde 34,Forestalia SL [100%],41.5506,-5.7899,approximate,Castilla y León,L100001004578,G100001005375,GEM Global Solar Power Tracker Feb-2026
Las Casas solar farm,--,,Spain,135.0,pre-construction,,Global Solar Energy Diez SLU,,39.6111,-2.7904,approximate,Castilla-La Mancha,L100000824667,G100000827864,GEM Global Solar Power Tracker Feb-2026
Las Corchas solar farm,1,,Spain,50.0,operating,2020.0,Enel Green Power España,Endesa SA [100%],37.4743,-5.7034,approximate,Andalucía,L100000805795,G100000806670,GEM Global Solar Power Tracker Feb-2026
Las Coronas solar farm,--,,Spain,41.9,pre-construction,,Planta Solar OPDE 31,Opdenergy SA [100%],41.5891,-5.1082,approximate,Castilla y León,L100000824668,G100000827865,GEM Global Solar Power Tracker Feb-2026
Las Ermitas solar farm,--,,Spain,254.1,shelved - inferred 2 y,,,,41.3473,-0.7809,approximate,Aragón,L100000824669,G100000827866,GEM Global Solar Power Tracker Feb-2026
Las Fuesas solar farm,--,,Spain,50.0,pre-construction,,,Duplexia Experts SL [100%],41.7748,-1.2404,approximate,Aragón,L100001000644,G100001000965,GEM Global Solar Power Tracker Feb-2026
Las Gabias N solar project,--,,Spain,18.2,operating,2023.0,,,37.1436,-3.7153,exact,Andalucía,L100001009178,G100001010548,GEM Global Solar Power Tracker Feb-2026
Las Gabias S solar project,--,,Spain,18.0,operating,2008.0,,,37.129,-3.712,exact,Andalucía,L100001009179,G100001010549,GEM Global Solar Power Tracker Feb-2026
Las Jaras solar farm,--,,Spain,59.0,operating,2023.0,Naturgy Renovables,Naturgy Energy Group SA [100%],38.719,-6.8169,approximate,Extremadura,L100000824670,G100000827867,GEM Global Solar Power Tracker Feb-2026
Las Majas VII D solar farm,--,,Spain,24.2,pre-construction,,,,41.129,-0.9322,approximate,Aragón,L100001061697,G100001070737,GEM Global Solar Power Tracker Feb-2026
Las Manzaneras solar farm,--,,Spain,34.8,pre-construction,,Novagavia Business,Alpiq Energía España SAU [100%],42.7579,-4.8369,approximate,Castilla y León,L100001004585,G100001005382,GEM Global Solar Power Tracker Feb-2026
Las Mulas solar farm,--,,Spain,20.0,pre-construction,,Energías Renovables de Ormonde 37,Forestalia SL [100%],41.5772,-5.7363,approximate,Castilla y León,L100001004579,G100001005376,GEM Global Solar Power Tracker Feb-2026
Las Naranjillas solar farm,1,,Spain,50.0,operating,2021.0,GRS,Amarenco [100%],37.425,-5.793,exact,Andalucía,L100000805850,G100000806732,GEM Global Solar Power Tracker Feb-2026
Las Navas solar farm,--,,Spain,100.0,pre-construction,,,,39.6111,-2.7904,approximate,Castilla-La Mancha,L100000824671,G100000827868,GEM Global Solar Power Tracker Feb-2026
Las Pastorizas solar farm,--,,Spain,250.0,pre-construction,,Benbros Solar,,37.6087,-4.6016,approximate,Andalucía,L100000824672,G100000827869,GEM Global Solar Power Tracker Feb-2026
Las Quinientas solar farm,--,,Spain,110.0,operating,2021.0,Bruc Iberia Energy Investment Partners,Bruc Iberia Energy Investment Partners [100%],36.6123,-6.1122,exact,Andalucía,L100000824673,G100000827870,GEM Global Solar Power Tracker Feb-2026
Las Rozas solar farm,--,,Spain,31.5,pre-construction,,,,37.6217,-5.6716,approximate,Andalucía,L100001063416,G100001072864,GEM Global Solar Power Tracker Feb-2026
Las Salinas solar farm,--,,Spain,29.8,shelved,,,Solar de la Contraviesa 6 SL,37.0685,-3.819,approximate,Andalucía,L100001007693,G100001008966,GEM Global Solar Power Tracker Feb-2026
Las Sisoneras solar farm,Las Sisoneras 1,,Spain,38.5,pre-construction,,,RIC Energy,38.659,-4.2934,approximate,Castilla-La Mancha,L100001005371,G100001006401,GEM Global Solar Power Tracker Feb-2026
Las Sisoneras solar farm,Las Sisoneras 2,,Spain,38.5,pre-construction,,,RIC Energy,38.659,-4.2934,approximate,Castilla-La Mancha,L100001005371,G100001006400,GEM Global Solar Power Tracker Feb-2026
Las Tadeas solar farm,--,,Spain,46.1,pre-construction,,,,42.159,-4.6918,approximate,Castilla y León,L100001063860,G100001073414,GEM Global Solar Power Tracker Feb-2026
Las Vaguadas I solar farm,--,,Spain,10.0,operating,2023.0,Las Vaguadas I Fotovoltaica,RWE AG [100%],38.8541,-6.9609,approximate,Extremadura,L100000824674,G100000827871,GEM Global Solar Power Tracker Feb-2026
Lasesa solar project,--,,Spain,9.0,operating,2010.0,,,41.856,-0.061,exact,Aragón,L100001009186,G100001010556,GEM Global Solar Power Tracker Feb-2026
Lastras del Pozo solar farm,--,,Spain,35.0,pre-construction,,,,40.8802,-4.3444,approximate,Castilla y León,L100001062214,G100001071437,GEM Global Solar Power Tracker Feb-2026
Lebrija 1 CSP solar farm,--,Soleval,Spain,50.0,operating,2011.0,Solel Renovables,Valoriza Energia SPE Ltda [50%]; Solel Renovables SL [50%],37.0058,-6.049,exact,Andalucía,L100000824675,G100000827872,GEM Global Solar Power Tracker Feb-2026
"Ledanía De Castrillo De La Reina, Hacinas Y Salas De Los Infantes solar project",--,,Spain,1.9,operating,2018.0,,,42.0106,-3.2899,exact,Castilla y León,L100001052980,G100001060774,GEM Global Solar Power Tracker Feb-2026
Leon (Euder Energy) solar farm,1,,Spain,50.0,announced,,Euder Energy,Euder Energy SL [100%],42.604,-5.5704,approximate,Castilla y León,L100000824676,G100000827873,GEM Global Solar Power Tracker Feb-2026
Leon (Euder Energy) solar farm,2,,Spain,50.0,announced,,Euder Energy,Euder Energy SL [100%],42.604,-5.5704,approximate,Castilla y León,L100000824676,G100000827874,GEM Global Solar Power Tracker Feb-2026
Leon (Euder Energy) solar farm,3,,Spain,50.0,announced,,Euder Energy,Euder Energy SL [100%],42.604,-5.5704,approximate,Castilla y León,L100000824676,G100000827875,GEM Global Solar Power Tracker Feb-2026
Lepe solar farm,1,Ence Lepe,Spain,40.0,pre-construction,,Ence Energía y Celulosa,Ence Energía y Celulosa SA [100%],37.3104,-7.2522,approximate,Andalucía,L100000805852,G100000806734,GEM Global Solar Power Tracker Feb-2026
Les Alzineres solar farm,--,,Spain,40.0,pre-construction,,,Energies Renovables Terra Ferma SL [100%],42.1394,1.0232,approximate,Cataluña,L100001000854,G100001001211,GEM Global Solar Power Tracker Feb-2026
Les Canaletes solar farm,--,,Spain,30.0,pre-construction,,,Bellingen Invest SL [100%],41.6514,1.0867,approximate,Cataluña,L100001000928,G100001001295,GEM Global Solar Power Tracker Feb-2026
Les Clotes solar farm,--,,Spain,25.0,pre-construction,,,Energias Renovables De Gladiateur 26 SL [100%],41.3066,1.3451,approximate,Cataluña,L100001000934,G100001001300,GEM Global Solar Power Tracker Feb-2026
Liana solar farm,--,,Spain,191.4,shelved - inferred 2 y,,Ardermer Itg,,41.3473,-0.7809,approximate,Aragón,L100000824677,G100000827876,GEM Global Solar Power Tracker Feb-2026
Libienergy Aragonesa solar farm,--,,Spain,37.5,pre-construction,,Libienergy Energías,Libienergy Energías SL [100%],41.5325,0.3532,approximate,Aragón,L100000824678,G100000827877,GEM Global Solar Power Tracker Feb-2026
Libienergy Peñalba 2 solar farm,--,,Spain,45.6,pre-construction,,,,41.5175,0.3385,approximate,Aragón,L100001062136,G100001071329,GEM Global Solar Power Tracker Feb-2026
Limonero solar farm,--,,Spain,124.9,pre-construction,2026.0,,Ignis Energía SL [100%],39.4874,-1.1027,approximate,Comunidad Valenciana,L100000824679,G100000827878,GEM Global Solar Power Tracker Feb-2026
Linares solar farm (Spain),--,,Spain,168.0,pre-construction,,Greening Group,,37.6087,-4.6016,approximate,Andalucía,L100000824680,G100000827879,GEM Global Solar Power Tracker Feb-2026
Linares solar project,--,,Spain,8.3,operating,2023.0,,,38.0915,-3.7057,exact,Andalucía,L100001009754,G100001011124,GEM Global Solar Power Tracker Feb-2026
Line solar farm,1,,Spain,51.7,pre-construction,,,Global Pracima,41.9657,-4.9779,approximate,Castilla y León,L100001005626,G100001006746,GEM Global Solar Power Tracker Feb-2026
Lirios solar farm,--,,Spain,87.1,construction,,Solar Castuera,Encavis AG [100%],37.3671,-6.3876,approximate,Andalucía,L100001004511,G100001005283,GEM Global Solar Power Tracker Feb-2026
Lizandra solar farm,--,,Spain,85.7,shelved - inferred 2 y,,Ardermer Itg,,41.3473,-0.7809,approximate,Aragón,L100000824681,G100000827880,GEM Global Solar Power Tracker Feb-2026
Llanero Palero 2 solar farm,--,,Spain,35.0,pre-construction,,,Avintia Energía,38.8725,-1.1002,approximate,Castilla-La Mancha,L100001007601,G100001008781,GEM Global Solar Power Tracker Feb-2026
Llano Palero solar farm,2,,Spain,35.0,pre-construction,,,Pale Directorship SL [100%],38.9582,-1.0743,approximate,Comunidad Valenciana,L100001005060,G100001005975,GEM Global Solar Power Tracker Feb-2026
Llanos De Olivenza solar project I,--,,Spain,1.9,operating,2017.0,,,38.6966,-7.1256,exact,Extremadura,L100001009435,G100001010805,GEM Global Solar Power Tracker Feb-2026
Llanos De Olivenza solar project II,--,,Spain,2.9,operating,2017.0,,,38.7055,-7.2126,exact,Extremadura,L100001009552,G100001010922,GEM Global Solar Power Tracker Feb-2026
Llanos De Olivenza solar project IV,--,,Spain,7.6,operating,2020.0,,,38.706,-7.1278,exact,Extremadura,L100001010061,G100001011431,GEM Global Solar Power Tracker Feb-2026
Llanos De Olivenza solar project IX,--,,Spain,10.0,operating,2023.0,,,38.5241,-6.8683,exact,Extremadura,L100001010556,G100001011926,GEM Global Solar Power Tracker Feb-2026
Llanos De Olivenza solar project V,--,,Spain,15.5,operating,2023.0,,,38.4848,-7.0345,exact,Extremadura,L100001010104,G100001011474,GEM Global Solar Power Tracker Feb-2026
Llanos De Olivenza solar project VII,--,,Spain,3.2,operating,2017.0,,,38.6056,-6.8116,exact,Extremadura,L100001010110,G100001011480,GEM Global Solar Power Tracker Feb-2026
Llanos De Olivenza solar project VIII,--,,Spain,16.9,operating,2023.0,,,38.703,-7.0798,exact,Extremadura,L100001010467,G100001011837,GEM Global Solar Power Tracker Feb-2026
Llanos De Olivenza solar project X,--,,Spain,1.9,operating,2024.0,,,38.5153,-7.2666,exact,Extremadura,L100001053020,G100001060814,GEM Global Solar Power Tracker Feb-2026
Llanos De Olivenza solar project XI,--,,Spain,2.5,operating,2023.0,,,38.7294,-7.0616,exact,Extremadura,L100001053193,G100001060987,GEM Global Solar Power Tracker Feb-2026
Llanos De Olivenza solar project XII,--,,Spain,3.4,operating,2023.0,,,38.6819,-7.0731,exact,Extremadura,L100001053725,G100001061519,GEM Global Solar Power Tracker Feb-2026
Llanos de Caudillo A solar project,--,,Spain,6.0,operating,2009.0,,,39.106,-3.306,exact,Castilla-La Mancha,L100001009156,G100001010526,GEM Global Solar Power Tracker Feb-2026
Llanos del Este solar farm,--,,Spain,120.9,shelved - inferred 2 y,,Ardermer Itg,,41.3473,-0.7809,approximate,Aragón,L100000824682,G100000827881,GEM Global Solar Power Tracker Feb-2026
Lleida Segrià solar project,--,,Spain,3.8,operating,2023.0,,,41.6355,0.6178,exact,Cataluña,L100001010327,G100001011697,GEM Global Solar Power Tracker Feb-2026
Llerena 1 solar project,--,,Spain,4.8,operating,2008.0,,,38.241,-5.9592,exact,Extremadura,L100001009123,G100001010493,GEM Global Solar Power Tracker Feb-2026
Llevant solar project I,--,,Spain,3.9,operating,2017.0,,,39.5582,3.3526,exact,Islas Baleares,L100001009471,G100001010841,GEM Global Solar Power Tracker Feb-2026
Llevant solar project II,--,,Spain,2.7,operating,2017.0,,,39.6347,3.2038,exact,Islas Baleares,L100001009512,G100001010882,GEM Global Solar Power Tracker Feb-2026
Llevant solar project III,--,,Spain,3.2,operating,2017.0,,,39.5669,3.179,exact,Islas Baleares,L100001009559,G100001010929,GEM Global Solar Power Tracker Feb-2026
Llevant solar project IV,--,,Spain,2.9,operating,2017.0,,,39.664,3.3406,exact,Islas Baleares,L100001009615,G100001010985,GEM Global Solar Power Tracker Feb-2026
Llevant solar project IX,--,,Spain,2.4,operating,2020.0,,,39.5643,3.1899,exact,Islas Baleares,L100001010334,G100001011704,GEM Global Solar Power Tracker Feb-2026
Llevant solar project V,--,,Spain,5.7,operating,2018.0,,,39.6791,3.346,exact,Islas Baleares,L100001009675,G100001011045,GEM Global Solar Power Tracker Feb-2026
Llevant solar project VI,--,,Spain,2.5,operating,2017.0,,,39.5445,3.3085,exact,Islas Baleares,L100001009699,G100001011069,GEM Global Solar Power Tracker Feb-2026
Llevant solar project VII,--,,Spain,3.4,operating,2017.0,,,39.6428,3.4003,exact,Islas Baleares,L100001009743,G100001011113,GEM Global Solar Power Tracker Feb-2026
Llevant solar project VIII,--,,Spain,2.8,operating,2020.0,,,39.5873,3.3691,exact,Islas Baleares,L100001009821,G100001011191,GEM Global Solar Power Tracker Feb-2026
Llevant solar project X,--,,Spain,2.8,operating,2021.0,,,39.5269,3.1853,exact,Islas Baleares,L100001010336,G100001011706,GEM Global Solar Power Tracker Feb-2026
Llevant solar project XI,--,,Spain,2.0,operating,2021.0,,,39.5795,3.1751,exact,Islas Baleares,L100001010337,G100001011707,GEM Global Solar Power Tracker Feb-2026
Llevant solar project XII,--,,Spain,2.2,operating,2022.0,,,39.6969,3.4209,exact,Islas Baleares,L100001010344,G100001011714,GEM Global Solar Power Tracker Feb-2026
Llevant solar project XIII,--,,Spain,5.2,operating,2022.0,,,39.5944,3.3581,exact,Islas Baleares,L100001010567,G100001011937,GEM Global Solar Power Tracker Feb-2026
Llevant solar project XIV,--,,Spain,2.2,operating,2023.0,,,39.592,3.209,exact,Islas Baleares,L100001053039,G100001060833,GEM Global Solar Power Tracker Feb-2026
Llevant solar project XV,--,,Spain,2.2,operating,2023.0,,,39.6181,3.3713,exact,Islas Baleares,L100001053331,G100001061125,GEM Global Solar Power Tracker Feb-2026
Llevant solar project XVI,--,,Spain,1.6,operating,2021.0,,,39.5899,3.3435,exact,Islas Baleares,L100001053395,G100001061189,GEM Global Solar Power Tracker Feb-2026
Llevant solar project XVII,--,,Spain,1.7,operating,2020.0,,,39.7128,3.4441,exact,Islas Baleares,L100001053850,G100001061644,GEM Global Solar Power Tracker Feb-2026
Lluçanès solar project,--,,Spain,3.8,operating,2021.0,,,41.9882,2.0198,exact,Cataluña,L100001052845,G100001060639,GEM Global Solar Power Tracker Feb-2026
Lo Tossal solar farm,--,,Spain,25.0,pre-construction,,,Energies Renovables Terra Ferma SL [100%],42.0341,1.0817,approximate,Cataluña,L100001000932,G100001001299,GEM Global Solar Power Tracker Feb-2026
Lobosillo solar project,--,,Spain,14.6,operating,2017.0,,,37.7346,-1.0607,exact,Región de Murcia,L100001009209,G100001010579,GEM Global Solar Power Tracker Feb-2026
Logro solar farm,--,,Spain,47.1,operating,,,,41.2617,-0.1265,approximate,Aragón,L100000824683,G100000827882,GEM Global Solar Power Tracker Feb-2026
Logrosán solar project,--,,Spain,12.9,operating,2017.0,,,39.2929,-5.4865,exact,Extremadura,L100001009139,G100001010509,GEM Global Solar Power Tracker Feb-2026
Loma Gorda Hybrid solar farm,--,,Spain,49.8,pre-construction,,,,40.9937,-1.9302,approximate,Castilla-La Mancha,L100001061867,G100001070954,GEM Global Solar Power Tracker Feb-2026
Lomillas Hybrid solar farm,--,,Spain,39.0,construction,,Tébar Eólica,EDPR Renewable Energy Sources of Greece 1 Sole Proprietorship [100%],39.4691,-2.1709,approximate,Castilla-La Mancha,L100000824684,G100000827883,GEM Global Solar Power Tracker Feb-2026
Lorca Alto Guadalentín solar project I,--,,Spain,2.7,operating,2024.0,,,37.6071,-1.6757,exact,Región de Murcia,L100001009536,G100001010906,GEM Global Solar Power Tracker Feb-2026
Lorca Alto Guadalentín solar project II,--,,Spain,2.4,operating,2017.0,,,37.5334,-1.7412,exact,Región de Murcia,L100001009662,G100001011032,GEM Global Solar Power Tracker Feb-2026
Lorca Alto Guadalentín solar project III,--,,Spain,1.5,operating,2017.0,,,37.9121,-1.8326,exact,Región de Murcia,L100001009833,G100001011203,GEM Global Solar Power Tracker Feb-2026
Lorca Alto Guadalentín solar project IV,--,,Spain,5.5,operating,2024.0,,,37.7683,-1.6979,exact,Región de Murcia,L100001009897,G100001011267,GEM Global Solar Power Tracker Feb-2026
Lorca Alto Guadalentín solar project IX,--,,Spain,16.2,operating,2020.0,,,37.4897,-1.7751,exact,Región de Murcia,L100001010262,G100001011632,GEM Global Solar Power Tracker Feb-2026
Lorca Alto Guadalentín solar project V,--,,Spain,2.4,operating,2017.0,,,37.6652,-1.8841,exact,Región de Murcia,L100001009966,G100001011336,GEM Global Solar Power Tracker Feb-2026
Lorca Alto Guadalentín solar project VI,--,,Spain,5.1,operating,2017.0,,,37.6186,-1.7459,exact,Región de Murcia,L100001009969,G100001011339,GEM Global Solar Power Tracker Feb-2026
Lorca Alto Guadalentín solar project VII,--,,Spain,13.1,operating,2017.0,,,37.7563,-1.7016,exact,Región de Murcia,L100001009993,G100001011363,GEM Global Solar Power Tracker Feb-2026
Lorca Alto Guadalentín solar project VIII,--,,Spain,10.3,operating,2020.0,,,37.48,-1.7807,exact,Región de Murcia,L100001010261,G100001011631,GEM Global Solar Power Tracker Feb-2026
Lorca Alto Guadalentín solar project X,--,,Spain,5.9,operating,2017.0,,,37.6242,-1.626,exact,Región de Murcia,L100001010269,G100001011639,GEM Global Solar Power Tracker Feb-2026
Lorca Alto Guadalentín solar project XI,--,,Spain,2.1,operating,2024.0,,,37.5834,-1.6281,exact,Región de Murcia,L100001052964,G100001060758,GEM Global Solar Power Tracker Feb-2026
Lorca Alto Guadalentín solar project XII,--,,Spain,2.0,operating,2017.0,,,37.7597,-1.7431,exact,Región de Murcia,L100001053082,G100001060876,GEM Global Solar Power Tracker Feb-2026
Lorca Alto Guadalentín solar project XIII,--,,Spain,4.5,operating,2025.0,,,37.8352,-1.687,exact,Región de Murcia,L100001053090,G100001060884,GEM Global Solar Power Tracker Feb-2026
Lorca Alto Guadalentín solar project XIV,--,,Spain,6.8,operating,2023.0,,,37.6264,-1.7536,exact,Región de Murcia,L100001053222,G100001061016,GEM Global Solar Power Tracker Feb-2026
Lorca Alto Guadalentín solar project XIX,--,,Spain,2.3,operating,2020.0,,,37.4769,-1.7725,exact,Región de Murcia,L100001053829,G100001061623,GEM Global Solar Power Tracker Feb-2026
Lorca Alto Guadalentín solar project XV,--,,Spain,9.7,operating,2024.0,,,37.6032,-1.7533,exact,Región de Murcia,L100001053339,G100001061133,GEM Global Solar Power Tracker Feb-2026
Lorca Alto Guadalentín solar project XVI,--,,Spain,9.6,operating,2017.0,,,37.4606,-1.7993,exact,Región de Murcia,L100001053479,G100001061273,GEM Global Solar Power Tracker Feb-2026
Lorca Alto Guadalentín solar project XVII,--,,Spain,3.0,operating,2025.0,,,37.5441,-1.7056,exact,Región de Murcia,L100001053732,G100001061526,GEM Global Solar Power Tracker Feb-2026
Lorca Alto Guadalentín solar project XVIII,--,,Spain,3.0,operating,2024.0,,,37.8212,-1.8125,exact,Región de Murcia,L100001053757,G100001061551,GEM Global Solar Power Tracker Feb-2026
Lorca solar farm,1,,Spain,339.0,construction,2026.0,X-Elio,Evangelische Bank eG [50%]; Brookfield Renewable Partners LP; KKR & Co. Inc,37.671,-1.6973,approximate,Región de Murcia,L100000806033,G100000806944,GEM Global Solar Power Tracker Feb-2026
Los Alcázares solar farm,--,,Spain,28.6,construction,,,,37.7314,-0.8852,exact,Región de Murcia,L100001063123,G100001072504,GEM Global Solar Power Tracker Feb-2026
Los Barros solar farm,--,,Spain,36.3,pre-construction,,Fresno Energias,Fresno Energias SLU [100%],42.2518,-6.0323,approximate,Castilla y León,L100001004601,G100001005398,GEM Global Solar Power Tracker Feb-2026
Los Belos solar farm,1,,Spain,50.0,operating,2020.0,Opdenergy,Opdenergy SA [100%],41.4936,-1.0927,exact,Aragón,L100000805916,G100000806805,GEM Global Solar Power Tracker Feb-2026
Los Corrales solar farm,--,,Spain,250.0,pre-construction,,Naturgy Energy Group,Naturgy Energy Group SA [100%],41.8518,-4.2423,approximate,Castilla y León,L100000824685,G100000827884,GEM Global Solar Power Tracker Feb-2026
Los Escuderos solar farm,PSF AITANA,,Spain,50.0,operating,,Grenergy Renovables,Grenergy Renovables [100%],39.9312,-2.4474,exact,Castilla-La Mancha,L100000805847,G100000806726,GEM Global Solar Power Tracker Feb-2026
Los Escuderos solar farm,PSF ASPE,,Spain,50.0,operating,,Grenergy Renovables,Grenergy Renovables [100%],39.9312,-2.4474,exact,Castilla-La Mancha,L100000805847,G100000806728,GEM Global Solar Power Tracker Feb-2026
Los Escuderos solar farm,PSF BAÑUELA,,Spain,50.0,operating,,Grenergy Renovables,Grenergy Renovables [100%],39.9312,-2.4474,exact,Castilla-La Mancha,L100000805847,G100000806727,GEM Global Solar Power Tracker Feb-2026
Los Escuderos solar farm,PSF TURBÓN,,Spain,50.0,operating,,Grenergy Renovables,Grenergy Renovables [100%],39.9312,-2.4474,exact,Castilla-La Mancha,L100000805847,G100000806729,GEM Global Solar Power Tracker Feb-2026
Los Frailes solar farm,--,Sonnedix Los Frailes,Spain,50.0,operating,2022.0,,Sonnedix [100%],38.7806,-7.0484,exact,Extremadura,L100001005212,G100001006172,GEM Global Solar Power Tracker Feb-2026
Los Gonzalez solar farm,1,Cabrera Gonzalez,Spain,50.0,operating,2020.0,Solarcentury,Encavis AG [100%],37.2507,-5.6827,exact,Andalucía,L100000805959,G100000806860,GEM Global Solar Power Tracker Feb-2026
Los Hierros solar farm,--,,Spain,77.0,pre-construction,,PFV Los Hierros,Statkraft AS [100%],39.3859,-0.7419,exact,Comunidad Valenciana,L100000824686,G100000827885,GEM Global Solar Power Tracker Feb-2026
Los Hormigueros solar farm,--,,Spain,50.1,pre-construction,,,Opdenergy SA,41.5804,-5.0327,approximate,Castilla y León,L100001005654,G100001006785,GEM Global Solar Power Tracker Feb-2026
Los Limonetes solar farm,--,,Spain,49.9,operating,,,,38.7771,-6.8101,exact,Extremadura,L100000824687,G100000827886,GEM Global Solar Power Tracker Feb-2026
Los Lirios solar farm,--,,Spain,48.0,pre-construction,,Iberdrola Renovables Andalucía,Iberdrola Renovables Energia SA [100%],37.2408,-7.3501,approximate,Andalucía,L100001003307,G100001003788,GEM Global Solar Power Tracker Feb-2026
Los Llanos solar farm (Spain),1,,Spain,49.1,operating,2023.0,,DWS Group GmbH & Co KGaA,38.3181,-6.3769,exact,Extremadura,L100000806036,G100000806947,GEM Global Solar Power Tracker Feb-2026
Los Llanos solar farm (Spain),2,,Spain,35.7,operating,2023.0,,DWS Group GmbH & Co KGaA,38.3181,-6.3769,exact,Extremadura,L100000806036,G100000806948,GEM Global Solar Power Tracker Feb-2026
Los Llanos solar farm (Spain),3,,Spain,47.3,operating,2023.0,,DWS Group GmbH & Co KGaA,38.3181,-6.3769,exact,Extremadura,L100000806036,G100000806949,GEM Global Solar Power Tracker Feb-2026
Los Monegros solar project I,--,,Spain,14.1,operating,2017.0,,,41.8016,-0.0828,exact,Aragón,L100001009698,G100001011068,GEM Global Solar Power Tracker Feb-2026
Los Monegros solar project II,--,,Spain,1.8,operating,2017.0,,,41.9766,-0.5183,exact,Aragón,L100001009736,G100001011106,GEM Global Solar Power Tracker Feb-2026
Los Monegros solar project III,--,,Spain,1.8,operating,2017.0,,,41.8464,-0.2641,exact,Aragón,L100001010551,G100001011921,GEM Global Solar Power Tracker Feb-2026
Los Monegros solar project IV,--,,Spain,1.1,operating,2022.0,,,41.9469,-0.451,exact,Aragón,L100001052919,G100001060713,GEM Global Solar Power Tracker Feb-2026
Los Monegros solar project IX,--,,Spain,1.4,operating,2023.0,,,41.8924,-0.2614,exact,Aragón,L100001053579,G100001061373,GEM Global Solar Power Tracker Feb-2026
Los Monegros solar project V,--,,Spain,1.8,operating,2017.0,,,41.9595,-0.5324,exact,Aragón,L100001053004,G100001060798,GEM Global Solar Power Tracker Feb-2026
Los Monegros solar project VI,--,,Spain,1.0,operating,2022.0,,,41.9331,-0.1492,exact,Aragón,L100001053178,G100001060972,GEM Global Solar Power Tracker Feb-2026
Los Monegros solar project VII,--,,Spain,1.1,operating,2021.0,,,41.8698,-0.468,exact,Aragón,L100001053231,G100001061025,GEM Global Solar Power Tracker Feb-2026
Los Monegros solar project VIII,--,,Spain,2.0,operating,2022.0,,,41.8576,-0.3879,exact,Aragón,L100001053529,G100001061323,GEM Global Solar Power Tracker Feb-2026
Los Morrones solar farm,--,,Spain,275.0,pre-construction,,,Iberdrola SA,42.8266,-4.8457,approximate,Andalucía,L100001007602,G100001008782,GEM Global Solar Power Tracker Feb-2026
Los Naranjos solar farm,1,,Spain,50.0,operating,2020.0,Enel Green Power España,Endesa SA [100%],37.4283,-5.8708,approximate,Andalucía,L100000805796,G100000806671,GEM Global Solar Power Tracker Feb-2026
Los Navalmorales solar project,--,,Spain,7.3,operating,2017.0,,,39.7195,-4.6521,exact,Castilla-La Mancha,L100001009262,G100001010632,GEM Global Solar Power Tracker Feb-2026
Los Negrillos solar farm,--,,Spain,79.7,pre-construction,,Voltalia Solar 3,,39.6111,-2.7904,approximate,Castilla-La Mancha,L100000824688,G100000827887,GEM Global Solar Power Tracker Feb-2026
Los Nevados solar farm,--,,Spain,100.0,shelved - inferred 2 y,,AMR 4 Energías Renovables,,39.6111,-2.7904,approximate,Castilla-La Mancha,L100000824689,G100000827888,GEM Global Solar Power Tracker Feb-2026
Los Pastores solar farm,--,,Spain,116.5,pre-construction,,EDPR Renewable Energy Sources of Greece 1 Sole Proprietorship,,39.6111,-2.7904,approximate,Castilla-La Mancha,L100000824690,G100000827889,GEM Global Solar Power Tracker Feb-2026
Los Pedreros solar farm,--,,Spain,45.0,pre-construction,,,,37.7186,-1.1795,approximate,Región de Murcia,L100001064204,G100001073848,GEM Global Solar Power Tracker Feb-2026
Los Pradillos solar farm,--,,Spain,361.4,pre-construction,2026.0,,Prodiel SL,39.3991,-2.735,approximate,Castilla-La Mancha,L100001005540,G100001006605,GEM Global Solar Power Tracker Feb-2026
Los Predios solar farm,--,,Spain,77.0,pre-construction,,PFV Los Predios,Statkraft AS [100%],39.3925,-0.7522,exact,Comunidad Valenciana,L100000824691,G100000827890,GEM Global Solar Power Tracker Feb-2026
Los Quincetos solar farm,--,,Spain,41.9,pre-construction,,Planta Solar OPDE 29,Opdenergy SA [100%],41.6161,-5.147,approximate,Castilla y León,L100000824692,G100000827891,GEM Global Solar Power Tracker Feb-2026
Los Silos solar farm,--,,Spain,50.1,pre-construction,,Planta Solar OPDE 27,Opdenergy SA [100%],41.221,-4.6742,approximate,Castilla y León,L100000824693,G100000827892,GEM Global Solar Power Tracker Feb-2026
Los Verdinales solar project,--,,Spain,15.0,operating,2020.0,,,41.542,-4.631,exact,Castilla y León,L100001009277,G100001010647,GEM Global Solar Power Tracker Feb-2026
Los Vientos I solar farm,--,,Spain,54.6,pre-construction,,,,41.508,-1.0048,approximate,Aragón,L100001061864,G100001070951,GEM Global Solar Power Tracker Feb-2026
Losa del Obispo solar project,--,,Spain,11.3,operating,2017.0,,,39.6869,-0.8508,exact,Comunidad Valenciana,L100001009272,G100001010642,GEM Global Solar Power Tracker Feb-2026
Lucainena de las Torres solar project,--,,Spain,15.3,operating,2008.0,,Tion Renewables,37.015,-2.176,exact,Andalucía,L100001009109,G100001010479,GEM Global Solar Power Tracker Feb-2026
Lucena solar farm,--,,Spain,114.2,shelved - inferred 2 y,,Epila Energía,,41.3473,-0.7809,approximate,Aragón,L100000824694,G100000827893,GEM Global Solar Power Tracker Feb-2026
Lucinala solar farm,--,,Spain,62.4,pre-construction,,,Smartenergy,38.2743,-0.6883,approximate,Comunidad Valenciana,L100001005619,G100001006736,GEM Global Solar Power Tracker Feb-2026
Luciérnaga solar farm,--,,Spain,105.3,pre-construction,,Minerva Power,RIC Energy,40.0681,-4.1077,approximate,Castilla-La Mancha,L100000824695,G100000827894,GEM Global Solar Power Tracker Feb-2026
Lugo solar project,--,,Spain,3.4,operating,2017.0,,,42.9481,-7.6998,exact,Galicia,L100001009882,G100001011252,GEM Global Solar Power Tracker Feb-2026
Lugo solar project I,--,,Spain,2.1,operating,2025.0,,,43.0409,-7.7912,exact,Galicia,L100001052816,G100001060610,GEM Global Solar Power Tracker Feb-2026
Luke solar farm,--,,Spain,84.9,pre-construction,,,Ventaja Solar 22 SL [100%],37.6087,-4.6016,approximate,Andalucía,L100000824696,G100000827895,GEM Global Solar Power Tracker Feb-2026
Luminora solar farm,2,,Spain,196.6,pre-construction,,Luminora Solar Dos,TotalEnergies SE [65%]; Soltec Energias Renovables SL [35%],37.8725,-0.9694,approximate,Región de Murcia,L100000824697,G100000827896,GEM Global Solar Power Tracker Feb-2026
Luminora solar farm,3,,Spain,90.0,pre-construction,,,Soltec Energias Renovables SL,37.8725,-0.9694,approximate,Región de Murcia,L100000824697,G100001006728,GEM Global Solar Power Tracker Feb-2026
Luzentia solar farm,1,,Spain,23.0,operating,2007.0,,Cubico Sustainable Investments [100%],38.4715,-1.4231,approximate,Región de Murcia,L100000806182,G100000807106,GEM Global Solar Power Tracker Feb-2026
LyondellBasell Chemicals solar farm,--,,Spain,149.0,announced,,,LyondellBasell Industries NV,39.1195,-3.5575,approximate,Castilla-La Mancha,L100001005700,G100001006845,GEM Global Solar Power Tracker Feb-2026
MRH1 solar farm,--,,Spain,50.0,pre-construction,,Matrix Renewables,Matrix Renewables [100%],39.5512,-2.755,approximate,Castilla-La Mancha,L100000824747,G100000827955,GEM Global Solar Power Tracker Feb-2026
MRH2 solar farm,--,,Spain,100.0,pre-construction,,Matrix Renewables,Matrix Renewables [100%],41.7494,-4.7398,approximate,Castilla y León,L100000824748,G100000827956,GEM Global Solar Power Tracker Feb-2026
MRH3 solar farm,--,,Spain,150.0,pre-construction,,Matrix Renewables,Matrix Renewables [100%],41.7494,-4.7398,approximate,Castilla y León,L100000824749,G100000827957,GEM Global Solar Power Tracker Feb-2026
MRV solar farm,--,,Spain,55.0,pre-construction,,Matrix Renewables,Matrix Renewables [100%],42.0093,-4.5276,approximate,Castilla y León,L100000824750,G100000827958,GEM Global Solar Power Tracker Feb-2026
Madrid Norte solar farm,--,,Spain,92.0,pre-construction,,Matrix Renewables,Matrix Renewables [100%],39.5512,-2.755,approximate,Castilla-La Mancha,L100000824698,G100000827897,GEM Global Solar Power Tracker Feb-2026
Madrid solar project I,--,,Spain,2.8,operating,2021.0,,,40.3619,-3.7077,exact,Comunidad de Madrid,L100001010209,G100001011579,GEM Global Solar Power Tracker Feb-2026
Madrid solar project II,--,,Spain,10.7,operating,2021.0,,,40.49,-3.5473,exact,Comunidad de Madrid,L100001010365,G100001011735,GEM Global Solar Power Tracker Feb-2026
Madrid solar project III,--,,Spain,1.2,operating,2017.0,,,40.3877,-3.6173,exact,Comunidad de Madrid,L100001052993,G100001060787,GEM Global Solar Power Tracker Feb-2026
Madrid solar project IV,--,,Spain,2.4,operating,2024.0,,,40.3812,-3.82,exact,Comunidad de Madrid,L100001053111,G100001060905,GEM Global Solar Power Tracker Feb-2026
Madrid solar project V,--,,Spain,2.1,operating,2024.0,,,40.4943,-3.6787,exact,Comunidad de Madrid,L100001053180,G100001060974,GEM Global Solar Power Tracker Feb-2026
Madrid solar project VI,--,,Spain,2.0,operating,2024.0,,,40.3385,-3.6656,exact,Comunidad de Madrid,L100001053186,G100001060980,GEM Global Solar Power Tracker Feb-2026
Madroño solar farm,--,,Spain,50.0,pre-construction,,Madroño Solar,Amarenco [100%],41.7934,-5.8829,approximate,Castilla y León,L100001004666,G100001005476,GEM Global Solar Power Tracker Feb-2026
Magacela solar project,--,,Spain,15.7,operating,2023.0,,,38.9131,-5.7043,exact,Extremadura,L100001009124,G100001010494,GEM Global Solar Power Tracker Feb-2026
Magallón Rotonda solar farm,1,,Spain,49.7,pre-construction,,,Bora Energías Renovables 5 [100%],41.7747,-1.4332,approximate,Aragón,L100001000560,G100001000864,GEM Global Solar Power Tracker Feb-2026
Magallón Rotonda solar farm,2,,Spain,49.7,pre-construction,,,Rival Capital 5 SPV SLU [100%],41.7747,-1.4332,approximate,Aragón,L100001000560,G100001000866,GEM Global Solar Power Tracker Feb-2026
Magallón Rotonda solar farm,3,,Spain,49.7,pre-construction,,,Renta Cero 5 SPV SLU,41.7747,-1.4332,approximate,Aragón,L100001000560,G100001000867,GEM Global Solar Power Tracker Feb-2026
Magaz solar farm,--,,Spain,29.0,pre-construction,,,Parque Eólico Magaz SL [100%],41.9916,-4.4865,approximate,Castilla y León,L100001003372,G100001003864,GEM Global Solar Power Tracker Feb-2026
Magda solar farm,--,,Spain,119.7,shelved,,Tregmul Trade,Akuo Energy SAS [100%],40.008,-0.1038,approximate,Comunidad Valenciana,L100000824700,G100000827901,GEM Global Solar Power Tracker Feb-2026
Magerit FV3 solar farm,--,,Spain,269.0,pre-construction,,,Harbour Energy PLC,40.0667,-4.3705,approximate,Castilla-La Mancha,L100001005541,G100001006606,GEM Global Solar Power Tracker Feb-2026
Mahora solar project,--,,Spain,15.0,operating,2008.0,,,39.2101,-1.75,exact,Castilla-La Mancha,L100001009101,G100001010471,GEM Global Solar Power Tracker Feb-2026
Maira Alpha solar farm,--,"Barcina-Garoña Solar PV Complex, Agrupación Maira Alpha",Spain,165.3,construction,2026.0,Solaria Energía y Medio Ambiente,Solaria Promoción y Desarrollo Fotovoltaico SL [100%],42.6312,-3.423,approximate,Castilla y León,L100000824701,G100000827902,GEM Global Solar Power Tracker Feb-2026
Maira Beta solar farm,--,"Barcina-Garoña Solar PV Complex, Agrupación Maira Beta",Spain,140.1,pre-construction,,Solaria Energía y Medio Ambiente,Solaria Promoción y Desarrollo Fotovoltaico SL [100%],42.6469,-3.3016,approximate,Castilla y León,L100000824702,G100000827903,GEM Global Solar Power Tracker Feb-2026
Maira Delta solar farm,--,Barcina-Garoña Solar PV Complex,Spain,115.0,pre-construction,,,Solaria Promoción y Desarrollo Fotovoltaico SL [100%],42.577,-3.1642,approximate,Castilla y León,L100001001218,G100001001622,GEM Global Solar Power Tracker Feb-2026
Maira Gamma solar farm,--,"Barcina-Garoña Solar PV Complex, Agrupación Maira Gamma",Spain,140.1,construction,2026.0,Solaria Energía y Medio Ambiente,Solaria Promoción y Desarrollo Fotovoltaico SL [100%],42.543,-3.3385,approximate,Castilla y León,L100000824703,G100000827904,GEM Global Solar Power Tracker Feb-2026
Majada Alta solar farm,--,,Spain,49.9,operating,2022.0,Iberenova Promociones,Iberdrola SA [100%],39.63,-7.4556,exact,Extremadura,L100000824704,G100000827905,GEM Global Solar Power Tracker Feb-2026
Majadas CSP solar farm,--,Majadas De Tietar,Spain,50.0,operating,2010.0,,Acciona SA [100%],39.9696,-5.7417,exact,Extremadura,L100000824705,G100000827906,GEM Global Solar Power Tracker Feb-2026
Majadas solar farm,--,,Spain,200.0,pre-construction,,Aratel,,39.6111,-2.7904,approximate,Castilla-La Mancha,L100000824706,G100000827907,GEM Global Solar Power Tracker Feb-2026
Malabrigo solar farm,--,Arcos Malabrigo,Spain,46.6,operating,2022.0,Renewables Infrastructure Group LTD (TRIG),Renewables Infrastructure Group LTD (TRIG) [100%],36.6901,-6.1264,approximate,Andalucía,L100000824707,G100000827908,GEM Global Solar Power Tracker Feb-2026
Maladeta solar farm,--,,Spain,162.6,pre-construction,,,Maladeta Solar SLU [100%],40.4767,-3.2452,approximate,Comunidad de Madrid,L100001005139,G100001006067,GEM Global Solar Power Tracker Feb-2026
Malaga solar farm,--,,Spain,103.8,announced,,Euder Energy,Euder Energy SL [100%],36.7339,-4.5299,approximate,Andalucía,L100000824708,G100000827909,GEM Global Solar Power Tracker Feb-2026
Malagón II solar farm,--,,Spain,41.4,pre-construction,,,,39.1665,-3.8621,approximate,Castilla-La Mancha,L100001061878,G100001070972,GEM Global Solar Power Tracker Feb-2026
Malagón solar project,--,,Spain,11.1,operating,2017.0,,,39.2615,-4.0867,exact,Castilla-La Mancha,L100001009157,G100001010527,GEM Global Solar Power Tracker Feb-2026
Malpartida de Cáceres solar project,--,,Spain,10.0,operating,2008.0,,,39.467,-6.51,exact,Extremadura,L100001009140,G100001010510,GEM Global Solar Power Tracker Feb-2026
Malvasia solar farm,--,,Spain,27.3,pre-construction,,Malvasia Solar,Ignis Energía SL [100%],41.7877,-5.8846,approximate,Castilla y León,L100001004658,G100001005466,GEM Global Solar Power Tracker Feb-2026
Manantiales solar farm,--,,Spain,30.0,operating,2025.0,Iberdrola,Iberdrola SA [100%],40.8831,-2.759,exact,Castilla-La Mancha,L100000824709,G100000827910,GEM Global Solar Power Tracker Feb-2026
Manchasol CSP solar farm,1,,Spain,50.0,operating,2011.0,,Cobra Group [100%],39.1887,-3.3116,exact,Castilla-La Mancha,L100000824710,G100000827911,GEM Global Solar Power Tracker Feb-2026
Manchasol CSP solar farm,2,,Spain,50.0,operating,2011.0,,Cobra Group [100%],39.1772,-3.3131,exact,Castilla-La Mancha,L100000824710,G100000827912,GEM Global Solar Power Tracker Feb-2026
Mangraners & Albatarrec solar farm,1,,Spain,180.0,cancelled - inferred 4 y,,Solaria Energía y Medio Ambiente,Solaria Energía y Medio Ambiente SA [100%],41.6131,0.5016,exact,Cataluña,L100000805985,G100000806890,GEM Global Solar Power Tracker Feb-2026
Mantia solar farm,2,,Spain,110.0,pre-construction,,,Solaria Promoción y Desarrollo Fotovoltaico SL [100%],40.04,-3.9637,approximate,Castilla-La Mancha,L100000824711,G100000827913,GEM Global Solar Power Tracker Feb-2026
Mantia solar farm,3,,Spain,24.1,pre-construction,,,Solaria Promoción y Desarrollo Fotovoltaico SL [100%],40.04,-3.9637,approximate,Castilla-La Mancha,L100000824711,G100000827914,GEM Global Solar Power Tracker Feb-2026
Manto solar farm,--,,Spain,47.2,pre-construction,,Energía Inagotable de Manto,Forestalia SL [100%],41.7253,0.0001,approximate,Aragón,L100000824713,G100000827916,GEM Global Solar Power Tracker Feb-2026
Manzanares (Elawan Energy) solar farm,--,,Spain,36.0,operating,2023.0,,Elawan Energy SL [100%],39.0492,-3.3328,approximate,Castilla-La Mancha,L100000824714,G100000827917,GEM Global Solar Power Tracker Feb-2026
Manzanares (Q Energy) solar farm,--,,Spain,38.3,shelved,,,Q Energy,39.002,-3.3716,approximate,Castilla-La Mancha,L100001005702,G100001006848,GEM Global Solar Power Tracker Feb-2026
Manzanares Gorbea solar farm,--,,Spain,85.2,pre-construction,,,Aquila Clean Energy [100%],39.6111,-2.7904,approximate,Castilla-La Mancha,L100000824715,G100000827918,GEM Global Solar Power Tracker Feb-2026
Manzanares solar farm,1,,Spain,42.0,operating,,,China Three Gorges CORP (CTG) [100%],38.9964,-3.3847,approximate,Castilla-La Mancha,L100000806004,G100000806912,GEM Global Solar Power Tracker Feb-2026
Manzanares solar farm,2,,Spain,42.0,operating,,,China Three Gorges CORP (CTG) [100%],38.9964,-3.3847,approximate,Castilla-La Mancha,L100000806004,G100000806913,GEM Global Solar Power Tracker Feb-2026
Manzanares solar farm,3,,Spain,9.0,announced,,,Nexwell,38.9964,-3.3847,approximate,Castilla-La Mancha,L100000806004,G100001006089,GEM Global Solar Power Tracker Feb-2026
Manztierra 1 solar farm,--,,Spain,30.0,operating,2023.0,,,39.0185,-3.3056,exact,Castilla-La Mancha,L100001062243,G100001071478,GEM Global Solar Power Tracker Feb-2026
Maqueda solar farm,--,,Spain,49.9,pre-construction,,,Maqueda Solar,40.0663,-4.3707,approximate,Castilla-La Mancha,L100001005480,G100001006522,GEM Global Solar Power Tracker Feb-2026
Maragato Solar 1 solar farm,--,,Spain,165.2,shelved,,Maragato Solar Uno,Statkraft AS [100%],42.3805,-6.0409,approximate,Castilla y León,L100000824716,G100000827919,GEM Global Solar Power Tracker Feb-2026
Maragato solar farm,--,,Spain,125.1,pre-construction,,Dirdam Luz,Zabar Solar Group [100%],42.5284,-5.9016,approximate,Castilla y León,L100000824717,G100000827920,GEM Global Solar Power Tracker Feb-2026
Marchenilla VII solar farm,--,,Spain,41.0,pre-construction,,,,36.4408,-5.4537,approximate,Andalucía,L100001062002,G100001071122,GEM Global Solar Power Tracker Feb-2026
Marchenilla VIII solar farm,--,,Spain,25.0,pre-construction,,,,36.4056,-5.4138,exact,Andalucía,L100001061882,G100001070979,GEM Global Solar Power Tracker Feb-2026
Marchenilla solar farm,--,,Spain,44.0,pre-construction,,,,36.3936,-5.4243,exact,Andalucía,L100001062072,G100001071215,GEM Global Solar Power Tracker Feb-2026
Marciaga solar farm,--,,Spain,62.5,pre-construction,,,Ignis Energía SL [100%],36.7862,-4.8434,approximate,Andalucía,L100000824718,G100000827921,GEM Global Solar Power Tracker Feb-2026
Marcote solar farm,--,,Spain,27.3,pre-construction,,,EDPR Renewable Energy Sources of Greece 1 Sole Proprietorship,39.9859,-3.3675,approximate,Castilla-La Mancha,L100001005685,G100001006830,GEM Global Solar Power Tracker Feb-2026
Marmolejo solar farm,1,,Spain,30.0,construction,,Greenalia,Greenalia SA [100%],38.0449,-4.171,approximate,Andalucía,L100000824719,G100000827922,GEM Global Solar Power Tracker Feb-2026
Marmolejo solar farm,2,,Spain,30.0,construction,,Greenalia,Greenalia SA [100%],38.0449,-4.171,approximate,Andalucía,L100000824719,G100000827923,GEM Global Solar Power Tracker Feb-2026
Marratxí Raiguer solar project,--,,Spain,1.9,operating,2021.0,,,39.6338,2.6933,exact,Islas Baleares,L100001053418,G100001061212,GEM Global Solar Power Tracker Feb-2026
Marratxí Raiguer solar project I,--,,Spain,2.6,operating,2017.0,,,39.6444,2.7047,exact,Islas Baleares,L100001009610,G100001010980,GEM Global Solar Power Tracker Feb-2026
Marratxí Raiguer solar project II,--,,Spain,1.2,operating,2017.0,,,39.6301,2.6814,exact,Islas Baleares,L100001009868,G100001011238,GEM Global Solar Power Tracker Feb-2026
Martelilla solar farm,--,,Spain,118.2,pre-construction,,,,36.7055,-6.1529,approximate,Andalucía,L100001061715,G100001070757,GEM Global Solar Power Tracker Feb-2026
Martiánez solar farm,--,,Spain,50.0,pre-construction,,Martiánez Solar,TotalEnergies SE [100%],40.1666,-3.4389,approximate,Comunidad de Madrid,L100000824720,G100000827924,GEM Global Solar Power Tracker Feb-2026
Masía solar farm,1,"Maestrazgo project, Clúster Maestrazgo",Spain,41.3,pre-construction,,Energías Renovables de Quirón,Forestalia SL [100%],40.2935,-0.4874,approximate,Aragón,L100001001144,G100001001537,GEM Global Solar Power Tracker Feb-2026
Masía solar farm,2,"Maestrazgo project, Clúster Maestrazgo",Spain,41.3,pre-construction,,Energías Renovables de Satet,Forestalia SL [100%],40.2935,-0.4874,approximate,Aragón,L100001001144,G100001001538,GEM Global Solar Power Tracker Feb-2026
Matacán solar farm,--,,Spain,50.0,pre-construction,,,Matacán Solar SL [100%],41.5974,1.584,approximate,Cataluña,L100001000849,G100001001206,GEM Global Solar Power Tracker Feb-2026
Matahermosa solar farm,--,,Spain,75.4,pre-construction,,Galileo Green Energy,,39.6111,-2.7904,approximate,Castilla-La Mancha,L100000824722,G100000827926,GEM Global Solar Power Tracker Feb-2026
Mauricio solar farm,--,,Spain,50.0,pre-construction,,Mauricio Solar,TotalEnergies SE [100%],40.1881,-3.4476,approximate,Comunidad de Madrid,L100000824724,G100000827928,GEM Global Solar Power Tracker Feb-2026
Maza Hybrid solar farm,--,,Spain,49.5,pre-construction,,,,39.6281,-1.7529,approximate,Castilla-La Mancha,L100001063893,G100001073449,GEM Global Solar Power Tracker Feb-2026
Meco solar farm,--,,Spain,50.0,pre-construction,,Matrix Renewables,Matrix Renewables [100%],40.5458,-3.3103,exact,Comunidad de Madrid,L100000824725,G100000827929,GEM Global Solar Power Tracker Feb-2026
Medallón solar farm,--,,Spain,35.0,pre-construction,,Medallón Solar,Ignis Energía SL [100%],41.5419,-5.8572,approximate,Castilla y León,L100001004659,G100001005467,GEM Global Solar Power Tracker Feb-2026
Medina de Rioseco solar farm,--,,Spain,46.1,pre-construction,,Performan Lark,Lightsource Renewable Energy [100%],41.7788,-4.9348,approximate,Castilla y León,L100001004519,G100001005293,GEM Global Solar Power Tracker Feb-2026
Medina del Campo A solar project,--,,Spain,8.3,operating,2017.0,,,41.2615,-4.8829,exact,Castilla y León,L100001009278,G100001010648,GEM Global Solar Power Tracker Feb-2026
Medina solar farm,1,Medina Del Campo Pv,Spain,30.0,operating,2019.0,Solaria Energía y Medio Ambiente,Solaria Energía y Medio Ambiente SA [100%],41.34,-4.931,approximate,Castilla y León,L100000805962,G100000806865,GEM Global Solar Power Tracker Feb-2026
Medio Cudeyo solar project,--,,Spain,3.3,operating,2023.0,,,43.3906,-3.7541,exact,Cantabria,L100001052970,G100001060764,GEM Global Solar Power Tracker Feb-2026
Mediomonte solar farm,--,,Spain,49.8,operating,,,,41.2874,-0.324,approximate,Aragón,L100000824726,G100000827930,GEM Global Solar Power Tracker Feb-2026
Mediterráneo I solar farm,--,,Spain,34.0,pre-construction,,,,38.42,-0.673,approximate,Comunidad Valenciana,L100001062426,G100001071698,GEM Global Solar Power Tracker Feb-2026
Mediterráneo II solar farm,--,,Spain,28.5,pre-construction,,,,38.4044,-0.6874,approximate,Comunidad Valenciana,L100001062425,G100001071697,GEM Global Solar Power Tracker Feb-2026
Mediterráneo III solar farm,--,,Spain,32.9,pre-construction,,,,38.42,-0.7053,approximate,Comunidad Valenciana,L100001062424,G100001071696,GEM Global Solar Power Tracker Feb-2026
Mediterráneo IV solar farm,--,,Spain,34.0,pre-construction,,,,38.4004,-0.6674,exact,Comunidad Valenciana,L100001062427,G100001071699,GEM Global Solar Power Tracker Feb-2026
Menorca solar project II,--,,Spain,5.6,operating,2023.0,,,39.9985,4.1649,exact,Islas Baleares,L100001010345,G100001011715,GEM Global Solar Power Tracker Feb-2026
Menorca solar project III,--,,Spain,11.7,operating,2023.0,,,40.002,4.1493,exact,Islas Baleares,L100001010563,G100001011933,GEM Global Solar Power Tracker Feb-2026
Menorca solar project IV,--,,Spain,2.3,operating,2023.0,,,39.8645,4.2307,exact,Islas Baleares,L100001052854,G100001060648,GEM Global Solar Power Tracker Feb-2026
Menorca solar project V,--,,Spain,2.1,operating,2017.0,,,39.8374,4.2179,exact,Islas Baleares,L100001052934,G100001060728,GEM Global Solar Power Tracker Feb-2026
Menorca solar project VI,--,,Spain,2.5,operating,2023.0,,,39.9951,3.8734,exact,Islas Baleares,L100001052979,G100001060773,GEM Global Solar Power Tracker Feb-2026
Menorca solar project VII,--,,Spain,2.1,operating,2017.0,,,39.8808,4.2521,exact,Islas Baleares,L100001053610,G100001061404,GEM Global Solar Power Tracker Feb-2026
Menorca solar project VIII,--,,Spain,1.0,operating,2023.0,,,39.9036,4.0896,exact,Islas Baleares,L100001053697,G100001061491,GEM Global Solar Power Tracker Feb-2026
Mequinenza / Mequinensa Bajo Cinca / Baix Cinca solar project,--,,Spain,1.4,operating,2023.0,,,41.3248,0.2928,exact,Aragón,L100001053729,G100001061523,GEM Global Solar Power Tracker Feb-2026
Mercabarna Rooftop solar farm,--,,Spain,18.0,construction,,Mercabarna,Mercabarna [100%],41.3312,2.115,approximate,Cataluña,L100000824727,G100000827931,GEM Global Solar Power Tracker Feb-2026
Merindad De Río Ubierna solar project,--,,Spain,1.2,operating,2023.0,,,42.4428,-3.6741,exact,Castilla y León,L100001053785,G100001061579,GEM Global Solar Power Tracker Feb-2026
Merlot solar farm,--,,Spain,35.9,pre-construction,,,Merlot Solar SL [100%],41.3801,1.298,approximate,Cataluña,L100001000856,G100001001214,GEM Global Solar Power Tracker Feb-2026
Metway solar farm,1,,Spain,116.5,pre-construction,2026.0,,Green Tie Desarrollo SLU,37.3444,-5.8405,approximate,Andalucía,L100001007600,G100001008780,GEM Global Solar Power Tracker Feb-2026
Metway solar farm,2,,Spain,116.5,pre-construction,2026.0,,Green Tie Desarrollo SLU,37.3444,-5.8405,approximate,Andalucía,L100001007600,G100001008779,GEM Global Solar Power Tracker Feb-2026
Mezquita Bensolar solar farm,--,,Spain,49.5,pre-construction,,,,40.7036,-0.8019,approximate,Aragón,L100001062128,G100001071314,GEM Global Solar Power Tracker Feb-2026
Migjorn solar project I,--,,Spain,3.5,operating,2017.0,,,39.4238,2.8995,exact,Islas Baleares,L100001009412,G100001010782,GEM Global Solar Power Tracker Feb-2026
Migjorn solar project II,--,,Spain,6.6,operating,2017.0,,,39.3726,3.113,exact,Islas Baleares,L100001009421,G100001010791,GEM Global Solar Power Tracker Feb-2026
Migjorn solar project III,--,,Spain,2.8,operating,2021.0,,,39.505,2.8891,exact,Islas Baleares,L100001009442,G100001010812,GEM Global Solar Power Tracker Feb-2026
Migjorn solar project IV,--,,Spain,1.7,operating,2017.0,,,39.4267,3.1506,exact,Islas Baleares,L100001009503,G100001010873,GEM Global Solar Power Tracker Feb-2026
Migjorn solar project IX,--,,Spain,3.4,operating,2017.0,,,39.5018,2.8337,exact,Islas Baleares,L100001009732,G100001011102,GEM Global Solar Power Tracker Feb-2026
Migjorn solar project V,--,,Spain,2.2,operating,2020.0,,,39.3432,3.0578,exact,Islas Baleares,L100001009595,G100001010965,GEM Global Solar Power Tracker Feb-2026
Migjorn solar project VI,--,,Spain,2.3,operating,2017.0,,,39.3917,2.8718,exact,Islas Baleares,L100001009618,G100001010988,GEM Global Solar Power Tracker Feb-2026
Migjorn solar project VII,--,,Spain,2.4,operating,2017.0,,,39.4314,2.9434,exact,Islas Baleares,L100001009702,G100001011072,GEM Global Solar Power Tracker Feb-2026
Migjorn solar project VIII,--,,Spain,2.1,operating,2017.0,,,39.3856,3.0513,exact,Islas Baleares,L100001009710,G100001011080,GEM Global Solar Power Tracker Feb-2026
Migjorn solar project X,--,,Spain,19.9,operating,2020.0,,,39.4192,2.7967,exact,Islas Baleares,L100001009734,G100001011104,GEM Global Solar Power Tracker Feb-2026
Migjorn solar project XI,--,,Spain,1.7,operating,2017.0,,,39.3981,3.1737,exact,Islas Baleares,L100001009782,G100001011152,GEM Global Solar Power Tracker Feb-2026
Migjorn solar project XII,--,,Spain,1.6,operating,2017.0,,,39.3966,3.0374,exact,Islas Baleares,L100001009791,G100001011161,GEM Global Solar Power Tracker Feb-2026
Migjorn solar project XIII,--,,Spain,3.0,operating,2020.0,,,39.488,2.9161,exact,Islas Baleares,L100001009989,G100001011359,GEM Global Solar Power Tracker Feb-2026
Migjorn solar project XIV,--,,Spain,2.4,operating,2020.0,,,39.3636,3.0927,exact,Islas Baleares,L100001010335,G100001011705,GEM Global Solar Power Tracker Feb-2026
Migjorn solar project XIX,--,,Spain,3.0,operating,2021.0,,,39.3639,3.1324,exact,Islas Baleares,L100001053504,G100001061298,GEM Global Solar Power Tracker Feb-2026
Migjorn solar project XV,--,,Spain,1.5,operating,2022.0,,,39.4293,3.2331,exact,Islas Baleares,L100001052819,G100001060613,GEM Global Solar Power Tracker Feb-2026
Migjorn solar project XVI,--,,Spain,2.1,operating,2022.0,,,39.4077,2.8154,exact,Islas Baleares,L100001053131,G100001060925,GEM Global Solar Power Tracker Feb-2026
Migjorn solar project XVII,--,,Spain,2.4,operating,2022.0,,,39.3684,3.1197,exact,Islas Baleares,L100001053340,G100001061134,GEM Global Solar Power Tracker Feb-2026
Migjorn solar project XVIII,--,,Spain,1.5,operating,2021.0,,,39.4487,2.9769,exact,Islas Baleares,L100001053406,G100001061200,GEM Global Solar Power Tracker Feb-2026
Migjorn solar project XX,--,,Spain,3.7,operating,2025.0,,,39.392,2.9368,exact,Islas Baleares,L100001053699,G100001061493,GEM Global Solar Power Tracker Feb-2026
Mimas solar farm,--,,Spain,50.0,pre-construction,,,Solaria,40.6099,-2.4494,approximate,Castilla-La Mancha,L100001005479,G100001006521,GEM Global Solar Power Tracker Feb-2026
Mimosa Hybrid solar farm,--,,Spain,360.0,construction,2027.0,,,37.4726,-2.771,approximate,Andalucía,L100001063431,G100001072889,GEM Global Solar Power Tracker Feb-2026
Minaya A solar project,--,,Spain,13.5,operating,2017.0,,,39.1473,-2.2591,exact,Castilla-La Mancha,L100001009102,G100001010472,GEM Global Solar Power Tracker Feb-2026
Minglanilla solar farm,1,,Spain,99.6,operating,2022.0,Enel Green Power España,Enel Green Power España SL [100%],39.5331,-1.5974,approximate,Castilla-La Mancha,L100000824728,G100000827932,GEM Global Solar Power Tracker Feb-2026
Minglanilla solar farm,2,,Spain,99.6,operating,2022.0,Enel Green Power España,Enel Green Power España SL [100%],39.5331,-1.5974,approximate,Castilla-La Mancha,L100000824728,G100000827933,GEM Global Solar Power Tracker Feb-2026
Mirabel Ellomay solar farm,--,,Spain,300.0,pre-construction,,Ellomay Solar Spain Two,,38.791,-5.6362,approximate,Extremadura,L100000824729,G100000827934,GEM Global Solar Power Tracker Feb-2026
Mirabel Hybrid solar farm,--,,Spain,28.2,pre-construction,,,,41.9338,-5.0401,approximate,Castilla y León,L100001064028,G100001073630,GEM Global Solar Power Tracker Feb-2026
Miraflores solar farm,--,,Spain,22.0,operating,2022.0,Naturgy Energy Group,Naturgy Energy Group SA [100%],38.7503,-5.5455,exact,Extremadura,L100000824730,G100000827935,GEM Global Solar Power Tracker Feb-2026
Miralcampo solar farm,--,,Spain,287.3,pre-construction,,Desarrollos Renovables Iberia Lambda,,39.6111,-2.7904,approximate,Castilla-La Mancha,L100000824731,G100000827936,GEM Global Solar Power Tracker Feb-2026
Miramundo solar farm,1,,Spain,50.0,operating,2019.0,Opdenergy,Opdenergy SA [100%],36.52,-6.131,exact,Andalucía,L100000805917,G100000806806,GEM Global Solar Power Tracker Feb-2026
Miranda Renovables 1 solar farm,--,,Spain,26.6,pre-construction,,,,42.6819,-2.9566,approximate,Castilla y León,L100001062166,G100001071378,GEM Global Solar Power Tracker Feb-2026
Mirasol Huévar 2 solar farm,--,,Spain,82.0,pre-construction,,,,37.3031,-6.3153,approximate,Andalucía,L100001064160,G100001073795,GEM Global Solar Power Tracker Feb-2026
Mocatero solar farm,--,,Spain,40.1,operating,,,,41.2874,-0.324,approximate,Aragón,L100000824732,G100000827937,GEM Global Solar Power Tracker Feb-2026
Moclinejo solar project,--,,Spain,7.6,operating,2017.0,,,36.7849,-4.2672,exact,Andalucía,L100001009195,G100001010565,GEM Global Solar Power Tracker Feb-2026
Modus solar farm,--,,Spain,50.0,pre-construction,,,,37.3392,-5.8599,approximate,Andalucía,L100001061709,G100001070751,GEM Global Solar Power Tracker Feb-2026
Mojados A solar project,--,,Spain,5.2,operating,2017.0,,,41.424,-4.6798,exact,Castilla y León,L100001009279,G100001010649,GEM Global Solar Power Tracker Feb-2026
Molina De Segura Vega Media Del Segura solar project,--,,Spain,11.0,operating,2018.0,,,38.1028,-1.1673,exact,Región de Murcia,L100001010010,G100001011380,GEM Global Solar Power Tracker Feb-2026
Moncayo solar farm,--,,Spain,49.5,pre-construction,,,,41.7188,-1.8141,approximate,Castilla y León,L100001062216,G100001071441,GEM Global Solar Power Tracker Feb-2026
Monclova solar farm,1,"SPK Monclova, Solarpack Monclova",Spain,50.0,operating,2019.0,Solarpack,Solarpack [100%],37.549,-5.332,exact,Andalucía,L100000805994,G100000806900,GEM Global Solar Power Tracker Feb-2026
Monforte del Cid solar farm,--,,Spain,100.0,shelved,,Bruc Iberia Energy Investment Partners,Bruc Iberia Energy Investment Partners [100%],38.3621,-0.4845,approximate,Comunidad Valenciana,L100000824733,G100000827938,GEM Global Solar Power Tracker Feb-2026
Monforte solar farm,1,,Spain,43.6,pre-construction,,,Solaer Energías Bahía Blanca SL [100%],38.3793,-0.7389,approximate,Comunidad Valenciana,L100001001018,G100001001398,GEM Global Solar Power Tracker Feb-2026
Monforte solar farm,2,,Spain,43.6,pre-construction,,,Activo Solar SL [100%],38.3793,-0.7389,approximate,Comunidad Valenciana,L100001001018,G100001001399,GEM Global Solar Power Tracker Feb-2026
Montamarta Hybrid solar farm,--,,Spain,22.5,pre-construction,,,,41.6752,-5.8985,approximate,Castilla y León,L100001062168,G100001071381,GEM Global Solar Power Tracker Feb-2026
Montaña Alavesa/Arabako Mendialdea solar project,--,,Spain,1.4,operating,2025.0,,,42.7629,-2.3292,exact,País Vasco,L100001053238,G100001061032,GEM Global Solar Power Tracker Feb-2026
Montaña Blanca I solar farm,--,,Spain,27.8,pre-construction,,,,38.6521,-4.2378,exact,Andalucía,L100001062150,G100001071462,GEM Global Solar Power Tracker Feb-2026
Monte Alto solar project,--,,Spain,9.6,operating,2006.0,,,42.26,-1.775,exact,Comunidad Foral de Navarra,L100001009228,G100001010598,GEM Global Solar Power Tracker Feb-2026
Montealegre solar farm,--,,Spain,62.1,pre-construction,,,,40.1444,-6.4312,approximate,Extremadura,L100001062535,G100001071823,GEM Global Solar Power Tracker Feb-2026
Montejurra solar project,--,,Spain,7.6,operating,2017.0,,,42.4955,-2.2776,exact,Comunidad Foral de Navarra,L100001010398,G100001011768,GEM Global Solar Power Tracker Feb-2026
Monteria (Grupo Ignis) solar farm,--,,Spain,59.0,pre-construction,,Montería Solar,Ignis Energía SL [100%],40.5048,-3.1725,approximate,Castilla-La Mancha,L100000824735,G100000827940,GEM Global Solar Power Tracker Feb-2026
Montería (Total Energies) solar farm,2,,Spain,42.5,pre-construction,,Bidasoa Conex,TotalEnergies SE [100%],40.3614,-3.0652,approximate,Castilla-La Mancha,L100000824736,G100000827941,GEM Global Solar Power Tracker Feb-2026
Montería (Total Energies) solar farm,3,,Spain,42.5,pre-construction,,Bidasoa Conex,TotalEnergies SE [100%],40.3614,-3.0652,approximate,Castilla-La Mancha,L100000824736,G100000827942,GEM Global Solar Power Tracker Feb-2026
Montesol solar farm,1,Montseol Teruel,Spain,50.0,operating,2020.0,Opdenergy,Opdenergy SA [100%],40.711,-0.899,exact,Aragón,L100000805918,G100000806807,GEM Global Solar Power Tracker Feb-2026
Montesordo solar farm,1,,Spain,75.0,pre-construction,,Enerfin Renovables,,38.791,-5.6362,approximate,Extremadura,L100000824738,G100000827945,GEM Global Solar Power Tracker Feb-2026
Montesordo solar farm,2,,Spain,60.3,pre-construction,,Enerfin Renovables,,38.791,-5.6362,approximate,Extremadura,L100000824738,G100000827946,GEM Global Solar Power Tracker Feb-2026
Montfalcó solar farm,--,,Spain,24.8,pre-construction,,,Energia Inagotable de Dorado SL [100%],41.6936,1.4465,approximate,Cataluña,L100001000897,G100001001258,GEM Global Solar Power Tracker Feb-2026
Montsià solar project,--,,Spain,4.4,operating,2023.0,,,40.6213,0.3557,exact,Cataluña,L100001009446,G100001010816,GEM Global Solar Power Tracker Feb-2026
Montsià solar project I,--,,Spain,1.7,operating,2024.0,,,40.6897,0.4643,exact,Cataluña,L100001052889,G100001060683,GEM Global Solar Power Tracker Feb-2026
Montsià solar project II,--,,Spain,1.6,operating,2024.0,,,40.6305,0.4061,exact,Cataluña,L100001052953,G100001060747,GEM Global Solar Power Tracker Feb-2026
Montsià solar project III,--,,Spain,1.6,operating,2023.0,,,40.618,0.3622,exact,Cataluña,L100001053013,G100001060807,GEM Global Solar Power Tracker Feb-2026
Montsià solar project IV,--,,Spain,1.0,operating,2023.0,,,40.6261,0.577,exact,Cataluña,L100001053146,G100001060940,GEM Global Solar Power Tracker Feb-2026
Montsià solar project V,--,,Spain,1.8,operating,2023.0,,,40.6842,0.4558,exact,Cataluña,L100001053511,G100001061305,GEM Global Solar Power Tracker Feb-2026
Monòver solar farm,--,Bilyana solar farm,Spain,116.4,pre-construction,,Vulpes Velox Invest,Awergy; Aurea Capital; Atitlan Helios [0%],38.3615,-0.5108,approximate,Comunidad Valenciana,L100000824734,G100000827939,GEM Global Solar Power Tracker Feb-2026
Moraleja solar project,--,,Spain,9.5,operating,2023.0,,,40.0617,-6.6773,exact,Extremadura,L100001009141,G100001010511,GEM Global Solar Power Tracker Feb-2026
Morata (ABO Wind) solar farm,--,,Spain,60.0,pre-construction,,,,39.9004,-3.3249,approximate,Comunidad de Madrid,L100001005652,G100001006783,GEM Global Solar Power Tracker Feb-2026
Morata (Alten) solar farm,--,,Spain,60.0,pre-construction,,Alten Renovables Iberia 4,Alten Energías Renovables [100%],39.987,-3.3597,approximate,Castilla-La Mancha,L100000824739,G100000827947,GEM Global Solar Power Tracker Feb-2026
Morata (Libienergy) solar farm,1,Libienergy Morata,Spain,54.6,pre-construction,,Libienergy Green,Libienergy Green SL [100%],39.9804,-3.3597,approximate,Castilla-La Mancha,L100000824740,G100000827948,GEM Global Solar Power Tracker Feb-2026
Morata (Matrix) solar farm,--,,Spain,60.0,pre-construction,,Matrix Renewables,Matrix Renewables [100%],39.9315,-3.3459,exact,Castilla-La Mancha,L100000824741,G100000827949,GEM Global Solar Power Tracker Feb-2026
Morata de Tajuña solar farm,3,,Spain,42.0,pre-construction,,,EDPR Renewable Energy Sources of Greece 1 Sole Proprietorship,40.6596,-3.8716,approximate,Comunidad de Madrid,L100001005677,G100001006819,GEM Global Solar Power Tracker Feb-2026
Moratalla solar farm,--,,Spain,36.0,operating,2025.0,,BNZ,38.3066,-1.8714,approximate,Región de Murcia,L100001063436,G100001072893,GEM Global Solar Power Tracker Feb-2026
Moratalla solar project,--,,Spain,10.0,operating,2010.0,,,38.301,-1.763,exact,Región de Murcia,L100001009212,G100001010582,GEM Global Solar Power Tracker Feb-2026
Morellols solar farm,--,,Spain,50.0,pre-construction,,,Energía Inagotable de Leda SL [100%],42.0787,0.8646,approximate,Cataluña,L100001000920,G100001001286,GEM Global Solar Power Tracker Feb-2026
Morelábor Partido Judicial De Guadix solar project,--,,Spain,2.0,operating,2017.0,,,37.4705,-3.2893,exact,Andalucía,L100001053049,G100001060843,GEM Global Solar Power Tracker Feb-2026
Morena solar farm,--,,Spain,95.0,pre-construction,,Morena Solar,TotalEnergies SE [100%],40.3212,-3.4472,approximate,Comunidad de Madrid,L100000824742,G100000827950,GEM Global Solar Power Tracker Feb-2026
Morita solar project,--,,Spain,12.9,operating,2017.0,,,37.4547,-4.6965,exact,Andalucía,L100001009167,G100001010537,GEM Global Solar Power Tracker Feb-2026
Morón Thermosolar solar farm,--,,Spain,49.9,operating,2012.0,Grupo Ibereólica Renovables,Grupo Ibereólica Renovables [100%],37.1182,-5.5711,exact,Andalucía,L100000824744,G100000827952,GEM Global Solar Power Tracker Feb-2026
Morón de Almazán Hybrid solar farm,--,,Spain,49.5,pre-construction,,Iberdrola Renovables Castilla y León,Iberdrola Renovables SA [100%],41.4131,-2.4256,exact,Castilla y León,L100000824743,G100000827951,GEM Global Solar Power Tracker Feb-2026
Mosquetón solar farm,--,,Spain,100.0,pre-construction,,Mosquetón Solar,Ignis Energía SL [100%],40.6017,-3.1307,approximate,Castilla-La Mancha,L100000824745,G100000827953,GEM Global Solar Power Tracker Feb-2026
Motilla solar farm,--,,Spain,304.0,pre-construction,,Liena Power,,39.6111,-2.7904,approximate,Castilla-La Mancha,L100000824746,G100000827954,GEM Global Solar Power Tracker Feb-2026
Mudarra (Lightsource) solar farm,--,,Spain,49.5,pre-construction,,Expansion Habit,Lightsource Renewable Energy [100%],41.7673,-4.923,approximate,Castilla y León,L100001004588,G100001005385,GEM Global Solar Power Tracker Feb-2026
Mudarra solar farm,1,,Spain,47.1,pre-construction,,,Abei Energy CSPV Three SL [100%],41.8643,-4.8865,approximate,Castilla y León,L100001003682,G100001004190,GEM Global Solar Power Tracker Feb-2026
Mudarra solar farm,2,,Spain,65.0,pre-construction,,,Green Stone Renewable X SL [100%],41.8734,-5.0157,approximate,Castilla y León,L100001003682,G100001004191,GEM Global Solar Power Tracker Feb-2026
Mudéjar solar farm,1,Mudejar I,Spain,47.6,operating,2025.0,Enel Green Power España,Endesa SA,41.0222,-0.4292,exact,Aragón,L100000805935,G100000806831,GEM Global Solar Power Tracker Feb-2026
Muel solar farm,--,,Spain,179.6,pre-construction,,,Enel Green Power,41.4667,-1.0862,approximate,Aragón,L100001005593,G100001006695,GEM Global Solar Power Tracker Feb-2026
Muelas solar farm,--,,Spain,50.0,pre-construction,,Green Stone Renewable IX,Abei Energy [100%],41.5187,-5.976,approximate,Castilla y León,L100001004593,G100001005391,GEM Global Solar Power Tracker Feb-2026
Mula Solar Photovoltaic Power Plant,1,La Mula,Spain,494.0,operating,2019.0,,China Three Gorges Corp,37.9554,-1.4008,exact,Región de Murcia,L100000805740,G100000806607,GEM Global Solar Power Tracker Feb-2026
Mula Solar Photovoltaic Power Plant,2,La Mula,Spain,113.0,pre-construction,,,China Three Gorges Corp,37.9554,-1.4008,exact,Región de Murcia,L100000805740,G100001006708,GEM Global Solar Power Tracker Feb-2026
Mula Solar Photovoltaic Power Plant,3,La Mula,Spain,62.6,pre-construction,,,China Three Gorges Corp,37.9554,-1.4008,exact,Región de Murcia,L100000805740,G100001006735,GEM Global Solar Power Tracker Feb-2026
Mulhacén solar farm,--,,Spain,70.0,pre-construction,,Mulhacén Solar,Ignis Energía SL [100%],40.0912,-3.8372,approximate,Castilla-La Mancha,L100000824751,G100000827959,GEM Global Solar Power Tracker Feb-2026
Muluya solar farm,--,,Spain,336.0,pre-construction,,CL Grupo Industrial,,39.6111,-2.7904,approximate,Castilla-La Mancha,L100000824752,G100000827960,GEM Global Solar Power Tracker Feb-2026
Munera I solar farm,--,,Spain,27.7,pre-construction,,,,39.0441,-2.4912,approximate,Castilla-La Mancha,L100001061780,G100001070848,GEM Global Solar Power Tracker Feb-2026
Munera II solar farm,--,,Spain,29.3,pre-construction,,,,39.0111,-2.5093,exact,Castilla-La Mancha,L100001061800,G100001070868,GEM Global Solar Power Tracker Feb-2026
Murcia (Audax Renovables) solar farm,--,,Spain,50.0,construction,,Audax Renovables,Audax Renovables SA [100%],37.9843,-1.1328,approximate,Región de Murcia,L100000824753,G100000827961,GEM Global Solar Power Tracker Feb-2026
Murcia (Solarpack) solar farm,--,Cañada Alta,Spain,54.0,operating,2025.0,,Zelestra,38.0006,-1.3344,exact,Región de Murcia,L100001007577,G100001008746,GEM Global Solar Power Tracker Feb-2026
Murcia 1 solar farm,--,,Spain,194.0,pre-construction,,,Cobra Group,37.9402,-1.4253,approximate,Región de Murcia,L100001005590,G100001006690,GEM Global Solar Power Tracker Feb-2026
Murcia Campo De Cartagena Y Mar Menor solar project I,--,,Spain,13.5,operating,2017.0,,,37.807,-1.0661,exact,Región de Murcia,L100001009490,G100001010860,GEM Global Solar Power Tracker Feb-2026
Murcia Campo De Cartagena Y Mar Menor solar project II,--,,Spain,3.1,operating,2017.0,,,37.8534,-1.1623,exact,Región de Murcia,L100001009576,G100001010946,GEM Global Solar Power Tracker Feb-2026
Murcia Campo De Cartagena Y Mar Menor solar project III,--,,Spain,2.9,operating,2017.0,,,37.8095,-1.1298,exact,Región de Murcia,L100001009580,G100001010950,GEM Global Solar Power Tracker Feb-2026
Murcia Campo De Cartagena Y Mar Menor solar project IX,--,,Spain,1.7,operating,2024.0,,,37.7739,-1.1251,exact,Región de Murcia,L100001053581,G100001061375,GEM Global Solar Power Tracker Feb-2026
Murcia Campo De Cartagena Y Mar Menor solar project VII,--,,Spain,4.2,operating,2020.0,,,37.8766,-0.8649,exact,Región de Murcia,L100001010427,G100001011797,GEM Global Solar Power Tracker Feb-2026
Murcia Campo De Cartagena Y Mar Menor solar project VIII,--,,Spain,10.5,operating,2017.0,,,37.8167,-1.1514,exact,Región de Murcia,L100001053183,G100001060977,GEM Global Solar Power Tracker Feb-2026
Murcia Campo De Cartagena Y Mar Menor solar project X,--,,Spain,2.2,operating,2020.0,,,37.8367,-1.1019,exact,Región de Murcia,L100001053854,G100001061648,GEM Global Solar Power Tracker Feb-2026
Murcia Área Metropolitana De Murcia solar project,--,,Spain,2.9,operating,2017.0,,,38.0073,-0.9732,exact,Región de Murcia,L100001053426,G100001061220,GEM Global Solar Power Tracker Feb-2026
Murcia Área Metropolitana De Murcia solar project I,--,,Spain,3.7,operating,2019.0,,,37.9263,-1.2318,exact,Región de Murcia,L100001010289,G100001011659,GEM Global Solar Power Tracker Feb-2026
Murillo Pólux solar farm,--,,Spain,29.4,pre-construction,,,,42.4063,-2.3316,approximate,La Rioja,L100001062704,G100001072040,GEM Global Solar Power Tracker Feb-2026
Myrtea III solar farm,--,,Spain,50.0,pre-construction,,,,37.7238,-1.1853,approximate,Región de Murcia,L100001063098,G100001072472,GEM Global Solar Power Tracker Feb-2026
Málaga Málaga-Costa Del Sol solar project I,--,,Spain,1.5,operating,2017.0,,,36.7076,-4.5257,exact,Andalucía,L100001052939,G100001060733,GEM Global Solar Power Tracker Feb-2026
Málaga Málaga-Costa Del Sol solar project II,--,,Spain,2.5,operating,2023.0,,,36.6589,-4.4835,exact,Andalucía,L100001053058,G100001060852,GEM Global Solar Power Tracker Feb-2026
Málaga Málaga-Costa Del Sol solar project III,--,,Spain,1.0,operating,2024.0,,,36.6968,-4.468,exact,Andalucía,L100001053245,G100001061039,GEM Global Solar Power Tracker Feb-2026
Mástil solar farm,--,,Spain,77.5,pre-construction,,Mástil Solar,Mástil Solar SLU [100%],40.3264,-3.3823,approximate,Comunidad de Madrid,L100000824721,G100000827925,GEM Global Solar Power Tracker Feb-2026
Mérida solar project II,--,,Spain,3.6,operating,2023.0,,,38.8995,-6.3017,exact,Extremadura,L100001010143,G100001011513,GEM Global Solar Power Tracker Feb-2026
Mérida solar project III,--,,Spain,5.5,operating,2024.0,,,38.9538,-6.3538,exact,Extremadura,L100001053559,G100001061353,GEM Global Solar Power Tracker Feb-2026
Mérida solar project IV,--,,Spain,14.0,operating,2024.0,,,38.848,-6.33,exact,Extremadura,L100001053782,G100001061576,GEM Global Solar Power Tracker Feb-2026
Naipes solar farm,1,,Spain,41.7,operating,2025.0,Naturgy Renovables,Naturgy Energy Group SA [100%],38.7653,-6.581,approximate,Extremadura,L100000824754,G100000827962,GEM Global Solar Power Tracker Feb-2026
Naipes solar farm,2,,Spain,41.7,operating,2025.0,Naturgy Renovables,Naturgy Energy Group SA [100%],38.7653,-6.581,approximate,Extremadura,L100000824754,G100000827963,GEM Global Solar Power Tracker Feb-2026
Natera solar farm,1,,Spain,62.5,pre-construction,,Natera Solar,,37.6087,-4.6016,approximate,Andalucía,L100000824755,G100000827964,GEM Global Solar Power Tracker Feb-2026
Natera solar farm,2,,Spain,62.5,pre-construction,,Natera Solar,,37.6087,-4.6016,approximate,Andalucía,L100000824755,G100000827965,GEM Global Solar Power Tracker Feb-2026
Nava de Campaña A solar project,--,,Spain,15.0,operating,2008.0,,,38.47,-1.647,exact,Castilla-La Mancha,L100001009103,G100001010473,GEM Global Solar Power Tracker Feb-2026
Navabuena solar farm,--,Nava Buena,Spain,424.7,pre-construction,,Navabuena Solar,Navabuena Solar SL [100%],41.863,-4.8631,approximate,Castilla y León,L100000824756,G100000827966,GEM Global Solar Power Tracker Feb-2026
Navajo solar farm,--,,Spain,99.0,shelved,,ES Planta Solar 3,Esparity Solar [100%],40.6908,-3.3138,approximate,Castilla-La Mancha,L100000824757,G100000827967,GEM Global Solar Power Tracker Feb-2026
Navallar solar farm,--,,Spain,42.9,announced,,,,39.1968,-6.1166,approximate,Extremadura,L100001007665,G100001008891,GEM Global Solar Power Tracker Feb-2026
Navallo I solar farm,--,,Spain,115.0,pre-construction,,,,41.0067,-0.8515,approximate,Aragón,L100001061679,G100001070713,GEM Global Solar Power Tracker Feb-2026
Navallo II solar farm,--,,Spain,50.0,pre-construction,,,,41.0553,-0.8866,approximate,Aragón,L100001061680,G100001070714,GEM Global Solar Power Tracker Feb-2026
Navarra (Enhol) solar farm,1,,Spain,50.0,cancelled - inferred 4 y,,,Grupo Enhol [100%],42.6838,-1.7171,approximate,Comunidad Foral de Navarra,L100000824758,G100000827968,GEM Global Solar Power Tracker Feb-2026
Navarra Canal solar farm,1,,Spain,20.0,pre-construction,,,Asociación Nacional de Productores de Energía Fotovoltaica (ANPiER) [100%],42.7143,-1.5347,approximate,Comunidad Foral de Navarra,L100000824759,G100000827969,GEM Global Solar Power Tracker Feb-2026
Navarra Canal solar farm,2,,Spain,140.0,announced,,,Asociación Nacional de Productores de Energía Fotovoltaica (ANPiER) [100%],42.7143,-1.5347,approximate,Comunidad Foral de Navarra,L100000824759,G100001004700,GEM Global Solar Power Tracker Feb-2026
Navas Renovables I solar farm,--,,Spain,100.0,pre-construction,,,Ebagui Renovables SL [100%],40.608,-4.2957,approximate,Castilla y León,L100001004191,G100001004881,GEM Global Solar Power Tracker Feb-2026
Navillas Hybrid solar farm,--,,Spain,29.6,pre-construction,,,,41.4849,-4.6419,approximate,Castilla y León,L100001064205,G100001073849,GEM Global Solar Power Tracker Feb-2026
Neret solar farm,--,,Spain,35.0,pre-construction,,,Energies Renovables Terra Ferma SL [100%],42.1452,0.9498,approximate,Cataluña,L100001000859,G100001001216,GEM Global Solar Power Tracker Feb-2026
Nertóbriga solar farm,1,Brovales Nertobriga,Spain,50.0,operating,2021.0,Enel Green Power,Endesa SA [100%],38.257,-6.6127,exact,Extremadura,L100000805782,G100000806656,GEM Global Solar Power Tracker Feb-2026
Niebla solar farm,--,,Spain,50.0,operating,2023.0,,Taaleri Energia [100%],37.3158,-6.8417,approximate,Andalucía,L100000824760,G100000827970,GEM Global Solar Power Tracker Feb-2026
Ninobe 3 solar farm,--,Cluster Calatrava,Spain,22.3,operating,2022.0,Enel Green Power,Enel Green Power SpA [100%],38.9935,-3.3951,approximate,Castilla-La Mancha,L100000824761,G100000827971,GEM Global Solar Power Tracker Feb-2026
Nita solar farm,1,,Spain,208.0,pre-construction,,Mitra NU SLU,Compañía Española de Petróleos SA [100%],39.0148,-6.385,approximate,Extremadura,L100000824762,G100000827972,GEM Global Solar Power Tracker Feb-2026
Nita solar farm,2,,Spain,95.0,pre-construction,,Mitra NU SLU,Compañía Española de Petróleos SA [100%],39.0148,-6.385,approximate,Extremadura,L100000824762,G100000827973,GEM Global Solar Power Tracker Feb-2026
Nobesol solar farm,2,Olmedilla,Spain,60.0,operating,2008.0,Entoria Energy,Entoria Energy Pte Ltd [100%],39.625,-2.0884,exact,Castilla-La Mancha,L100000805818,G100000806694,GEM Global Solar Power Tracker Feb-2026
Noguera solar farm,--,,Spain,60.9,pre-construction,,Noguera Solar,Total Solar Ibérica [100%],40.3947,-3.4,approximate,Comunidad de Madrid,L100000824763,G100000827974,GEM Global Solar Power Tracker Feb-2026
Noguera solar project I,--,,Spain,6.6,operating,2017.0,,,41.7456,0.6777,exact,Cataluña,L100001009441,G100001010811,GEM Global Solar Power Tracker Feb-2026
Noguera solar project II,--,,Spain,2.2,operating,2023.0,,,41.8729,1.0608,exact,Cataluña,L100001010333,G100001011703,GEM Global Solar Power Tracker Feb-2026
Noguera solar project III,--,,Spain,1.4,operating,2017.0,,,42.0395,1.0969,exact,Cataluña,L100001052891,G100001060685,GEM Global Solar Power Tracker Feb-2026
Noguera solar project IV,--,,Spain,2.0,operating,2023.0,,,41.822,0.5845,exact,Cataluña,L100001053171,G100001060965,GEM Global Solar Power Tracker Feb-2026
Noguera solar project V,--,,Spain,2.9,operating,2024.0,,,41.9399,1.2419,exact,Cataluña,L100001053209,G100001061003,GEM Global Solar Power Tracker Feb-2026
Noroeste solar project I,--,,Spain,5.0,operating,2022.0,,,38.1186,-1.8223,exact,Región de Murcia,L100001009358,G100001010728,GEM Global Solar Power Tracker Feb-2026
Noroeste solar project II,--,,Spain,1.9,operating,2017.0,,,38.3074,-1.8734,exact,Región de Murcia,L100001009600,G100001010970,GEM Global Solar Power Tracker Feb-2026
Noroeste solar project III,--,,Spain,4.3,operating,2017.0,,,38.2313,-1.7815,exact,Región de Murcia,L100001009606,G100001010976,GEM Global Solar Power Tracker Feb-2026
Noroeste solar project IV,--,,Spain,4.8,operating,2023.0,,,38.139,-1.809,exact,Región de Murcia,L100001009836,G100001011206,GEM Global Solar Power Tracker Feb-2026
Noroeste solar project IX,--,,Spain,1.0,operating,2024.0,,,38.1786,-1.8751,exact,Región de Murcia,L100001053076,G100001060870,GEM Global Solar Power Tracker Feb-2026
Noroeste solar project V,--,,Spain,1.6,operating,2017.0,,,38.0952,-1.8954,exact,Región de Murcia,L100001009871,G100001011241,GEM Global Solar Power Tracker Feb-2026
Noroeste solar project VI,--,Caravaca solar farm,Spain,10.9,operating,2023.0,,,38.0902,-1.7273,exact,Región de Murcia,L100001010053,G100001011423,GEM Global Solar Power Tracker Feb-2026
Noroeste solar project VII,--,,Spain,4.8,operating,2023.0,,,38.1333,-1.8335,exact,Región de Murcia,L100001010270,G100001011640,GEM Global Solar Power Tracker Feb-2026
Noroeste solar project VIII,--,,Spain,2.5,operating,2022.0,,,38.0826,-1.9144,exact,Región de Murcia,L100001010382,G100001011752,GEM Global Solar Power Tracker Feb-2026
Noroeste solar project X,--,,Spain,3.5,operating,2023.0,,,38.0462,-1.9036,exact,Región de Murcia,L100001053409,G100001061203,GEM Global Solar Power Tracker Feb-2026
Noroeste solar project XI,--,,Spain,5.1,operating,2023.0,,,37.9285,-2.1719,exact,Región de Murcia,L100001053524,G100001061318,GEM Global Solar Power Tracker Feb-2026
Noroeste solar project XII,--,,Spain,7.0,operating,2017.0,,,37.9783,-1.9328,exact,Región de Murcia,L100001053658,G100001061452,GEM Global Solar Power Tracker Feb-2026
Noroeste solar project XIII,--,,Spain,4.9,operating,2017.0,,,38.278,-1.5895,exact,Región de Murcia,L100001053677,G100001061471,GEM Global Solar Power Tracker Feb-2026
Noroeste solar project XIV,--,,Spain,8.6,operating,2017.0,,,38.0753,-1.9891,exact,Región de Murcia,L100001053780,G100001061574,GEM Global Solar Power Tracker Feb-2026
Nororma solar project,--,,Spain,2.5,operating,2023.0,,,37.1915,-4.4465,exact,Andalucía,L100001053135,G100001060929,GEM Global Solar Power Tracker Feb-2026
Nororma solar project I,--,,Spain,19.6,operating,2021.0,,,37.0904,-4.4235,exact,Andalucía,L100001009342,G100001010712,GEM Global Solar Power Tracker Feb-2026
Nororma solar project III,--,,Spain,5.6,operating,2017.0,,,37.0901,-4.4616,exact,Andalucía,L100001009627,G100001010997,GEM Global Solar Power Tracker Feb-2026
Nororma solar project V,--,,Spain,16.8,operating,2021.0,,,37.1077,-4.424,exact,Andalucía,L100001010182,G100001011552,GEM Global Solar Power Tracker Feb-2026
Nororma solar project VI,--,,Spain,7.4,operating,2017.0,,,37.1013,-4.4307,exact,Andalucía,L100001010183,G100001011553,GEM Global Solar Power Tracker Feb-2026
Nortada solar farm,--,,Spain,70.0,pre-construction,,Nortada Solar,Ignis Energía SL [100%],40.7344,-3.1712,approximate,Castilla-La Mancha,L100000824764,G100000827975,GEM Global Solar Power Tracker Feb-2026
Northwest Coast solar project,--,,Spain,1.0,operating,2022.0,,,36.7251,-6.3613,exact,Andalucía,L100001053270,G100001061064,GEM Global Solar Power Tracker Feb-2026
Northwest Coast solar project I,--,,Spain,7.6,operating,2017.0,,,36.6785,-6.3919,exact,Andalucía,L100001009569,G100001010939,GEM Global Solar Power Tracker Feb-2026
Northwest Coast solar project II,--,,Spain,8.8,operating,2023.0,,,36.7548,-6.3209,exact,Andalucía,L100001009800,G100001011170,GEM Global Solar Power Tracker Feb-2026
Noviercas solar farm,--,,Spain,220.0,pre-construction,,Fisterra Energy,,41.77,-4.2093,approximate,Castilla y León,L100000824765,G100000827976,GEM Global Solar Power Tracker Feb-2026
Nudo Mudéjar de Andorra solar farm,Calanda,"Plan Futuro Andorra, Futur-e Plan",Spain,49.9,pre-construction,2027.0,Endesa,Endesa SA [100%],40.9959,-0.3814,approximate,Aragón,L100000805777,G100000828152,GEM Global Solar Power Tracker Feb-2026
Nudo Mudéjar de Andorra solar farm,Calandrias,"Plan Futuro Andorra, Futur-e Plan",Spain,480.6,pre-construction,2027.0,Endesa,Endesa SA [100%],40.9959,-0.3814,approximate,Aragón,L100000805777,G100000828153,GEM Global Solar Power Tracker Feb-2026
Nudo Mudéjar de Andorra solar farm,El Tambor,"Plan Futuro Andorra, Futur-e Plan",Spain,75.0,pre-construction,2027.0,Endesa,Endesa SA [100%],40.9959,-0.3814,approximate,Aragón,L100000805777,G100000828154,GEM Global Solar Power Tracker Feb-2026
Nudo Mudéjar de Andorra solar farm,Regallo,"Plan Futuro Andorra, Futur-e Plan",Spain,174.0,pre-construction,2027.0,Endesa,Endesa SA [100%],40.9959,-0.3814,approximate,Aragón,L100000805777,G100000828155,GEM Global Solar Power Tracker Feb-2026
Nudo Mudéjar de Andorra solar farm,San Macario,"Plan Futuro Andorra, Futur-e Plan",Spain,74.2,pre-construction,2027.0,Endesa,Endesa SA [100%],40.9959,-0.3814,approximate,Aragón,L100000805777,G100000828156,GEM Global Solar Power Tracker Feb-2026
Nudo Mudéjar de Andorra solar farm,San Martín,"Plan Futuro Andorra, Futur-e Plan",Spain,250.6,pre-construction,2027.0,Endesa,Endesa SA [100%],40.9959,-0.3814,approximate,Aragón,L100000805777,G100000806649,GEM Global Solar Power Tracker Feb-2026
Nudo Mudéjar de Andorra solar farm,Santa Maria,"Plan Futuro Andorra, Futur-e Plan",Spain,99.4,pre-construction,2027.0,Endesa,Endesa SA [100%],40.9959,-0.3814,approximate,Aragón,L100000805777,G100000806648,GEM Global Solar Power Tracker Feb-2026
Numancia Solar 1 solar farm,--,,Spain,26.2,pre-construction,,Solen Desarrollos,Grupo Enhol [100%],41.7551,-1.9175,approximate,Castilla y León,L100001004604,G100001005402,GEM Global Solar Power Tracker Feb-2026
Nuza solar farm,1,,Spain,62.5,pre-construction,,,TotalEnergies SE [100%],36.4327,-5.4519,approximate,Andalucía,L100000824766,G100000827977,GEM Global Solar Power Tracker Feb-2026
Nuza solar farm,2,,Spain,62.5,pre-construction,,,TotalEnergies SE [100%],36.4327,-5.4519,approximate,Andalucía,L100000824766,G100001005083,GEM Global Solar Power Tracker Feb-2026
Níjarmar solar farm,--,,Spain,21.5,operating,2025.0,,Aquila Clean Energy,37.0042,-2.1223,exact,Andalucía,L100001063799,G100001073343,GEM Global Solar Power Tracker Feb-2026
Núñez De Balboa solar farm,1,,Spain,500.0,operating,2020.0,Iberdrola Renovables Energia,Iberdrola SA [100%],38.4533,-6.226,exact,Extremadura,L100000805862,G100000806744,GEM Global Solar Power Tracker Feb-2026
O Salnés solar project,--,,Spain,2.0,operating,2024.0,,,42.4516,-8.8349,exact,Galicia,L100001009936,G100001011306,GEM Global Solar Power Tracker Feb-2026
OPDE Brovales solar farm,1,,Spain,47.0,construction,,Planta Solar Opde 44,Opdenergy SA [100%],38.1848,-6.3196,exact,Extremadura,L100001005205,G100001006153,GEM Global Solar Power Tracker Feb-2026
OPDE Brovales solar farm,2,,Spain,47.0,construction,,Planta Solar OPDE 45,Opdenergy SA [100%],38.1848,-6.3196,exact,Extremadura,L100001005205,G100001006154,GEM Global Solar Power Tracker Feb-2026
OPDE Brovales solar farm,3,,Spain,17.1,construction,,Planta Solar OPDE 46,Opdenergy SA [100%],38.1848,-6.3196,exact,Extremadura,L100001005205,G100001006155,GEM Global Solar Power Tracker Feb-2026
OPDE Herrera solar farm,--,,Spain,81.1,pre-construction,,,,42.6124,-4.2705,exact,Castilla y León,L100001061814,G100001070882,GEM Global Solar Power Tracker Feb-2026
OPDE Trévago solar farm,1,,Spain,39.0,shelved - inferred 2 y,,Planta Solar OPDE 42,Otras Producciones de Energia Fotovoltaica [100%],41.8788,-2.0963,exact,Castilla y León,L100000824913,G100000828170,GEM Global Solar Power Tracker Feb-2026
OPDE Trévago solar farm,2,,Spain,39.0,shelved - inferred 2 y,,Planta Solar OPDE 47,Otras Producciones de Energia Fotovoltaica [100%],41.8809,-2.0769,exact,Castilla y León,L100000824913,G100000828171,GEM Global Solar Power Tracker Feb-2026
Obenque solar farm,1,,Spain,55.4,shelved - inferred 2 y,,Obenque Solar,Ignis Energía SL [100%],40.5641,-3.1091,approximate,Castilla-La Mancha,L100000824767,G100000827978,GEM Global Solar Power Tracker Feb-2026
Ocaña solar farm,--,,Spain,50.0,operating,2025.0,Naturgy Energy Group,Naturgy Energy Group SA [100%],39.967,-3.5652,exact,Castilla-La Mancha,L100000824768,G100000827980,GEM Global Solar Power Tracker Feb-2026
Ojeador (Grupo Ignis) solar farm,--,,Spain,59.0,pre-construction,,Ojeador Solar,Ignis Energía SL [100%],40.4786,-3.1862,approximate,Castilla-La Mancha,L100000824769,G100000827981,GEM Global Solar Power Tracker Feb-2026
Ojeador (Total Energies) solar farm,2,,Spain,42.5,pre-construction,,Alberche Conex SLU,TotalEnergies SE [100%],40.3426,-3.0341,approximate,Castilla-La Mancha,L100000824770,G100000827982,GEM Global Solar Power Tracker Feb-2026
Ojeador (Total Energies) solar farm,3,,Spain,25.0,pre-construction,,Alberche Conex SLU,TotalEnergies SE [100%],40.3426,-3.0341,approximate,Castilla-La Mancha,L100000824770,G100000827983,GEM Global Solar Power Tracker Feb-2026
Oleo solar farm,--,,Spain,75.0,pre-construction,,,,37.481,-4.4464,approximate,Andalucía,L100001061683,G100001070717,GEM Global Solar Power Tracker Feb-2026
Olius Solsonès solar project,--,,Spain,2.4,operating,2023.0,,,42.0152,1.5571,exact,Cataluña,L100001010342,G100001011712,GEM Global Solar Power Tracker Feb-2026
Oliva solar farm,1,,Spain,50.0,pre-construction,,"Solaria, Promoción y Desarrollo Fotovoltaica",Solaria Energía y Medio Ambiente SA [100%],40.7071,-3.2741,approximate,Castilla-La Mancha,L100000824772,G100000827986,GEM Global Solar Power Tracker Feb-2026
Oliva solar farm,2,,Spain,50.0,pre-construction,,"Solaria, Promoción y Desarrollo Fotovoltaica",Solaria Energía y Medio Ambiente SA [100%],40.7071,-3.2741,approximate,Castilla-La Mancha,L100000824772,G100000827987,GEM Global Solar Power Tracker Feb-2026
Oliva solar farm,3,,Spain,25.0,pre-construction,,"Solaria, Promoción y Desarrollo Fotovoltaica",Solaria Energía y Medio Ambiente SA [100%],40.7071,-3.2741,approximate,Castilla-La Mancha,L100000824772,G100000827988,GEM Global Solar Power Tracker Feb-2026
Oliva solar farm,4,,Spain,25.0,pre-construction,,"Solaria, Promoción y Desarrollo Fotovoltaica",Solaria Energía y Medio Ambiente SA [100%],40.7071,-3.2741,approximate,Castilla-La Mancha,L100000824772,G100000827989,GEM Global Solar Power Tracker Feb-2026
Oliva solar farm,5,,Spain,25.0,pre-construction,,"Solaria, Promoción y Desarrollo Fotovoltaica",Solaria Energía y Medio Ambiente SA [100%],40.7071,-3.2741,approximate,Castilla-La Mancha,L100000824772,G100000827990,GEM Global Solar Power Tracker Feb-2026
Olivar 50 solar farm,--,,Spain,50.0,pre-construction,,,,37.6519,-4.6922,approximate,Andalucía,L100001061815,G100001070883,GEM Global Solar Power Tracker Feb-2026
Olivares EP solar project,--,,Spain,11.3,operating,2019.0,,,37.8182,-3.8018,exact,Andalucía,L100001009188,G100001010558,GEM Global Solar Power Tracker Feb-2026
Olivares solar farm,--,,Spain,49.9,operating,2022.0,,Matrix Renewables [100%],37.7983,-3.7983,exact,Andalucía,L100000824773,G100000827991,GEM Global Solar Power Tracker Feb-2026
Olivenza solar farm,--,,Spain,50.0,operating,2012.0,,Grupo Ibereólica Renovables [100%],38.7548,-7.1439,exact,Extremadura,L100000824774,G100000827992,GEM Global Solar Power Tracker Feb-2026
Olmeda de la Cuesta solar project,--,,Spain,8.1,operating,2023.0,,,40.3187,-2.4752,exact,Castilla-La Mancha,L100001009170,G100001010540,GEM Global Solar Power Tracker Feb-2026
Olmedilla Hive solar farm,--,,Spain,169.0,operating,2022.0,,Hive Energy [100%],39.6143,-2.1039,approximate,Castilla-La Mancha,L100000824775,G100000827993,GEM Global Solar Power Tracker Feb-2026
Olmedilla solar farm,1,Iberdrola Olmedilla (Phase 1),Spain,42.0,operating,2022.0,Iberdrola Renovables Energia,Iberdrola SA [100%],39.6153,-2.1077,approximate,Castilla-La Mancha,L100000805879,G100000806764,GEM Global Solar Power Tracker Feb-2026
Olmedilla solar farm,3,Iberdrola Olmedilla (Phase 1),Spain,11.5,operating,2008.0,,Fotowatio Renewable Ventures (FRV) BV [100%],39.6145,-2.1034,approximate,Castilla-La Mancha,L100000805879,G100000827994,GEM Global Solar Power Tracker Feb-2026
Olmedo solar farm,--,,Spain,168.0,shelved - inferred 2 y,,Opdenergy,Opdenergy SA [100%],41.2916,-4.6943,approximate,Castilla y León,L100000824776,G100000827995,GEM Global Solar Power Tracker Feb-2026
Olèrdola Alt Penedès solar project,--,,Spain,3.9,operating,2023.0,,,41.3057,1.7285,exact,Cataluña,L100001053655,G100001061449,GEM Global Solar Power Tracker Feb-2026
Orellana CSP solar farm,--,Consoll Orellana,Spain,49.9,operating,2012.0,,Acciona SA [100%],38.992,-5.549,exact,Extremadura,L100000824777,G100000827996,GEM Global Solar Power Tracker Feb-2026
Oriental solar project,--,,Spain,3.0,operating,2017.0,,,38.1525,-1.0425,exact,Región de Murcia,L100001009582,G100001010952,GEM Global Solar Power Tracker Feb-2026
Oriental solar project I,--,,Spain,1.1,operating,2023.0,,,38.2577,-1.1487,exact,Región de Murcia,L100001052888,G100001060682,GEM Global Solar Power Tracker Feb-2026
Oriental solar project II,--,,Spain,4.7,operating,2017.0,,,38.1695,-1.0508,exact,Región de Murcia,L100001052982,G100001060776,GEM Global Solar Power Tracker Feb-2026
Oriental solar project III,--,,Spain,1.7,operating,2017.0,,,38.1573,-1.0263,exact,Región de Murcia,L100001053047,G100001060841,GEM Global Solar Power Tracker Feb-2026
Oriental solar project IV,--,,Spain,1.0,operating,2017.0,,,38.2063,-1.0292,exact,Región de Murcia,L100001053167,G100001060961,GEM Global Solar Power Tracker Feb-2026
Oriol solar farm,--,Ceclavin,Spain,328.0,operating,,,Iberdrola SA [100%],39.8221,-6.7734,approximate,Extremadura,L100000824778,G100000827997,GEM Global Solar Power Tracker Feb-2026
Oriolus solar farm,--,,Spain,390.0,shelved - inferred 2 y,,,,38.791,-5.6362,approximate,Extremadura,L100000824779,G100000827998,GEM Global Solar Power Tracker Feb-2026
Orión (Spain) solar farm,--,,Spain,51.0,pre-construction,,,LCG,40.0997,-4.0452,approximate,Comunidad de Madrid,L100001005651,G100001006782,GEM Global Solar Power Tracker Feb-2026
Orla solar farm,1,,Spain,62.5,pre-construction,,,Orla Solar,37.6087,-4.6016,approximate,Andalucía,L100000824780,G100000827999,GEM Global Solar Power Tracker Feb-2026
Orla solar farm,2,,Spain,62.5,pre-construction,,,Orla Solar,37.6087,-4.6016,approximate,Andalucía,L100000824780,G100000828000,GEM Global Solar Power Tracker Feb-2026
Oropesa solar farm,--,,Spain,300.0,pre-construction,,Kalianda Promociones,Kalianda Promociones SL [100%],39.9145,-5.1795,approximate,Castilla-La Mancha,L100000824781,G100000828001,GEM Global Solar Power Tracker Feb-2026
Osa De La Vega solar farm,1,,Spain,30.0,operating,2008.0,X-Elio,Brookfield Renewable Partners LP; KKR & Co. Inc,39.6506,-2.8001,exact,Castilla-La Mancha,L100000806034,G100000806945,GEM Global Solar Power Tracker Feb-2026
Osona solar project,--,,Spain,1.8,operating,2023.0,,,41.8638,2.2292,exact,Cataluña,L100001010413,G100001011783,GEM Global Solar Power Tracker Feb-2026
Osona solar project I,--,,Spain,1.4,operating,2022.0,,,41.9507,2.2498,exact,Cataluña,L100001053464,G100001061258,GEM Global Solar Power Tracker Feb-2026
Osona solar project II,--,,Spain,1.9,operating,2023.0,,,41.9549,2.2443,exact,Cataluña,L100001053716,G100001061510,GEM Global Solar Power Tracker Feb-2026
Otero solar farm,--,Otero Segovia,Spain,505.0,shelved,,Iberdrola,Iberdrola SA [100%],40.9839,-4.3071,approximate,Castilla y León,L100000824782,G100000828002,GEM Global Solar Power Tracker Feb-2026
Ourense solar project,--,,Spain,1.0,operating,2024.0,,,42.2934,-7.8179,exact,Galicia,L100001053474,G100001061268,GEM Global Solar Power Tracker Feb-2026
PFV Muel solar farm,--,,Spain,48.1,pre-construction,,,,41.5034,-1.1344,exact,Aragón,L100001062122,G100001071308,GEM Global Solar Power Tracker Feb-2026
PS-10 CSP solar farm,--,Planta Solar 10,Spain,11.0,operating,2007.0,,Abengoa SA [100%],37.4425,-6.25,exact,Andalucía,L100000824813,G100000828037,GEM Global Solar Power Tracker Feb-2026
PS-20 CSP solar farm,--,"Planta Solar 20, Sanlucar",Spain,20.0,operating,2009.0,,Abengoa SA [100%],37.4401,-6.2601,exact,Andalucía,L100000824814,G100000828038,GEM Global Solar Power Tracker Feb-2026
PSF Ayora solar farm,1,PSF Ayora 1,Spain,154.7,pre-construction,2026.0,Iberdrola Renovables Energia,Iberdrola SA [100%],39.2313,-1.0535,approximate,Comunidad Valenciana,L100000805869,G100000806753,GEM Global Solar Power Tracker Feb-2026
Pacheco solar farm,--,,Spain,98.4,pre-construction,,,,37.6152,-0.9943,approximate,Región de Murcia,L100001063100,G100001072475,GEM Global Solar Power Tracker Feb-2026
Palabra solar farm,--,,Spain,49.8,operating,,,,41.2874,-0.324,approximate,Aragón,L100000824783,G100000828003,GEM Global Solar Power Tracker Feb-2026
Palacios Del Arzobispo solar farm,1,,Spain,30.0,operating,2019.0,Solaria Energía y Medio Ambiente,Solaria Energía y Medio Ambiente SA [100%],41.1631,-5.8912,approximate,Castilla y León,L100000805963,G100000806866,GEM Global Solar Power Tracker Feb-2026
Palencia solar project I,--,,Spain,1.1,operating,2023.0,,,41.9936,-4.5873,exact,Castilla y León,L100001053205,G100001060999,GEM Global Solar Power Tracker Feb-2026
Palencia solar project II,--,,Spain,4.1,operating,2025.0,,,41.9981,-4.506,exact,Castilla y León,L100001053755,G100001061549,GEM Global Solar Power Tracker Feb-2026
Pallars Jussà solar project I,--,,Spain,2.4,operating,2019.0,,,42.1697,0.8852,exact,Cataluña,L100001009591,G100001010961,GEM Global Solar Power Tracker Feb-2026
Pallars Jussà solar project II,--,,Spain,1.3,operating,2023.0,,,42.1247,0.7081,exact,Cataluña,L100001010408,G100001011778,GEM Global Solar Power Tracker Feb-2026
Pallars Jussà solar project III,--,,Spain,4.4,operating,2020.0,,,42.1752,0.9112,exact,Cataluña,L100001010419,G100001011789,GEM Global Solar Power Tracker Feb-2026
Palma De Mallorca Raiguer solar project,--,,Spain,2.5,operating,2022.0,,,39.6393,2.6708,exact,Islas Baleares,L100001053361,G100001061155,GEM Global Solar Power Tracker Feb-2026
Palma De Mallorca solar project I,--,,Spain,3.5,operating,2024.0,,,39.6152,2.6658,exact,Islas Baleares,L100001053127,G100001060921,GEM Global Solar Power Tracker Feb-2026
Palma De Mallorca solar project II,--,,Spain,7.8,operating,2022.0,,,39.6513,2.6821,exact,Islas Baleares,L100001053182,G100001060976,GEM Global Solar Power Tracker Feb-2026
Palma De Mallorca solar project III,--,,Spain,2.2,operating,2022.0,,,39.5987,2.7407,exact,Islas Baleares,L100001053272,G100001061066,GEM Global Solar Power Tracker Feb-2026
Palma del Río 1 CSP solar farm,--,,Spain,49.9,operating,2011.0,,,37.645,-5.258,exact,Andalucía,L100000824785,G100000828006,GEM Global Solar Power Tracker Feb-2026
Palma del Río 2 CSP solar farm,--,,Spain,50.0,operating,2010.0,,Acciona SA [100%],37.645,-5.258,exact,Andalucía,L100000824786,G100000828007,GEM Global Solar Power Tracker Feb-2026
Palma del Río PV solar farm,--,Seneca,Spain,50.0,operating,2019.0,,Abei Energy; ENGIE SA,37.6337,-5.2733,approximate,Andalucía,L100000824787,G100000828008,GEM Global Solar Power Tracker Feb-2026
Palma solar project,--,,Spain,5.3,operating,2022.0,,,39.5157,2.7712,exact,Islas Baleares,L100001010565,G100001011935,GEM Global Solar Power Tracker Feb-2026
Paradis Solar solar farm,--,,Spain,25.0,pre-construction,,,Energia Arrebol SLU [100%],41.2416,1.2754,approximate,Cataluña,L100001000943,G100001001309,GEM Global Solar Power Tracker Feb-2026
Paraje de Cabrera II solar project,--,,Spain,6.4,operating,2017.0,,,36.9105,-4.3888,exact,Andalucía,L100001009196,G100001010566,GEM Global Solar Power Tracker Feb-2026
Parcas solar farm,1,,Spain,40.0,operating,2019.0,Eiffage Énergie Systèmes,X-Elio [100%],36.934,-2.068,exact,Andalucía,L100000805767,G100000806636,GEM Global Solar Power Tracker Feb-2026
Parla solar farm,1,,Spain,280.0,shelved - inferred 2 y,,Solaria Energía y Medio Ambiente,Solaria Energía y Medio Ambiente SA [100%],39.6209,-4.4892,approximate,Castilla-La Mancha,L100000805989,G100000806894,GEM Global Solar Power Tracker Feb-2026
Parrilla solar farm,1,,Spain,270.0,pre-construction,,Jinki Greenfield Spain 4,,37.6087,-4.6016,approximate,Andalucía,L100000824790,G100000828011,GEM Global Solar Power Tracker Feb-2026
Parrilla solar farm,2,,Spain,121.6,pre-construction,,Jinki Greenfield Spain 4,,37.6087,-4.6016,approximate,Andalucía,L100000824790,G100000828012,GEM Global Solar Power Tracker Feb-2026
Partido Judicial De Baza solar project I,--,,Spain,3.2,operating,2023.0,,,37.5111,-2.7535,exact,Andalucía,L100001052880,G100001060674,GEM Global Solar Power Tracker Feb-2026
Partido Judicial De Baza solar project II,--,,Spain,3.3,operating,2017.0,,,37.5322,-2.6466,exact,Andalucía,L100001053332,G100001061126,GEM Global Solar Power Tracker Feb-2026
Partido Judicial De Granada solar project I,--,,Spain,1.2,operating,2017.0,,,37.4797,-3.6245,exact,Andalucía,L100001053081,G100001060875,GEM Global Solar Power Tracker Feb-2026
Partido Judicial De Granada solar project II,--,,Spain,4.7,operating,2024.0,,,36.9972,-3.5578,exact,Andalucía,L100001053387,G100001061181,GEM Global Solar Power Tracker Feb-2026
Partido Judicial De Guadix solar project I,--,,Spain,1.7,operating,2023.0,,,37.3648,-3.0729,exact,Andalucía,L100001052815,G100001060609,GEM Global Solar Power Tracker Feb-2026
Partido Judicial De Guadix solar project II,--,,Spain,2.4,operating,2017.0,,,37.5065,-3.2467,exact,Andalucía,L100001053541,G100001061335,GEM Global Solar Power Tracker Feb-2026
Partido Judicial De Guadix solar project III,--,,Spain,1.4,operating,2017.0,,,37.2266,-3.0294,exact,Andalucía,L100001053823,G100001061617,GEM Global Solar Power Tracker Feb-2026
Partido Judicial De Huéscar solar project I,--,,Spain,1.7,operating,2017.0,,,37.7971,-2.5429,exact,Andalucía,L100001052908,G100001060702,GEM Global Solar Power Tracker Feb-2026
Partido Judicial De Huéscar solar project II,--,,Spain,3.8,operating,2017.0,,,37.7176,-2.551,exact,Andalucía,L100001053672,G100001061466,GEM Global Solar Power Tracker Feb-2026
Partido Judicial De Loja solar project,--,,Spain,11.6,operating,2017.0,,,37.1004,-3.7905,exact,Andalucía,L100001052994,G100001060788,GEM Global Solar Power Tracker Feb-2026
Partido Judicial De Órgiva solar project,--,,Spain,1.4,operating,2025.0,,,36.9357,-3.0723,exact,Andalucía,L100001053849,G100001061643,GEM Global Solar Power Tracker Feb-2026
Pato solar farm,--,,Spain,110.0,announced,,,ib vogt gmbH,41.6052,-3.7692,approximate,Castilla y León,L100001007666,G100001008892,GEM Global Solar Power Tracker Feb-2026
Patria 1 solar farm,--,,Spain,37.4,pre-construction,,,,36.2495,-5.9674,approximate,Andalucía,L100001064164,G100001073798,GEM Global Solar Power Tracker Feb-2026
Pañol solar farm,--,,Spain,92.5,pre-construction,,Pañol Solar,Ignis Energía SL [100%],40.5895,-3.1609,approximate,Castilla-La Mancha,L100000824788,G100000828009,GEM Global Solar Power Tracker Feb-2026
Pedrecha solar farm,--,,Spain,50.8,pre-construction,,,Capital Energy,37.2284,-3.6488,approximate,Andalucía,L100001005657,G100001006794,GEM Global Solar Power Tracker Feb-2026
Pedroso solar farm,--,,Spain,30.9,operating,,,,37.6568,-5.5269,approximate,Andalucía,L100000824791,G100000828013,GEM Global Solar Power Tracker Feb-2026
Pepino solar farm,Pepino 20,,Spain,12.8,construction,,,SENS - Iberica,40.033,-4.8029,approximate,Castilla-La Mancha,L100001007585,G100001008755,GEM Global Solar Power Tracker Feb-2026
Pepino solar farm,Pepino 3,,Spain,12.8,construction,,,SENS - Iberica,40.033,-4.8029,approximate,Castilla-La Mancha,L100001007585,G100001008756,GEM Global Solar Power Tracker Feb-2026
Peralta solar farm,--,,Spain,296.3,shelved,,Iberenova Promociones,Iberdrola SA [100%],42.3561,-1.8581,approximate,Comunidad Foral de Navarra,L100000824798,G100000828021,GEM Global Solar Power Tracker Feb-2026
Peralta/Azkoien Erriberagoiena / Ribera Alta solar project,--,,Spain,1.0,operating,2021.0,,,42.3364,-1.7855,exact,Comunidad Foral de Navarra,L100001053438,G100001061232,GEM Global Solar Power Tracker Feb-2026
Perdiguero solar farm,--,,Spain,99.8,pre-construction,,Perdiguero Solar,Ignis Energía SL [100%],40.1055,-4.1327,approximate,Castilla-La Mancha,L100000824799,G100000828022,GEM Global Solar Power Tracker Feb-2026
Perogordo CSF solar farm,--,,Spain,45.1,operating,2019.0,,China Three Gorges CORP (CTG) [100%],40.9292,-4.1586,exact,Castilla y León,L100000824800,G100000828023,GEM Global Solar Power Tracker Feb-2026
Perseo Fotón solar farm,1,"Repsol Kappa 3 (Phase 3), Repsol Kappa 2 (Phase 2), Repsol Kappa 1 (Phase 1)",Spain,45.0,operating,2021.0,Repsol,Repsol SA [100%],39.0048,-3.3892,approximate,Castilla-La Mancha,L100000805940,G100000806836,GEM Global Solar Power Tracker Feb-2026
Perseo Fotón solar farm,2,"Repsol Kappa 3 (Phase 3), Repsol Kappa 2 (Phase 2), Repsol Kappa 1 (Phase 1)",Spain,45.0,operating,2021.0,Repsol,Repsol SA [100%],39.0048,-3.3892,approximate,Castilla-La Mancha,L100000805940,G100000806837,GEM Global Solar Power Tracker Feb-2026
Perseo Fotón solar farm,3,"Repsol Kappa 3 (Phase 3), Repsol Kappa 2 (Phase 2), Repsol Kappa 1 (Phase 1)",Spain,36.0,operating,2024.0,Repsol,Repsol SA [100%],39.0048,-3.3892,approximate,Castilla-La Mancha,L100000805940,G100000806838,GEM Global Solar Power Tracker Feb-2026
Pezuelas de las Torres solar farm,--,,Spain,135.0,pre-construction,,Green Stone Renewable 7,,40.4325,-3.6799,approximate,Comunidad de Madrid,L100000824801,G100000828024,GEM Global Solar Power Tracker Feb-2026
Peña Nebina Hybrid solar farm,--,,Spain,20.5,pre-construction,,,,41.7195,-5.9903,exact,Castilla y León,L100001062215,G100001071440,GEM Global Solar Power Tracker Feb-2026
Peña Rubia solar farm,--,,Spain,29.7,pre-construction,,,,40.409,-3.4528,exact,Comunidad de Madrid,L100001062304,G100001071566,GEM Global Solar Power Tracker Feb-2026
Peñaflor (EDPR) solar farm,--,,Spain,103.4,pre-construction,,EDPR Renewable Energy Sources of Greece 1 Sole Proprietorship,EDPR Renewable Energy Sources of Greece 1 Sole Proprietorship [100%],41.7194,-4.9541,approximate,Castilla y León,L100000824792,G100000828014,GEM Global Solar Power Tracker Feb-2026
Peñaflor (Iberdrola) solar farm,--,,Spain,113.4,pre-construction,,Iberdrola Renovables Aragón,Iberdrola SA [100%],41.6715,-0.665,approximate,Aragón,L100000824793,G100000828015,GEM Global Solar Power Tracker Feb-2026
Peñaflor 2 solar farm,--,Proyecto Vendimia,Spain,49.5,operating,2021.0,Aragonesa de Gestión de Energías Alternativas,Plenium Partners [100%]; Bankinter,41.2597,-0.5265,exact,Aragón,L100000824794,G100000828016,GEM Global Solar Power Tracker Feb-2026
Peñaflor 3 solar farm,--,,Spain,48.1,pre-construction,,,,41.7313,-5.1158,approximate,Castilla y León,L100001063761,G100001073298,GEM Global Solar Power Tracker Feb-2026
Peñaflor 4 solar farm,--,,Spain,48.1,pre-construction,,,,41.6759,-5.1511,approximate,Castilla y León,L100001063763,G100001073299,GEM Global Solar Power Tracker Feb-2026
Peñalba solar farm,1,,Spain,44.0,pre-construction,,Libienergy Energías,Libienergy Energías SL [100%],41.5325,0.3532,approximate,Aragón,L100000824795,G100000828017,GEM Global Solar Power Tracker Feb-2026
Peñalba solar farm,2,,Spain,43.5,pre-construction,,Libienergy Energías,Libienergy Energías SL [100%],41.5325,0.3532,approximate,Aragón,L100000824795,G100000828018,GEM Global Solar Power Tracker Feb-2026
Peñarroya-Pueblonuevo Coal Mine solar farm,--,Peñarroya-Belmez-Espiel coal basin,Spain,170.0,announced,,,Adamant Renewables,38.1352,-4.9863,approximate,Andalucía,L100001007583,G100001008753,GEM Global Solar Power Tracker Feb-2026
Peñarrubia solar farm,--,,Spain,50.0,operating,2024.0,,Iberdrola SA [100%],43.2591,-4.5842,approximate,Andalucía,L100000824796,G100000828019,GEM Global Solar Power Tracker Feb-2026
Peñuela Alcántara solar farm,--,,Spain,434.0,pre-construction,,Desarrollos Renovables Iberia Omega,,37.6087,-4.6016,approximate,Andalucía,L100000824797,G100000828020,GEM Global Solar Power Tracker Feb-2026
Peñuelas III solar farm,--,,Spain,30.3,pre-construction,,,,36.5457,-6.1849,approximate,Andalucía,L100001062055,G100001071183,GEM Global Solar Power Tracker Feb-2026
Picador solar farm,--,,Spain,45.0,pre-construction,,Molinos del Moncayo,Ignis Energía SL [100%],41.7551,-1.4462,approximate,Aragón,L100001004143,G100001004813,GEM Global Solar Power Tracker Feb-2026
Picual solar farm,--,,Spain,193.1,pre-construction,,Delos Power,,37.6087,-4.6016,approximate,Andalucía,L100000824802,G100000828025,GEM Global Solar Power Tracker Feb-2026
Picón solar farm,1,"La Mancha Picón 2 (Phase 2), La Mancha Picón 3 (Phase 3), La Mancha Picón 1 (Phase 1)",Spain,50.0,operating,2019.0,Naturgy Energy Group,Naturgy Energy Group SA [100%],39.0301,-4.0201,approximate,Castilla-La Mancha,L100000805906,G100000806793,GEM Global Solar Power Tracker Feb-2026
Picón solar farm,2,"La Mancha Picón 2 (Phase 2), La Mancha Picón 3 (Phase 3), La Mancha Picón 1 (Phase 1)",Spain,50.0,operating,2019.0,Naturgy Energy Group,Naturgy Energy Group SA [100%],39.0301,-4.0201,approximate,Castilla-La Mancha,L100000805906,G100000806794,GEM Global Solar Power Tracker Feb-2026
Picón solar farm,3,"La Mancha Picón 2 (Phase 2), La Mancha Picón 3 (Phase 3), La Mancha Picón 1 (Phase 1)",Spain,50.0,operating,2019.0,Naturgy Energy Group,Naturgy Energy Group SA [100%],39.0301,-4.0201,approximate,Castilla-La Mancha,L100000805906,G100000806795,GEM Global Solar Power Tracker Feb-2026
Piedra de la Sal solar farm,--,,Spain,47.6,pre-construction,,,Matrix Renewables,39.614,-2.1007,approximate,Castilla-La Mancha,L100001062222,G100001071447,GEM Global Solar Power Tracker Feb-2026
Piedras del Alto solar farm,--,,Spain,40.8,pre-construction,,,,41.441,-3.8278,approximate,Castilla y León,L100001063895,G100001073451,GEM Global Solar Power Tracker Feb-2026
Pinatar solar farm,--,,Spain,93.2,construction,,,CEE Group,37.8878,-0.8787,exact,Región de Murcia,L100000824803,G100000828026,GEM Global Solar Power Tracker Feb-2026
Pinea solar farm,--,Complejo Zajuril,Spain,150.0,pre-construction,2028.0,Proyecto Fotovoltaico Pinea,Statkraft AS [100%],40.0116,-6.5264,approximate,Extremadura,L100001003178,G100001003644,GEM Global Solar Power Tracker Feb-2026
Pinilla Hybrid solar farm,--,,Spain,22.9,pre-construction,,,,38.9207,-1.7312,approximate,Castilla-La Mancha,L100001062251,G100001071486,GEM Global Solar Power Tracker Feb-2026
Pinos Puente A solar project,--,,Spain,4.8,operating,2017.0,,,37.2441,-3.7839,exact,Andalucía,L100001009180,G100001010550,GEM Global Solar Power Tracker Feb-2026
Pinos Puente solar farm,--,,Spain,147.6,operating,2022.0,,Verbund AG,37.2531,-3.7535,approximate,Andalucía,L100001007605,G100001008785,GEM Global Solar Power Tracker Feb-2026
Pinot solar farm,--,,Spain,30.0,pre-construction,,Pinot Solar,Ignis Energía SL [100%],41.7913,-5.8857,approximate,Castilla y León,L100001004660,G100001005468,GEM Global Solar Power Tracker Feb-2026
Pioz RD2 solar farm,--,,Spain,27.0,pre-construction,,,European Energy A/S [100%],40.4708,-3.1823,approximate,Castilla-La Mancha,L100000824804,G100000828027,GEM Global Solar Power Tracker Feb-2026
Pioz RT1 solar farm,--,,Spain,125.0,pre-construction,,,European Energy A/S [100%],40.4665,-3.185,approximate,Castilla-La Mancha,L100000824805,G100000828028,GEM Global Solar Power Tracker Feb-2026
Pisoraca solar farm,2,,Spain,50.0,pre-construction,,,Nara Solar SL [100%],42.5906,-4.3473,approximate,Castilla y León,L100001004515,G100001005288,GEM Global Solar Power Tracker Feb-2026
Pisoraca solar farm,3,,Spain,31.5,pre-construction,,,Nara Solar SL [100%],42.5906,-4.3473,approximate,Castilla y León,L100001004515,G100001005310,GEM Global Solar Power Tracker Feb-2026
Pitiegua solar project,--,,Spain,9.8,operating,2017.0,,,41.0548,-5.4388,exact,Castilla y León,L100001009232,G100001010602,GEM Global Solar Power Tracker Feb-2026
Pizarroso solar farm,--,,Spain,49.8,operating,2023.0,,Solarpack,39.4731,-6.3772,approximate,Extremadura,L100001007587,G100001008757,GEM Global Solar Power Tracker Feb-2026
Pla D'Urgell solar project I,--,,Spain,2.0,operating,2017.0,,,41.6495,0.9322,exact,Cataluña,L100001009390,G100001010760,GEM Global Solar Power Tracker Feb-2026
Pla D'Urgell solar project II,--,,Spain,2.2,operating,2018.0,,,41.6572,0.8571,exact,Cataluña,L100001009668,G100001011038,GEM Global Solar Power Tracker Feb-2026
Pla D'Urgell solar project III,--,,Spain,3.8,operating,2023.0,,,41.5834,0.884,exact,Cataluña,L100001010412,G100001011782,GEM Global Solar Power Tracker Feb-2026
Pla D'Urgell solar project IV,--,,Spain,1.5,operating,2025.0,,,41.7094,0.8884,exact,Cataluña,L100001052901,G100001060695,GEM Global Solar Power Tracker Feb-2026
Pla D'Urgell solar project IX,--,,Spain,1.8,operating,2025.0,,,41.6531,0.8607,exact,Cataluña,L100001053326,G100001061120,GEM Global Solar Power Tracker Feb-2026
Pla D'Urgell solar project V,--,,Spain,5.6,operating,2017.0,,,41.6443,0.8459,exact,Cataluña,L100001053034,G100001060828,GEM Global Solar Power Tracker Feb-2026
Pla D'Urgell solar project VI,--,,Spain,7.6,operating,2025.0,,,41.6793,0.8461,exact,Cataluña,L100001053059,G100001060853,GEM Global Solar Power Tracker Feb-2026
Pla D'Urgell solar project VII,--,,Spain,5.4,operating,2024.0,,,41.582,0.898,exact,Cataluña,L100001053126,G100001060920,GEM Global Solar Power Tracker Feb-2026
Pla D'Urgell solar project VIII,--,,Spain,3.4,operating,2017.0,,,41.6367,0.9117,exact,Cataluña,L100001053239,G100001061033,GEM Global Solar Power Tracker Feb-2026
Pla D'Urgell solar project X,--,,Spain,2.4,operating,2021.0,,,41.7186,0.9056,exact,Cataluña,L100001053437,G100001061231,GEM Global Solar Power Tracker Feb-2026
Pla D'Urgell solar project XI,--,,Spain,1.7,operating,2025.0,,,41.6728,0.806,exact,Cataluña,L100001053545,G100001061339,GEM Global Solar Power Tracker Feb-2026
Pla D'Urgell solar project XII,--,,Spain,2.5,operating,2025.0,,,41.6742,0.8007,exact,Cataluña,L100001053564,G100001061358,GEM Global Solar Power Tracker Feb-2026
Pla D'Urgell solar project XIII,--,,Spain,2.0,operating,2017.0,,,41.6522,0.7588,exact,Cataluña,L100001053596,G100001061390,GEM Global Solar Power Tracker Feb-2026
Pla De L'Estany solar project,--,,Spain,1.5,operating,2024.0,,,42.1278,2.8904,exact,Cataluña,L100001053795,G100001061589,GEM Global Solar Power Tracker Feb-2026
Pla De Mallorca solar project I,--,,Spain,3.5,operating,2017.0,,,39.7243,3.2181,exact,Islas Baleares,L100001009436,G100001010806,GEM Global Solar Power Tracker Feb-2026
Pla De Mallorca solar project II,--,,Spain,3.6,operating,2017.0,,,39.7446,3.0806,exact,Islas Baleares,L100001009448,G100001010818,GEM Global Solar Power Tracker Feb-2026
Pla De Mallorca solar project III,--,,Spain,3.3,operating,2017.0,,,39.7441,3.1503,exact,Islas Baleares,L100001009459,G100001010829,GEM Global Solar Power Tracker Feb-2026
Pla De Mallorca solar project IV,--,,Spain,2.6,operating,2017.0,,,39.7331,3.1479,exact,Islas Baleares,L100001009487,G100001010857,GEM Global Solar Power Tracker Feb-2026
Pla De Mallorca solar project IX,--,,Spain,3.4,operating,2017.0,,,39.6803,3.218,exact,Islas Baleares,L100001009616,G100001010986,GEM Global Solar Power Tracker Feb-2026
Pla De Mallorca solar project V,--,,Spain,4.4,operating,2017.0,,,39.7488,3.1586,exact,Islas Baleares,L100001009519,G100001010889,GEM Global Solar Power Tracker Feb-2026
Pla De Mallorca solar project VI,--,,Spain,4.0,operating,2017.0,,,39.5531,3.0786,exact,Islas Baleares,L100001009526,G100001010896,GEM Global Solar Power Tracker Feb-2026
Pla De Mallorca solar project VII,--,,Spain,3.3,operating,2017.0,,,39.733,3.115,exact,Islas Baleares,L100001009545,G100001010915,GEM Global Solar Power Tracker Feb-2026
Pla De Mallorca solar project VIII,--,,Spain,1.8,operating,2017.0,,,39.6752,2.9093,exact,Islas Baleares,L100001009588,G100001010958,GEM Global Solar Power Tracker Feb-2026
Pla De Mallorca solar project X,--,,Spain,2.3,operating,2017.0,,,39.7213,3.0286,exact,Islas Baleares,L100001010030,G100001011400,GEM Global Solar Power Tracker Feb-2026
Pla De Mallorca solar project XI,--,,Spain,12.5,operating,2022.0,,,39.7589,3.1429,exact,Islas Baleares,L100001010338,G100001011708,GEM Global Solar Power Tracker Feb-2026
Pla De Mallorca solar project XII,--,,Spain,1.6,operating,2017.0,,,39.5656,3.1405,exact,Islas Baleares,L100001053066,G100001060860,GEM Global Solar Power Tracker Feb-2026
Pla De Mallorca solar project XIII,--,,Spain,1.5,operating,2022.0,,,39.5599,2.9568,exact,Islas Baleares,L100001053068,G100001060862,GEM Global Solar Power Tracker Feb-2026
Pla De Mallorca solar project XIV,--,,Spain,2.9,operating,2022.0,,,39.6015,3.1289,exact,Islas Baleares,L100001053107,G100001060901,GEM Global Solar Power Tracker Feb-2026
Pla del Corb solar farm,--,,Spain,30.0,pre-construction,,,Energia Inagotable del Proyecto Pla del Corb SL [100%],41.8024,0.7436,approximate,Cataluña,L100001000944,G100001001313,GEM Global Solar Power Tracker Feb-2026
Pla dels Caçadors solar farm,--,,Spain,35.4,pre-construction,,Energía Inagotable De Izar,Forestalia SL [100%],41.413,0.4752,approximate,Cataluña,L100001000724,G100001001071,GEM Global Solar Power Tracker Feb-2026
Planes de l'Ovella solar farm,--,,Spain,20.0,pre-construction,,,Energía Inagotable De Dafne SL [100%],41.4331,0.394,approximate,Cataluña,L100001000722,G100001001069,GEM Global Solar Power Tracker Feb-2026
Plasencia solar project,--,,Spain,14.1,operating,2017.0,,,41.713,-1.2512,exact,Aragón,L100001009284,G100001010654,GEM Global Solar Power Tracker Feb-2026
Plataforma Solar de Almería solar project,--,,Spain,5.0,operating,1983.0,,,37.094,-2.358,exact,Andalucía,L100001009110,G100001010480,GEM Global Solar Power Tracker Feb-2026
Platalea II solar farm,--,,Spain,48.9,pre-construction,,,,39.2534,-3.4457,exact,Castilla-La Mancha,L100001062219,G100001071444,GEM Global Solar Power Tracker Feb-2026
Poblete solar farm,--,,Spain,20.0,operating,2023.0,BayWa R.E.,NTR,38.9358,-3.982,approximate,Castilla-La Mancha,L100000824806,G100000828029,GEM Global Solar Power Tracker Feb-2026
Poleñino solar farm,1,Solaria Polenino,Spain,30.0,operating,2019.0,Solaria Energía y Medio Ambiente,Solaria Energía y Medio Ambiente SA [100%],41.874,-0.321,exact,Aragón,L100000805966,G100000806869,GEM Global Solar Power Tracker Feb-2026
Pont de Fusta solar farm,--,,Spain,32.0,pre-construction,,,Energies Renovables Terra Ferma SL [100%],42.1546,1.0324,approximate,Cataluña,L100001000922,G100001001288,GEM Global Solar Power Tracker Feb-2026
Pontevedra solar project,--,,Spain,1.3,operating,2017.0,,,42.538,-8.3792,exact,Galicia,L100001053726,G100001061520,GEM Global Solar Power Tracker Feb-2026
Popa solar farm,--,,Spain,61.1,pre-construction,,,Ignis Energía SL,40.4712,-3.2346,approximate,Comunidad de Madrid,L100001005620,G100001006737,GEM Global Solar Power Tracker Feb-2026
Portachuelo (Sonnedix) solar farm,--,Hive Energy Portachuelo solar farm,Spain,35.0,operating,2022.0,,Sonnedix,39.8755,-3.9431,approximate,Castilla-La Mancha,L100001005367,G100001006397,GEM Global Solar Power Tracker Feb-2026
Portalón solar farm,--,,Spain,63.8,pre-construction,,Portalón Solar,TotalEnergies SE [100%],40.3993,-3.2803,approximate,Comunidad de Madrid,L100000824807,G100000828030,GEM Global Solar Power Tracker Feb-2026
Portillejo solar farm,5,,Spain,50.0,pre-construction,,Global Solar Energy Ocho,Global Solar Energy [100%],42.4675,-2.2109,approximate,Comunidad Foral de Navarra,L100000824808,G100000828031,GEM Global Solar Power Tracker Feb-2026
Portillejo solar farm,6,,Spain,49.9,pre-construction,,Global Solar Energy Once,Global Solar Energy [100%],42.4675,-2.2109,approximate,Comunidad Foral de Navarra,L100000824808,G100000828032,GEM Global Solar Power Tracker Feb-2026
Posadas solar farm,--,,Spain,50.0,operating,,,China Three Gorges CORP (CTG) [100%],37.8042,-5.108,approximate,Andalucía,L100000824809,G100000828033,GEM Global Solar Power Tracker Feb-2026
Posets solar farm,--,,Spain,96.2,pre-construction,,Posets Solar,Verbund AG [100%],36.8031,-4.7238,approximate,Andalucía,L100000824810,G100000828034,GEM Global Solar Power Tracker Feb-2026
Postor solar farm,--,,Spain,57.5,pre-construction,,Postor Solar,TotalEnergies SE [100%],40.3454,-3.3816,approximate,Comunidad de Madrid,L100000824811,G100000828035,GEM Global Solar Power Tracker Feb-2026
Pozohondo II solar project,--,,Spain,17.7,operating,2017.0,,,38.7197,-1.8822,exact,Castilla-La Mancha,L100001009105,G100001010475,GEM Global Solar Power Tracker Feb-2026
Pozorrubielos De La Mancha solar project,--,,Spain,3.0,operating,2023.0,,,39.4944,-1.9657,exact,Castilla-La Mancha,L100001009985,G100001011355,GEM Global Solar Power Tracker Feb-2026
Prad San Energias solar farm,Prad San Energias 2,,Spain,52.3,announced,,,Grupo Edora,40.2197,-3.8483,approximate,Comunidad de Madrid,L100001007563,G100001008718,GEM Global Solar Power Tracker Feb-2026
Prad San Energias solar farm,San Energias 1,,Spain,57.0,announced,,,Grupo Edora,40.2197,-3.8483,approximate,Comunidad de Madrid,L100001007563,G100001008717,GEM Global Solar Power Tracker Feb-2026
Prad San Solre solar farm,1,,Spain,56.5,pre-construction,,,Grupo Edora,40.2336,-3.9943,approximate,Comunidad de Madrid,L100001007562,G100001008715,GEM Global Solar Power Tracker Feb-2026
Prad San Solre solar farm,2,,Spain,56.6,pre-construction,,,Grupo Edora,40.2336,-3.9943,approximate,Comunidad de Madrid,L100001007562,G100001008716,GEM Global Solar Power Tracker Feb-2026
Prado Gris solar farm,--,,Spain,134.7,pre-construction,,PFV Prado Gris,Statkraft AS [100%],40.2015,-4.2055,approximate,Castilla-La Mancha,L100000824812,G100000828036,GEM Global Solar Power Tracker Feb-2026
Prados de Luna solar project,--,,Spain,13.5,operating,2021.0,,,40.0187,-3.9168,exact,Castilla-La Mancha,L100001009264,G100001010634,GEM Global Solar Power Tracker Feb-2026
Proyecto Híbrido Paredes solar farm,--,,Spain,150.0,pre-construction,2027.0,,Grupo Ibereólica Renovables [100%],42.0404,-4.5093,approximate,Castilla y León,L100001001171,G100001001572,GEM Global Solar Power Tracker Feb-2026
Proyecto Híbrido Villamayor solar farm,--,,Spain,202.5,pre-construction,,,Grupo Ibereólica Renovables [100%],41.8939,-5.3746,approximate,Castilla y León,L100001001172,G100001001573,GEM Global Solar Power Tracker Feb-2026
Puebla de Almoradiel solar project,--,,Spain,11.8,operating,2008.0,,,39.632,-3.09,exact,Castilla-La Mancha,L100001009265,G100001010635,GEM Global Solar Power Tracker Feb-2026
Puente Nuevo solar farm,Floating,,Spain,50.0,announced,,,EDPR Renewable Energy Sources of Greece 1 Sole Proprietorship,38.1891,-5.0189,approximate,Andalucía,L100001007590,G100001008760,GEM Global Solar Power Tracker Feb-2026
Puente Nuevo solar farm,Ground-based,,Spain,300.0,announced,,,EDPR Renewable Energy Sources of Greece 1 Sole Proprietorship,38.1891,-5.0189,approximate,Andalucía,L100001007590,G100001008761,GEM Global Solar Power Tracker Feb-2026
Puerta Palma solar farm,1,Puerto Palmas,Spain,50.0,operating,,Enel Green Power,Endesa SA [100%],38.7574,-6.3997,approximate,Extremadura,L100000805786,G100000806660,GEM Global Solar Power Tracker Feb-2026
Puerta del Jerte solar farm,--,,Spain,30.0,operating,2023.0,,Naturgy Energy Group SA [100%],40.0276,-6.0943,approximate,Extremadura,L100000824815,G100000828039,GEM Global Solar Power Tracker Feb-2026
Puerta del Sol solar farm,--,,Spain,44.0,operating,2023.0,,RWE AG,40.6952,-3.3499,approximate,Castilla-La Mancha,L100000824816,G100000828040,GEM Global Solar Power Tracker Feb-2026
Puerto (Región de Murcia) solar farm,--,,Spain,25.0,pre-construction,,,,38.0124,-1.1311,approximate,Región de Murcia,L100001063122,G100001072501,GEM Global Solar Power Tracker Feb-2026
Puerto Energy solar farm,--,,Spain,21.4,pre-construction,,,,36.7325,-6.1276,approximate,Andalucía,L100001063773,G100001073310,GEM Global Solar Power Tracker Feb-2026
Puerto Errado CSP solar farm,1,,Spain,1.4,operating,2009.0,Novatec Solar España,Novatec Solar España SL [100%],38.2837,-1.6002,exact,Región de Murcia,L100000824817,G100000828041,GEM Global Solar Power Tracker Feb-2026
Puerto Errado CSP solar farm,2,,Spain,30.0,operating,2012.0,,Genossenschaft Elektra Baselland; Novatec Biosol; Industrielle Werke Basel (IWB),38.2837,-1.6002,exact,Región de Murcia,L100000824817,G100000828042,GEM Global Solar Power Tracker Feb-2026
Puerto La Luz solar farm,--,,Spain,200.0,pre-construction,,,Alter Enersun SA [100%],37.2492,-6.9533,approximate,Andalucía,L100001003751,G100001004302,GEM Global Solar Power Tracker Feb-2026
Puerto Lumbreras solar farm,--,Pydesa Pto Lumbreras,Spain,50.0,operating,2021.0,,Pydesa Renovables [100%],37.5202,-1.8111,approximate,Región de Murcia,L100000824818,G100000828043,GEM Global Solar Power Tracker Feb-2026
Puerto Real solar farm,1,,Spain,133.6,operating,2019.0,,,36.5152,-6.2765,approximate,Andalucía,L100000824819,G100000828044,GEM Global Solar Power Tracker Feb-2026
Puerto Real solar farm,2,,Spain,46.9,operating,2022.0,,,36.5152,-6.2765,approximate,Andalucía,L100000824819,G100000828045,GEM Global Solar Power Tracker Feb-2026
Puerto Real solar farm,3,,Spain,50.0,operating,2023.0,,MET Group [100%],36.5197,-6.2789,approximate,Andalucía,L100000824819,G100000828046,GEM Global Solar Power Tracker Feb-2026
Puerto Serrano H2 solar farm,1,,Spain,74.1,pre-construction,,,,37.0379,-5.6061,approximate,Andalucía,L100001061921,G100001071020,GEM Global Solar Power Tracker Feb-2026
Puerto Serrano H2 solar farm,2,,Spain,74.1,pre-construction,,,,36.8779,-5.6192,approximate,Andalucía,L100001061921,G100001071021,GEM Global Solar Power Tracker Feb-2026
Puerto Sostenible I solar farm,--,,Spain,43.5,pre-construction,,,,37.2389,-6.9399,exact,Andalucía,L100001061929,G100001071031,GEM Global Solar Power Tracker Feb-2026
Puerto Sostenible II solar farm,--,,Spain,43.5,pre-construction,,,,37.2389,-6.9399,exact,Andalucía,L100001061934,G100001071040,GEM Global Solar Power Tracker Feb-2026
Puerto Sostenible III solar farm,--,,Spain,43.5,pre-construction,,,,37.2389,-6.9399,approximate,Andalucía,L100001061936,G100001071042,GEM Global Solar Power Tracker Feb-2026
Puerto solar farm,--,,Spain,41.0,announced,,,Capital Energy,36.7065,-4.4548,approximate,Andalucía,L100001007591,G100001008762,GEM Global Solar Power Tracker Feb-2026
Puertollano Green Hydrogen Solar Plant,1,,Spain,120.0,operating,2022.0,Iberdrola Renovables Energia,Iberdrola SA [100%],38.6927,-4.097,approximate,Castilla-La Mancha,L100000805875,G100000806760,GEM Global Solar Power Tracker Feb-2026
Puertollano solar farm,1,,Spain,50.0,operating,2008.0,Renovalia Energy Group,Cerebus Capital Management LP [100%],38.6201,-3.974,exact,Castilla-La Mancha,L100000805937,G100000806833,GEM Global Solar Power Tracker Feb-2026
Puntiro (Hive Energy) solar farm,1,,Spain,65.0,announced,,,Hive Energy,39.5783,2.6478,approximate,Islas Baleares,L100001007565,G100001008720,GEM Global Solar Power Tracker Feb-2026
Puntiro (Hive Energy) solar farm,2,,Spain,50.0,announced,,,Hive Energy,39.5783,2.6478,approximate,Islas Baleares,L100001007565,G100001008721,GEM Global Solar Power Tracker Feb-2026
Páramo de los Angostillos Hybrid solar farm,--,,Spain,28.6,pre-construction,,,,41.9864,-4.2761,approximate,Castilla y León,L100001064034,G100001073636,GEM Global Solar Power Tracker Feb-2026
Páramos de la Sagra solar farm,--,,Spain,93.0,pre-construction,,VE Sonnedix SPV Beta,Viridi RE [100%],40.0952,-3.959,approximate,Castilla-La Mancha,L100000824789,G100000828010,GEM Global Solar Power Tracker Feb-2026
Páramos solar farm,--,,Spain,93.0,pre-construction,,,,40.1223,-3.923,approximate,Castilla-La Mancha,L100001062230,G100001071465,GEM Global Solar Power Tracker Feb-2026
Quijote solar farm,--,,Spain,42.2,operating,2019.0,,Enel Green Power SpA [100%],38.7824,-6.625,approximate,Extremadura,L100000824820,G100000828047,GEM Global Solar Power Tracker Feb-2026
Quilla solar farm,--,,Spain,63.8,pre-construction,,Quilla Solar,TotalEnergies SE [100%],40.3674,-3.343,approximate,Comunidad de Madrid,L100000824821,G100000828048,GEM Global Solar Power Tracker Feb-2026
Quintana solar farm,--,,Spain,24.9,pre-construction,,Ciudad Rodrigo Solar,Erbienergia Inversiones [100%],42.6624,-6.0518,approximate,Castilla y León,L100001004627,G100001005428,GEM Global Solar Power Tracker Feb-2026
Quinto De Ebro solar farm,1,,Spain,50.0,cancelled,,EDPR Renewable Energy Sources of Greece 1 Sole Proprietorship,EDPR Renewable Energy Sources of Greece 1 Sole Proprietorship [100%],41.4295,-0.4917,approximate,Aragón,L100000805761,G100000806630,GEM Global Solar Power Tracker Feb-2026
Quintos solar farm,--,,Spain,42.6,pre-construction,,,,37.3404,-5.8406,approximate,Andalucía,L100001062053,G100001071178,GEM Global Solar Power Tracker Feb-2026
Ququima solar farm,--,,Spain,232.0,pre-construction,2026.0,Ququima Energy,Capital Energy [100%],37.4622,-2.7625,approximate,Andalucía,L100000824822,G100000828049,GEM Global Solar Power Tracker Feb-2026
Rabilargo solar farm,--,,Spain,50.0,pre-construction,,,Rabilargo Solar SL [100%],41.5737,0.529,approximate,Cataluña,L100001000842,G100001001199,GEM Global Solar Power Tracker Feb-2026
Rabiza solar farm,1,,Spain,75.0,pre-construction,,Rabiza Solar,Rabiza Solar SLU [100%],40.1168,-3.3622,approximate,Comunidad de Madrid,L100000824823,G100000828050,GEM Global Solar Power Tracker Feb-2026
Rabiza solar farm,Ampliación,,Spain,52.2,pre-construction,,Rabiza Solar,Rabiza Solar SLU [100%],40.1168,-3.3622,approximate,Comunidad de Madrid,L100000824823,G100001005231,GEM Global Solar Power Tracker Feb-2026
Radona 1 Hybrid solar farm,--,,Spain,24.0,pre-construction,,Iberdrola Renovables Castilla y León,Iberdrola Renovables SA [100%],41.2827,-2.4818,exact,Castilla y León,L100000824824,G100000828051,GEM Global Solar Power Tracker Feb-2026
Radona 2 Hybrid solar farm,--,,Spain,31.5,pre-construction,,Iberdrola Renovables Castilla y León,Iberdrola Renovables SA [100%],41.3445,-2.4399,exact,Castilla y León,L100000824825,G100000828052,GEM Global Solar Power Tracker Feb-2026
Raiguer solar project I,--,,Spain,9.9,operating,2017.0,,,39.7044,2.8593,exact,Islas Baleares,L100001009408,G100001010778,GEM Global Solar Power Tracker Feb-2026
Raiguer solar project II,--,,Spain,2.3,operating,2021.0,,,39.6963,2.8533,exact,Islas Baleares,L100001009522,G100001010892,GEM Global Solar Power Tracker Feb-2026
Raiguer solar project III,--,,Spain,2.3,operating,2017.0,,,39.692,2.8916,exact,Islas Baleares,L100001009779,G100001011149,GEM Global Solar Power Tracker Feb-2026
Raiguer solar project IV,--,,Spain,2.1,operating,2020.0,,,39.6755,2.8009,exact,Islas Baleares,L100001009829,G100001011199,GEM Global Solar Power Tracker Feb-2026
Raiguer solar project IX,--,,Spain,2.4,operating,2023.0,,,39.6609,2.7926,exact,Islas Baleares,L100001053817,G100001061611,GEM Global Solar Power Tracker Feb-2026
Raiguer solar project V,--,,Spain,2.7,operating,2022.0,,,39.8129,3.0977,exact,Islas Baleares,L100001010340,G100001011710,GEM Global Solar Power Tracker Feb-2026
Raiguer solar project VI,--,,Spain,3.4,operating,2022.0,,,39.6996,2.8716,exact,Islas Baleares,L100001010341,G100001011711,GEM Global Solar Power Tracker Feb-2026
Raiguer solar project VII,--,,Spain,1.6,operating,2023.0,,,39.6488,2.7985,exact,Islas Baleares,L100001053189,G100001060983,GEM Global Solar Power Tracker Feb-2026
Raiguer solar project VIII,--,,Spain,1.3,operating,2022.0,,,39.6774,2.9517,exact,Islas Baleares,L100001053436,G100001061230,GEM Global Solar Power Tracker Feb-2026
Ramal Sur Hybrid solar farm,--,,Spain,44.7,pre-construction,,,,42.1776,-1.6966,approximate,Comunidad Foral de Navarra,L100001063474,G100001072942,GEM Global Solar Power Tracker Feb-2026
Ramón Escriche solar project,--,,Spain,8.0,operating,2008.0,,,41.239,0.5336,exact,Cataluña,L100001009252,G100001010622,GEM Global Solar Power Tracker Feb-2026
Rascon solar farm,--,,Spain,55.0,construction,,,Rascon Solar SL [100%],41.6072,0.5153,approximate,Cataluña,L100001000845,G100001001202,GEM Global Solar Power Tracker Feb-2026
Recas 50 solar farm,--,,Spain,50.0,pre-construction,,,Audax Renovables SA,40.0546,-3.988,approximate,Castilla-La Mancha,L100001005470,G100001006510,GEM Global Solar Power Tracker Feb-2026
Rececho solar farm,--,,Spain,57.5,pre-construction,,Rececho Solar,TotalEnergies SE [100%],40.3325,-3.3801,approximate,Comunidad de Madrid,L100000824826,G100000828053,GEM Global Solar Power Tracker Feb-2026
Reclamo solar farm,--,,Spain,40.2,pre-construction,,Reclamo Solar,Ignis Energía SL [100%],37.0517,-4.7828,approximate,Andalucía,L100000824827,G100000828054,GEM Global Solar Power Tracker Feb-2026
Recova solar farm,1,,Spain,72.5,pre-construction,,,Recova Solar SLU [100%],40.1168,-3.3809,approximate,Comunidad de Madrid,L100000824828,G100000828055,GEM Global Solar Power Tracker Feb-2026
Recova solar farm,Ampliación,,Spain,52.2,pre-construction,,,Recova Solar SLU [100%],40.1168,-3.3809,approximate,Comunidad de Madrid,L100000824828,G100001005232,GEM Global Solar Power Tracker Feb-2026
Regata solar farm,--,,Spain,50.0,pre-construction,,,,40.1033,-3.3793,approximate,Comunidad de Madrid,L100000824829,G100000828056,GEM Global Solar Power Tracker Feb-2026
Rehala solar farm,--,,Spain,157.7,pre-construction,,Rehala Solar,Ignis Energía SL [100%],37.0565,-4.757,approximate,Andalucía,L100000824830,G100000828057,GEM Global Solar Power Tracker Feb-2026
Renedo (Solaria) solar farm,--,,Spain,26.0,operating,2020.0,,Solaria,41.0525,-4.6481,approximate,Castilla y León,L100001007696,G100001008968,GEM Global Solar Power Tracker Feb-2026
Renedo GZ solar farm,--,,Spain,50.0,pre-construction,,Fotovoltaica Zarafot 4,Grupo Zaragozá [100%],41.6842,-4.5935,approximate,Castilla y León,L100001004575,G100001005371,GEM Global Solar Power Tracker Feb-2026
Renedo I solar farm,--,,Spain,50.0,pre-construction,,Alcaraz Solar,Nara Solar SL [100%],41.6469,-4.527,approximate,Castilla y León,L100001004574,G100001005370,GEM Global Solar Power Tracker Feb-2026
Renopool solar farm,1,,Spain,130.0,operating,2025.0,,Eni SpA,38.7978,-6.6289,approximate,Extremadura,L100001007593,G100001008764,GEM Global Solar Power Tracker Feb-2026
Renopool solar farm,2,,Spain,200.0,construction,,,Eni SpA,38.7978,-6.6289,approximate,Extremadura,L100001007593,G100001090930,GEM Global Solar Power Tracker Feb-2026
Retama solar farm,--,,Spain,52.5,pre-construction,,,,42.1129,-4.6405,approximate,Castilla y León,L100001063475,G100001072943,GEM Global Solar Power Tracker Feb-2026
Retamar solar farm,--,,Spain,50.0,pre-construction,,Retama Solar,Ignis Energía SL [100%],42.1043,-4.6319,approximate,Castilla y León,L100001004584,G100001005381,GEM Global Solar Power Tracker Feb-2026
Reus Baix Camp solar project,--,,Spain,1.7,operating,2023.0,,,41.1125,1.1704,exact,Cataluña,L100001053512,G100001061306,GEM Global Solar Power Tracker Feb-2026
Revilla-Vallejera solar farm,--,,Spain,50.0,operating,2022.0,,Iberdrola SA [100%],42.1462,-4.1598,exact,Castilla y León,L100000824831,G100000828058,GEM Global Solar Power Tracker Feb-2026
Rey solar farm,1,,Spain,89.1,operating,2025.0,,Recurrent Energy LLC,37.5627,-5.6031,exact,Andalucía,L100000824832,G100000828059,GEM Global Solar Power Tracker Feb-2026
Rey solar farm,2,,Spain,89.1,operating,2025.0,,Recurrent Energy LLC,37.5627,-5.6031,exact,Andalucía,L100000824832,G100000828060,GEM Global Solar Power Tracker Feb-2026
Rey solar farm,3,,Spain,89.1,operating,2025.0,,Recurrent Energy LLC,37.5627,-5.6031,exact,Andalucía,L100000824832,G100000828061,GEM Global Solar Power Tracker Feb-2026
Rey solar farm,4,,Spain,89.1,operating,2025.0,,Recurrent Energy LLC,37.5627,-5.6031,exact,Andalucía,L100000824832,G100000828062,GEM Global Solar Power Tracker Feb-2026
Ribadelago solar farm,--,,Spain,37.3,pre-construction,,Emaldi Project Spain,Linea Aire y Sol [100%],42.0522,-6.5332,approximate,Castilla y León,L100001004622,G100001005424,GEM Global Solar Power Tracker Feb-2026
Ribagrande solar farm,--,,Spain,49.8,operating,,,,41.2617,-0.1265,approximate,Aragón,L100000824833,G100000828063,GEM Global Solar Power Tracker Feb-2026
Ribera Alta Del Ebro solar project I,--,,Spain,6.1,operating,2023.0,,,41.7284,-1.2294,exact,Aragón,L100001009399,G100001010769,GEM Global Solar Power Tracker Feb-2026
Ribera Alta Del Ebro solar project II,--,,Spain,1.1,operating,2017.0,,,41.8594,-1.3134,exact,Aragón,L100001009870,G100001011240,GEM Global Solar Power Tracker Feb-2026
Ribera Alta Del Ebro solar project IV,--,,Spain,2.7,operating,2023.0,,,41.8712,-1.3309,exact,Aragón,L100001010291,G100001011661,GEM Global Solar Power Tracker Feb-2026
Ribera Alta Del Ebro solar project V,--,,Spain,1.5,operating,2017.0,,,41.8646,-1.2051,exact,Aragón,L100001053129,G100001060923,GEM Global Solar Power Tracker Feb-2026
Ribera Alta Del Ebro solar project VI,--,,Spain,18.6,operating,2024.0,,,41.7479,-1.2045,exact,Aragón,L100001053335,G100001061129,GEM Global Solar Power Tracker Feb-2026
Ribera Alta Del Ebro solar project VII,--,,Spain,13.5,operating,2024.0,,,41.7199,-1.2108,exact,Aragón,L100001053659,G100001061453,GEM Global Solar Power Tracker Feb-2026
Ribera Alta Del Ebro solar project VIII,--,,Spain,1.5,operating,2024.0,,,41.7365,-1.1974,exact,Aragón,L100001053690,G100001061484,GEM Global Solar Power Tracker Feb-2026
Ribera Baja Del Ebro solar project III,--,,Spain,2.2,operating,2023.0,,,41.4203,-0.4532,exact,Aragón,L100001009697,G100001011067,GEM Global Solar Power Tracker Feb-2026
Ribera Baja Del Ebro solar project VIII,--,,Spain,9.7,operating,2017.0,,,41.5238,-0.5227,exact,Aragón,L100001009995,G100001011365,GEM Global Solar Power Tracker Feb-2026
Ribera Baja Del Ebro solar project XI,--,,Spain,9.6,operating,2021.0,,,41.274,-0.2091,exact,Aragón,L100001010420,G100001011790,GEM Global Solar Power Tracker Feb-2026
Ribera Baja Del Ebro solar project XII,--,,Spain,4.0,operating,2023.0,,,41.3962,-0.4828,exact,Aragón,L100001010425,G100001011795,GEM Global Solar Power Tracker Feb-2026
Ribera Baja Del Ebro solar project XIII,--,,Spain,5.8,operating,2023.0,,,41.3267,-0.4441,exact,Aragón,L100001053109,G100001060903,GEM Global Solar Power Tracker Feb-2026
Ribera Baja Del Ebro solar project XIV,--,,Spain,4.9,operating,2024.0,,,41.3986,-0.5812,exact,Aragón,L100001053530,G100001061324,GEM Global Solar Power Tracker Feb-2026
Ribera Baja Del Ebro solar project XV,--,,Spain,1.1,operating,2025.0,,,41.423,-0.4475,exact,Aragón,L100001053751,G100001061545,GEM Global Solar Power Tracker Feb-2026
Ribera Baja Del Ebro solar project XVI,--,,Spain,3.3,operating,2024.0,,,41.4006,-0.5725,exact,Aragón,L100001053765,G100001061559,GEM Global Solar Power Tracker Feb-2026
Ribera Baja Del Ebro solar project XVII,--,,Spain,1.3,operating,2022.0,,,41.3246,-0.4349,exact,Aragón,L100001053809,G100001061603,GEM Global Solar Power Tracker Feb-2026
Ribera D'Ebre solar project,--,,Spain,3.0,operating,2017.0,,,41.0827,0.6821,exact,Cataluña,L100001053599,G100001061393,GEM Global Solar Power Tracker Feb-2026
Ricobayo solar farm,1,Zamora (Euder Energy) solar farm,Spain,50.0,pre-construction,,Marsic Solar,Euder Energy SL [100%],41.5342,-5.9868,approximate,Castilla y León,L100000824962,G100000828229,GEM Global Solar Power Tracker Feb-2026
Ricobayo solar farm,2,Zamora (Euder Energy) solar farm,Spain,50.0,pre-construction,,Marsic Solar,Euder Energy SL [100%],41.5342,-5.9868,approximate,Castilla y León,L100000824962,G100000828230,GEM Global Solar Power Tracker Feb-2026
Rioja solar project I,--,,Spain,3.1,operating,2017.0,,,42.2053,-1.7984,exact,La Rioja,L100001009468,G100001010838,GEM Global Solar Power Tracker Feb-2026
Rioja solar project II,--,,Spain,10.5,operating,2023.0,,,42.3234,-2.0391,exact,La Rioja,L100001009469,G100001010839,GEM Global Solar Power Tracker Feb-2026
Rioja solar project III,--,,Spain,3.0,operating,2017.0,,,42.0616,-1.9693,exact,La Rioja,L100001009557,G100001010927,GEM Global Solar Power Tracker Feb-2026
Rioja solar project IV,--,,Spain,2.0,operating,2017.0,,,42.4316,-2.739,exact,La Rioja,L100001009718,G100001011088,GEM Global Solar Power Tracker Feb-2026
Rioja solar project IX,--,,Spain,17.0,operating,2017.0,,,42.2137,-1.8548,exact,La Rioja,L100001009964,G100001011334,GEM Global Solar Power Tracker Feb-2026
Rioja solar project V,--,,Spain,4.5,operating,2017.0,,,42.4259,-2.9121,exact,La Rioja,L100001009796,G100001011166,GEM Global Solar Power Tracker Feb-2026
Rioja solar project VI,--,,Spain,2.1,operating,2017.0,,,42.2325,-2.1044,exact,La Rioja,L100001009892,G100001011262,GEM Global Solar Power Tracker Feb-2026
Rioja solar project VII,--,,Spain,11.6,operating,2019.0,,,42.2036,-1.8248,exact,La Rioja,L100001009898,G100001011268,GEM Global Solar Power Tracker Feb-2026
Rioja solar project VIII,--,,Spain,8.3,operating,2023.0,,,42.2872,-2.0245,exact,La Rioja,L100001009926,G100001011296,GEM Global Solar Power Tracker Feb-2026
Rioja solar project XI,--,,Spain,10.2,operating,2019.0,,,42.2545,-1.998,exact,La Rioja,L100001010520,G100001011890,GEM Global Solar Power Tracker Feb-2026
Rioja solar project XII,--,,Spain,1.9,operating,2017.0,,,42.2034,-1.8353,exact,La Rioja,L100001052853,G100001060647,GEM Global Solar Power Tracker Feb-2026
Rioja solar project XIII,--,,Spain,1.7,operating,2017.0,,,42.5504,-3.0097,exact,La Rioja,L100001052867,G100001060661,GEM Global Solar Power Tracker Feb-2026
Rioja solar project XIV,--,,Spain,2.7,operating,2024.0,,,42.4318,-2.3537,exact,La Rioja,L100001052944,G100001060738,GEM Global Solar Power Tracker Feb-2026
Rioja solar project XIX,--,,Spain,11.6,operating,2017.0,,,42.457,-2.7066,exact,La Rioja,L100001053515,G100001061309,GEM Global Solar Power Tracker Feb-2026
Rioja solar project XV,--,,Spain,3.5,operating,2023.0,,,42.5225,-3.0112,exact,La Rioja,L100001053084,G100001060878,GEM Global Solar Power Tracker Feb-2026
Rioja solar project XVI,--,,Spain,1.8,operating,2023.0,,,42.3977,-2.1209,exact,La Rioja,L100001053113,G100001060907,GEM Global Solar Power Tracker Feb-2026
Rioja solar project XVII,--,,Spain,2.1,operating,2017.0,,,42.4707,-2.9223,exact,La Rioja,L100001053224,G100001061018,GEM Global Solar Power Tracker Feb-2026
Rioja solar project XVIII,--,,Spain,3.0,operating,2017.0,,,42.3942,-2.8373,exact,La Rioja,L100001053366,G100001061160,GEM Global Solar Power Tracker Feb-2026
Rioja solar project XX,--,,Spain,2.2,operating,2024.0,,,42.4328,-2.2731,exact,La Rioja,L100001053678,G100001061472,GEM Global Solar Power Tracker Feb-2026
Rioja solar project XXI,--,,Spain,3.9,operating,2023.0,,,42.47,-2.9326,exact,La Rioja,L100001053687,G100001061481,GEM Global Solar Power Tracker Feb-2026
Rioja solar project XXII,--,,Spain,4.0,operating,2023.0,,,42.3803,-2.6661,exact,La Rioja,L100001053762,G100001061556,GEM Global Solar Power Tracker Feb-2026
Rioja solar project XXIII,--,,Spain,1.0,operating,2025.0,,,42.2385,-2.0832,exact,La Rioja,L100001053779,G100001061573,GEM Global Solar Power Tracker Feb-2026
Rivera solar farm,--,,Spain,419.9,pre-construction,2026.0,Iberdrola,Iberdrola SA [100%],37.3835,-6.8368,approximate,Andalucía,L100000824835,G100000828065,GEM Global Solar Power Tracker Feb-2026
Roblasun solar farm,1,,Spain,47.5,pre-construction,,,Roblasun 1 SLU [100%],42.7208,-5.7528,approximate,Castilla y León,L100001004661,G100001005469,GEM Global Solar Power Tracker Feb-2026
Roblasun solar farm,2,,Spain,47.5,pre-construction,,,Roblasun 2 SLU [100%],42.7208,-5.7528,approximate,Castilla y León,L100001004661,G100001005470,GEM Global Solar Power Tracker Feb-2026
Roblasun solar farm,3,,Spain,50.0,pre-construction,,,Roblasun 3 SLU [100%],42.7208,-5.7528,approximate,Castilla y León,L100001004661,G100001005471,GEM Global Solar Power Tracker Feb-2026
Rocinante solar farm,--,,Spain,106.5,pre-construction,,Enel Green Power España,Endesa SA [100%],38.6648,-4.1406,approximate,Castilla-La Mancha,L100000824836,G100000828066,GEM Global Solar Power Tracker Feb-2026
Rocío solar farm,--,,Spain,70.0,pre-construction,,Green Tie Desarrollo SLU,,37.6087,-4.6016,approximate,Andalucía,L100000824837,G100000828067,GEM Global Solar Power Tracker Feb-2026
Rodrigo solar farm,1,FV Rodrigo,Spain,168.6,pre-construction,,Omicron,,41.77,-4.2093,approximate,Castilla y León,L100000824838,G100000828068,GEM Global Solar Power Tracker Feb-2026
Rodrigo solar farm,2,FV Rodrigo,Spain,219.6,pre-construction,,Omicron,,41.77,-4.2093,approximate,Castilla y León,L100000824838,G100000828069,GEM Global Solar Power Tracker Feb-2026
Romica Encinares solar farm,--,,Spain,230.0,shelved - inferred 2 y,,Aratel,,39.6111,-2.7904,approximate,Castilla-La Mancha,L100000824839,G100000828070,GEM Global Solar Power Tracker Feb-2026
Romica solar farm,--,,Spain,134.4,pre-construction,,Greenpower Renovables,,39.6111,-2.7904,approximate,Castilla-La Mancha,L100000824840,G100000828071,GEM Global Solar Power Tracker Feb-2026
Ronda 4 solar farm,--,,Spain,47.2,pre-construction,,,,36.9846,-4.925,approximate,Andalucía,L100001061916,G100001071016,GEM Global Solar Power Tracker Feb-2026
Ronda solar farm,1,,Spain,92.9,pre-construction,,CEPSA Gas y Electricidad,Compañía Española de Petróleos SA [100%],36.9152,-5.2088,approximate,Andalucía,L100000824841,G100000828072,GEM Global Solar Power Tracker Feb-2026
Ronda solar farm,2,,Spain,92.9,pre-construction,,CEPSA Gas y Electricidad,Compañía Española de Petróleos SA [100%],36.9152,-5.2088,approximate,Andalucía,L100000824841,G100000828073,GEM Global Solar Power Tracker Feb-2026
Ronda solar farm,3,,Spain,92.9,pre-construction,,CEPSA Gas y Electricidad,Compañía Española de Petróleos SA [100%],36.9152,-5.2088,approximate,Andalucía,L100000824841,G100000828074,GEM Global Solar Power Tracker Feb-2026
Rota solar project,--,,Spain,14.8,operating,2023.0,,,36.694,-6.2842,exact,Andalucía,L100001009147,G100001010517,GEM Global Solar Power Tracker Feb-2026
Roteles solar farm,--,,Spain,50.0,pre-construction,,Planta Fotovoltaica Roteles,AXPO Solar Iberia [100%],42.5615,-5.7858,approximate,Castilla y León,L100001004530,G100001005312,GEM Global Solar Power Tracker Feb-2026
Rueda Sur Solar solar farm,1,,Spain,30.0,construction,2026.0,Compañía Energética Aragonesa de Renovables (CEAR),BayWa R.E. AG [100%],41.5892,-1.2409,approximate,Aragón,L100001005195,G100001006135,GEM Global Solar Power Tracker Feb-2026
Rueda Sur Solar solar farm,2,,Spain,23.0,construction,2026.0,Compañía Energética Aragonesa de Renovables (CEAR),BayWa R.E. AG [100%],41.5892,-1.2409,approximate,Aragón,L100001005195,G100001006136,GEM Global Solar Power Tracker Feb-2026
Rufete solar farm,--,,Spain,50.0,pre-construction,,,Rufete Solar SL [100%],41.5586,0.5202,approximate,Cataluña,L100001000843,G100001001200,GEM Global Solar Power Tracker Feb-2026
Río Mula solar project II,--,,Spain,19.2,operating,2018.0,,,37.9884,-1.3725,exact,Región de Murcia,L100001009463,G100001010833,GEM Global Solar Power Tracker Feb-2026
Río Mula solar project III,--,,Spain,3.5,operating,2023.0,,,38.0572,-1.3487,exact,Región de Murcia,L100001009534,G100001010904,GEM Global Solar Power Tracker Feb-2026
Río Mula solar project IV,--,,Spain,5.9,operating,2017.0,,,38.0598,-1.47,exact,Región de Murcia,L100001053158,G100001060952,GEM Global Solar Power Tracker Feb-2026
Río Mula solar project V,--,,Spain,4.0,operating,2023.0,,,38.0935,-1.4438,exact,Región de Murcia,L100001053741,G100001061535,GEM Global Solar Power Tracker Feb-2026
Río Mula solar project VI,--,,Spain,1.2,operating,2023.0,,,38.0087,-1.6439,exact,Región de Murcia,L100001053851,G100001061645,GEM Global Solar Power Tracker Feb-2026
Ríotinto solar farm,--,Minas de Ríotinto,Spain,50.0,pre-construction,2026.0,,Endesa SA; Atalaya Mining Copper SA,37.7107,-6.5904,approximate,Andalucía,L100000824834,G100000828064,GEM Global Solar Power Tracker Feb-2026
SEAT al Sol solar project,--,,Spain,11.0,operating,2013.0,,,41.4918,1.9016,exact,Cataluña,L100001009133,G100001010503,GEM Global Solar Power Tracker Feb-2026
SPK Borneo solar farm,--,,Spain,331.0,shelved,,Solarpack Promo 2007 Ochenta y Dos,Solarpack [100%],40.8262,-3.3822,approximate,Castilla-La Mancha,L100000824875,G100000828119,GEM Global Solar Power Tracker Feb-2026
SPK Trujillo solar farm,--,,Spain,156.0,pre-construction,,,,39.4585,-5.9,approximate,Extremadura,L100001061854,G100001070938,GEM Global Solar Power Tracker Feb-2026
Sa Caseta solar farm,--,,Spain,21.8,operating,,Endesa,Endesa SA [100%],39.489,2.8904,approximate,Islas Baleares,L100000824842,G100000828075,GEM Global Solar Power Tracker Feb-2026
Sabinar Hive solar farm,1,,Spain,155.0,operating,,,Noy Infrastructure & Energy Investment Fund [60%]; Nofar Energy [40%],39.5465,-2.0874,approximate,Castilla-La Mancha,L100000824843,G100000828076,GEM Global Solar Power Tracker Feb-2026
Sabinar Hive solar farm,2,,Spain,83.0,operating,,,Noy Infrastructure & Energy Investment Fund [60%]; Nofar Energy [40%],38.2062,-2.1551,approximate,Región de Murcia,L100000824843,G100000828077,GEM Global Solar Power Tracker Feb-2026
Sadaba B solar project,--,,Spain,14.6,operating,2017.0,,,42.2647,-1.2532,exact,Aragón,L100001009285,G100001010655,GEM Global Solar Power Tracker Feb-2026
Saelices solar project,--,,Spain,11.4,operating,2010.0,,,39.918,-2.822,exact,Castilla-La Mancha,L100001009171,G100001010541,GEM Global Solar Power Tracker Feb-2026
Sagra (Mitra Gamma) solar farm,1,,Spain,125.5,pre-construction,,Mitra Gamma,,40.0011,-3.7706,approximate,Castilla-La Mancha,L100000824844,G100000828078,GEM Global Solar Power Tracker Feb-2026
Sagra (Mitra Gamma) solar farm,2,,Spain,129.2,pre-construction,,Mitra Gamma,,40.0167,-3.8631,approximate,Castilla-La Mancha,L100000824844,G100000828079,GEM Global Solar Power Tracker Feb-2026
Sagra (Mitra Gamma) solar farm,3,,Spain,112.9,pre-construction,,Mitra Gamma,,40.0925,-3.6844,approximate,Castilla-La Mancha,L100000824844,G100000828080,GEM Global Solar Power Tracker Feb-2026
Sagra (Mitra Gamma) solar farm,4,,Spain,112.9,pre-construction,,Mitra Gamma,,40.0851,-3.7218,approximate,Castilla-La Mancha,L100000824844,G100000828081,GEM Global Solar Power Tracker Feb-2026
Salamanca ES solar project,--,,Spain,13.8,operating,2007.0,,,41.0277,-5.85,exact,Castilla y León,L100001009233,G100001010603,GEM Global Solar Power Tracker Feb-2026
Salinas (Spain) solar farm,1,,Spain,49.5,pre-construction,,,Iberdrola SA,40.0345,-3.0234,approximate,Castilla-La Mancha,L100001005373,G100001006404,GEM Global Solar Power Tracker Feb-2026
Salinas (Spain) solar farm,Salinas 2,,Spain,49.5,pre-construction,,,Iberdrola SA,40.0345,-3.0234,approximate,Castilla-La Mancha,L100001005373,G100001006524,GEM Global Solar Power Tracker Feb-2026
Salinas (Spain) solar farm,Salinas 3,,Spain,49.5,pre-construction,,,Iberdrola SA,40.0345,-3.0234,approximate,Castilla-La Mancha,L100001005373,G100001006523,GEM Global Solar Power Tracker Feb-2026
Salinetas solar farm,1,,Spain,43.2,pre-construction,,ES Generación Verde 4,Kobus Renewable Energy 3 [100%],38.3638,-0.8264,approximate,Comunidad Valenciana,L100000824846,G100000828083,GEM Global Solar Power Tracker Feb-2026
Salinetas solar farm,2,,Spain,43.2,pre-construction,,ES Planta Solar 5,Kobus Renewable Energy 3 [100%],38.4301,-0.8676,approximate,Comunidad Valenciana,L100000824846,G100000828084,GEM Global Solar Power Tracker Feb-2026
Salteras solar farm,1,Ence Salteras,Spain,40.0,shelved - inferred 2 y,,Ence Energía y Celulosa,Ence Energía y Celulosa SA [100%],37.4156,-6.115,approximate,Andalucía,L100000805853,G100000806735,GEM Global Solar Power Tracker Feb-2026
Samper de Calanda II solar farm,2,,Spain,79.6,shelved - inferred 2 y,,,FV 5 Aurinka SL [100%],41.1863,-0.3837,approximate,Aragón,L100000824342,G100000827456,GEM Global Solar Power Tracker Feb-2026
San Antonio (Enel) solar farm,--,,Spain,28.5,operating,2022.0,Enel Green Power,,37.3285,-6.9279,exact,Andalucía,L100000824847,G100000828085,GEM Global Solar Power Tracker Feb-2026
San Antonio (Iberdrola) solar farm,--,,Spain,49.9,operating,2022.0,Iberenova Promociones,Iberdrola SA [100%],39.6096,-7.4516,exact,Extremadura,L100000824848,G100000828086,GEM Global Solar Power Tracker Feb-2026
San Blas Hybrid solar farm,--,,Spain,39.0,pre-construction,,,,41.7845,-5.0362,approximate,Castilla y León,L100001064019,G100001073621,GEM Global Solar Power Tracker Feb-2026
San Cebrián solar farm,--,,Spain,29.1,pre-construction,,,Estudios y Proyectos Pradamap SL [100%],42.1533,-4.2299,approximate,Castilla y León,L100001003678,G100001004187,GEM Global Solar Power Tracker Feb-2026
San Clemente solar project,--,,Spain,8.5,operating,2017.0,,,39.4306,-2.416,exact,Castilla-La Mancha,L100001009172,G100001010542,GEM Global Solar Power Tracker Feb-2026
San Cristóbal solar farm,--,,Spain,48.2,pre-construction,,,,38.438,-0.8407,approximate,Aragón,L100001005659,G100001006796,GEM Global Solar Power Tracker Feb-2026
San Gil Hybrid solar farm,--,,Spain,36.0,pre-construction,,,,40.9986,-1.9161,approximate,Castilla-La Mancha,L100001061877,G100001070971,GEM Global Solar Power Tracker Feb-2026
San Jorge (Comunidad Valenciana) solar farm,--,,Spain,23.0,operating,2022.0,,Prosolia Energy,40.5641,0.373,exact,Comunidad Valenciana,L100001063358,G100001072791,GEM Global Solar Power Tracker Feb-2026
San José del Valle H2 solar farm,--,,Spain,96.3,pre-construction,,,,36.6209,-5.8207,approximate,Andalucía,L100001061889,G100001070986,GEM Global Solar Power Tracker Feb-2026
San Lorenzo A solar farm,--,,Spain,58.0,pre-construction,,,,41.7213,-5.0314,approximate,Castilla y León,L100001061663,G100001070689,GEM Global Solar Power Tracker Feb-2026
San Lorenzo B solar farm,--,,Spain,46.8,pre-construction,,,,41.7213,-5.0314,approximate,Castilla y León,L100001061664,G100001070691,GEM Global Solar Power Tracker Feb-2026
San Lorenzo C solar farm,--,,Spain,46.8,pre-construction,,,,41.7393,-5.0438,approximate,Castilla y León,L100001061665,G100001070692,GEM Global Solar Power Tracker Feb-2026
San Lorenzo D solar farm,--,,Spain,34.4,pre-construction,,,,41.6623,-5.0257,exact,Castilla y León,L100001061666,G100001070693,GEM Global Solar Power Tracker Feb-2026
San Marcos solar farm (Spain),--,,Spain,115.0,pre-construction,,Progresión Dinámica,Viridi RE [100%],40.2082,-4.0984,approximate,Castilla-La Mancha,L100000824849,G100000828087,GEM Global Solar Power Tracker Feb-2026
San Martín Y Mudrián solar project,--,,Spain,1.4,operating,2023.0,,,41.2162,-4.3333,exact,Castilla y León,L100001053370,G100001061164,GEM Global Solar Power Tracker Feb-2026
San Miguel (Spain) solar farm,--,,Spain,45.0,pre-construction,,,,39.2469,-3.4926,exact,Castilla-La Mancha,L100001062237,G100001071472,GEM Global Solar Power Tracker Feb-2026
San Miguel D solar farm,--,,Spain,39.7,construction,,Energías Renovables de Deimos,Forestalia SL [100%],41.4076,-0.5852,exact,Aragón,L100001005192,G100001006134,GEM Global Solar Power Tracker Feb-2026
San Patricio II Hybrid solar farm,--,,Spain,21.8,pre-construction,,,,36.5452,-6.114,approximate,Andalucía,L100001062062,G100001071196,GEM Global Solar Power Tracker Feb-2026
San Pedro solar farm (Spain),--,,Spain,87.0,pre-construction,,Progresión Dinámica,Viridi RE [100%],40.1206,-3.9403,approximate,Castilla-La Mancha,L100000824850,G100000828088,GEM Global Solar Power Tracker Feb-2026
San Peirón I solar farm,--,,Spain,47.3,pre-construction,,,,40.6303,-1.0016,approximate,Aragón,L100001062127,G100001071312,GEM Global Solar Power Tracker Feb-2026
San Serván solar farm,6,,Spain,42.3,operating,2022.0,Fotowatio Renewable Ventures (FRV),Abdul Latif Jameel Energy and Environmental Services [100%],38.7242,-6.5445,approximate,Extremadura,L100000805836,G100000828089,GEM Global Solar Power Tracker Feb-2026
San Serván solar farm,7,,Spain,42.3,operating,2022.0,Fotowatio Renewable Ventures (FRV),Abdul Latif Jameel Energy and Environmental Services [100%],38.7242,-6.5445,approximate,Extremadura,L100000805836,G100000828090,GEM Global Solar Power Tracker Feb-2026
San Serván solar farm,8,,Spain,42.3,operating,2022.0,Fotowatio Renewable Ventures (FRV),Abdul Latif Jameel Energy and Environmental Services [100%],38.7242,-6.5445,approximate,Extremadura,L100000805836,G100000806715,GEM Global Solar Power Tracker Feb-2026
Sanabria (Castilla y León) solar farm,--,,Spain,49.9,pre-construction,,Vigiers Plus Project,Linea Aire y Sol [100%],42.0505,-6.5218,approximate,Castilla y León,L100001004623,G100001005425,GEM Global Solar Power Tracker Feb-2026
Sanabria (Madrid) solar farm,--,,Spain,95.0,pre-construction,,Sanabria Solar,Sanabria Solar SLU [100%],40.3787,-3.4305,approximate,Comunidad de Madrid,L100000824851,G100000828091,GEM Global Solar Power Tracker Feb-2026
Sancho solar farm,--,,Spain,173.0,pre-construction,,Mitra Alfa,Compañía Española de Petróleos SA [100%],36.226,-5.4065,approximate,Andalucía,L100000824852,G100000828092,GEM Global Solar Power Tracker Feb-2026
Sangonera solar project,--,,Spain,3.6,operating,2019.0,,,37.9223,-1.2512,exact,Región de Murcia,L100001009213,G100001010583,GEM Global Solar Power Tracker Feb-2026
Sangüesa/Zangoza Zangozerria / Comarca De Sangüesa solar project,--,,Spain,4.7,operating,2023.0,,,42.5874,-1.2862,exact,Comunidad Valenciana,L100001053154,G100001060948,GEM Global Solar Power Tracker Feb-2026
Sanlúcar la Mayor A solar project,--,,Spain,7.0,operating,2015.0,,,37.452,-6.251,exact,Andalucía,L100001009249,G100001010619,GEM Global Solar Power Tracker Feb-2026
Sant Miquel solar farm,--,,Spain,25.0,pre-construction,,,Parque Solar Energy 02 SL [100%],41.6461,0.7071,approximate,Cataluña,L100001000863,G100001001220,GEM Global Solar Power Tracker Feb-2026
Sant Roc solar farm,--,,Spain,43.2,pre-construction,,,,41.565,1.1285,approximate,Cataluña,L100001000918,G100001001284,GEM Global Solar Power Tracker Feb-2026
Santa Catalina solar farm,--,,Spain,34.5,construction,,,BNZ [100%],37.7802,-3.7774,approximate,Andalucía,L100001005197,G100001006138,GEM Global Solar Power Tracker Feb-2026
Santa Cristina solar farm,--,,Spain,68.4,pre-construction,,Voltaria Solar 1,,41.77,-4.2093,approximate,Castilla y León,L100000824853,G100000828093,GEM Global Solar Power Tracker Feb-2026
Santa Eulalia ES solar project,--,,Spain,9.8,operating,2021.0,,,40.568,-1.346,exact,Aragón,L100001009255,G100001010625,GEM Global Solar Power Tracker Feb-2026
Santa Llogaia solar farm,--,,Spain,43.0,pre-construction,,,Clean Future Energy SLU [100%],42.2354,2.8393,approximate,Cataluña,L100001000851,G100001001208,GEM Global Solar Power Tracker Feb-2026
Santa Margalida Pla De Mallorca solar project,--,,Spain,1.0,operating,2017.0,,,39.7203,3.1281,exact,Islas Baleares,L100001053425,G100001061219,GEM Global Solar Power Tracker Feb-2026
Santa María Del Cubillo solar project I,--,,Spain,13.1,operating,2024.0,,,40.7117,-4.4392,exact,Castilla y León,L100001053626,G100001061420,GEM Global Solar Power Tracker Feb-2026
Santa María Del Cubillo solar project II,--,,Spain,3.1,operating,2023.0,,,40.7043,-4.4366,exact,Castilla y León,L100001053709,G100001061503,GEM Global Solar Power Tracker Feb-2026
Santa María solar farm,--,,Spain,36.0,pre-construction,,,,37.0084,-3.708,exact,Andalucía,L100001061937,G100001071043,GEM Global Solar Power Tracker Feb-2026
Santiz solar farm,1,,Spain,50.0,operating,2019.0,Solaria Energía y Medio Ambiente,Solaria Energía y Medio Ambiente SA [100%],41.207,-5.844,exact,Castilla y León,L100000805964,G100000806867,GEM Global Solar Power Tracker Feb-2026
Santo Toribio solar farm,--,,Spain,80.0,pre-construction,,Renantis UK,Renantis UK Ltd [100%],39.4584,-0.6929,approximate,Comunidad Valenciana,L100000824854,G100000828094,GEM Global Solar Power Tracker Feb-2026
Sarda solar farm,--,,Spain,35.0,pre-construction,,,Sarda Solar SL [100%],41.7648,-1.4294,approximate,Aragón,L100001000642,G100001000963,GEM Global Solar Power Tracker Feb-2026
Sarraceno solar farm,--,,Spain,123.5,pre-construction,,Qair Energy,,41.77,-4.2093,approximate,Castilla y León,L100000824855,G100000828095,GEM Global Solar Power Tracker Feb-2026
Sauce (Spain) solar farm,--,,Spain,50.0,pre-construction,,,Ignis Energía SL,40.6931,-2.9779,approximate,Castilla-La Mancha,L100001005472,G100001006512,GEM Global Solar Power Tracker Feb-2026
Saurus solar farm,--,,Spain,137.0,pre-construction,,,,41.2421,-0.3565,approximate,Aragón,L100001061813,G100001070881,GEM Global Solar Power Tracker Feb-2026
Scorpius solar farm,--,,Spain,82.6,pre-construction,,,Planta FV 122 SL [100%],42.5892,-4.3454,approximate,Castilla y León,L100000824856,G100000828096,GEM Global Solar Power Tracker Feb-2026
Sebes solar farm,--,,Spain,41.3,pre-construction,,,Energías Renovables de Poseidón SL [100%],41.1747,0.5283,approximate,Cataluña,L100001000852,G100001001209,GEM Global Solar Power Tracker Feb-2026
Sedéis solar farm,5,,Spain,37.5,operating,2023.0,Enel Green Power España,Endesa SA [100%],41.0109,-0.3844,exact,Aragón,L100000824857,G100000828097,GEM Global Solar Power Tracker Feb-2026
Segarra solar project,--,,Spain,2.6,operating,2017.0,,,41.6722,1.2887,exact,Cataluña,L100001009891,G100001011261,GEM Global Solar Power Tracker Feb-2026
Segarra solar project I,--,,Spain,1.9,operating,2024.0,,,41.682,1.2243,exact,Cataluña,L100001052893,G100001060687,GEM Global Solar Power Tracker Feb-2026
Segarra solar project II,--,,Spain,3.8,operating,2024.0,,,41.6738,1.2421,exact,Cataluña,L100001053055,G100001060849,GEM Global Solar Power Tracker Feb-2026
Segarra solar project III,--,,Spain,4.6,operating,2023.0,,,41.6965,1.2778,exact,Cataluña,L100001053166,G100001060960,GEM Global Solar Power Tracker Feb-2026
Segarra solar project IV,--,,Spain,1.5,operating,2025.0,,,41.6857,1.301,exact,Cataluña,L100001053609,G100001061403,GEM Global Solar Power Tracker Feb-2026
Segorbe Sol solar farm,--,,Spain,48.3,pre-construction,,,,39.8503,-0.4858,approximate,Comunidad Valenciana,L100001062422,G100001071695,GEM Global Solar Power Tracker Feb-2026
Segovia solar project I,--,,Spain,15.4,operating,2019.0,,,40.9258,-4.1634,exact,Castilla y León,L100001009391,G100001010761,GEM Global Solar Power Tracker Feb-2026
Segovia solar project II,--,,Spain,14.1,operating,2019.0,,,40.9188,-4.1509,exact,Castilla y León,L100001009476,G100001010846,GEM Global Solar Power Tracker Feb-2026
Segrià solar project I,--,,Spain,11.4,operating,2017.0,,,41.5871,0.7476,exact,Cataluña,L100001009423,G100001010793,GEM Global Solar Power Tracker Feb-2026
Segrià solar project II,--,,Spain,1.7,operating,2017.0,,,41.5968,0.3705,exact,Cataluña,L100001009644,G100001011014,GEM Global Solar Power Tracker Feb-2026
Segrià solar project III,--,,Spain,1.2,operating,2017.0,,,41.4424,0.4033,exact,Cataluña,L100001009876,G100001011246,GEM Global Solar Power Tracker Feb-2026
Segrià solar project IV,--,,Spain,1.6,operating,2019.0,,,41.751,0.4577,exact,Cataluña,L100001010329,G100001011699,GEM Global Solar Power Tracker Feb-2026
Segrià solar project IX,--,,Spain,1.7,operating,2021.0,,,41.7126,0.4624,exact,Cataluña,L100001053374,G100001061168,GEM Global Solar Power Tracker Feb-2026
Segrià solar project V,--,,Spain,2.3,operating,2025.0,,,41.5151,0.5417,exact,Cataluña,L100001052926,G100001060720,GEM Global Solar Power Tracker Feb-2026
Segrià solar project VI,--,,Spain,1.6,operating,2023.0,,,41.6938,0.7031,exact,Cataluña,L100001052954,G100001060748,GEM Global Solar Power Tracker Feb-2026
Segrià solar project VII,--,,Spain,1.3,operating,2022.0,,,41.7421,0.6447,exact,Cataluña,L100001053078,G100001060872,GEM Global Solar Power Tracker Feb-2026
Segrià solar project VIII,--,,Spain,3.0,operating,2025.0,,,41.3717,0.5004,exact,Cataluña,L100001053160,G100001060954,GEM Global Solar Power Tracker Feb-2026
Sentina solar farm,--,,Spain,99.8,pre-construction,,Sentina Solar,Ignis Energía SL [100%],40.0923,-4.1333,approximate,Castilla-La Mancha,L100000824858,G100000828098,GEM Global Solar Power Tracker Feb-2026
September solar farm,--,,Spain,50.0,pre-construction,,,,36.8632,-5.2468,exact,Andalucía,L100001062044,G100001071165,GEM Global Solar Power Tracker Feb-2026
Serbal solar farm,--,,Spain,174.0,pre-construction,2027.0,,ib vogt gmbH,41.5559,-3.7582,approximate,Castilla y León,L100001007594,G100001008765,GEM Global Solar Power Tracker Feb-2026
Serna I solar farm,--,,Spain,107.8,pre-construction,,Buganvilla Solar PV,Progressum Energy Developments [100%],42.0936,-1.7265,approximate,Comunidad Foral de Navarra,L100001004042,G100001004699,GEM Global Solar Power Tracker Feb-2026
Serol solar farm,--,,Spain,43.2,pre-construction,,ES Generación Verde 1,Esparity Solar [100%],38.4808,-0.8875,exact,Comunidad Valenciana,L100001001017,G100001001397,GEM Global Solar Power Tracker Feb-2026
Serra De Tramuntana solar project I,--,,Spain,3.5,operating,2017.0,,,39.5432,2.4832,exact,Islas Baleares,L100001009481,G100001010851,GEM Global Solar Power Tracker Feb-2026
Serra De Tramuntana solar project II,--,,Spain,2.0,operating,2020.0,,,39.6832,2.705,exact,Islas Baleares,L100001009856,G100001011226,GEM Global Solar Power Tracker Feb-2026
Serra De Tramuntana solar project III,--,,Spain,2.9,operating,2020.0,,,39.6536,2.71,exact,Islas Baleares,L100001052961,G100001060755,GEM Global Solar Power Tracker Feb-2026
Serra De Tramuntana solar project IV,--,,Spain,1.9,operating,2020.0,,,39.6536,2.6966,exact,Islas Baleares,L100001053381,G100001061175,GEM Global Solar Power Tracker Feb-2026
Serranía De Ronda solar project I,--,,Spain,3.0,operating,2017.0,,,36.812,-5.2113,exact,Andalucía,L100001009566,G100001010936,GEM Global Solar Power Tracker Feb-2026
Serranía De Ronda solar project II,--,,Spain,2.4,operating,2017.0,,,36.8148,-5.218,exact,Andalucía,L100001009962,G100001011332,GEM Global Solar Power Tracker Feb-2026
Serrezuela solar farm,--,,Spain,32.5,operating,2007.0,Fotowatio Renewable Ventures (FRV),Fotowatio Renewable Ventures (FRV) BV [100%],37.0878,-3.7624,approximate,Andalucía,L100000824859,G100000828099,GEM Global Solar Power Tracker Feb-2026
Sevilla Calaspasol solar farm,--,,Spain,39.9,operating,,,,37.5424,-6.0559,approximate,Andalucía,L100000824860,G100000828100,GEM Global Solar Power Tracker Feb-2026
Seville solar project I,--,,Spain,1.8,operating,2017.0,,,37.3903,-5.8501,exact,Andalucía,L100001009709,G100001011079,GEM Global Solar Power Tracker Feb-2026
Seville solar project II,--,,Spain,2.1,operating,2017.0,,,37.4079,-5.8834,exact,Andalucía,L100001009760,G100001011130,GEM Global Solar Power Tracker Feb-2026
Seville solar project III,--,,Spain,1.7,operating,2017.0,,,37.3887,-5.9474,exact,Andalucía,L100001053576,G100001061370,GEM Global Solar Power Tracker Feb-2026
Seville solar project IV,--,,Spain,1.4,operating,2024.0,,,37.3559,-5.9467,exact,Andalucía,L100001053748,G100001061542,GEM Global Solar Power Tracker Feb-2026
Sexante solar farm,--,,Spain,100.0,pre-construction,,,Tejo Solar,40.0936,-4.1143,approximate,Castilla-La Mancha,L100001005607,G100001006719,GEM Global Solar Power Tracker Feb-2026
Sextante solar farm,--,,Spain,105.4,pre-construction,,Sextante Solar,Ignis Energía SL [100%],40.0897,-4.1033,approximate,Castilla-La Mancha,L100000824861,G100000828101,GEM Global Solar Power Tracker Feb-2026
Sierra De Cádiz solar project,--,,Spain,1.1,operating,2017.0,,,36.9547,-5.199,exact,Andalucía,L100001053099,G100001060893,GEM Global Solar Power Tracker Feb-2026
Sierra De Cádiz solar project I,--,,Spain,2.3,operating,2017.0,,,36.6784,-5.8159,exact,Andalucía,L100001009510,G100001010880,GEM Global Solar Power Tracker Feb-2026
Sierra De Cádiz solar project II,--,,Spain,13.4,operating,2017.0,,,36.8509,-5.6561,exact,Andalucía,L100001009665,G100001011035,GEM Global Solar Power Tracker Feb-2026
Sierra De Cádiz solar project III,--,,Spain,1.7,operating,2023.0,,,36.8711,-5.4273,exact,Andalucía,L100001009723,G100001011093,GEM Global Solar Power Tracker Feb-2026
Sierra De Cádiz solar project IV,--,,Spain,12.7,operating,2017.0,,,36.9135,-5.5916,exact,Andalucía,L100001009902,G100001011272,GEM Global Solar Power Tracker Feb-2026
Sierra De Cádiz solar project VI,--,,Spain,4.5,operating,2022.0,,,36.67,-5.8142,exact,Andalucía,L100001010440,G100001011810,GEM Global Solar Power Tracker Feb-2026
Sierra Menera solar farm,--,,Spain,39.3,pre-construction,,,,40.7407,-1.5791,approximate,Castilla-La Mancha,L100001063894,G100001073450,GEM Global Solar Power Tracker Feb-2026
Sierra Suroeste solar project I,--,,Spain,11.1,operating,2023.0,,,38.3125,-6.7269,exact,Extremadura,L100001009374,G100001010744,GEM Global Solar Power Tracker Feb-2026
Sierra Suroeste solar project IV,--,,Spain,2.0,operating,2024.0,,,38.1477,-6.6456,exact,Extremadura,L100001010097,G100001011467,GEM Global Solar Power Tracker Feb-2026
Sierra Suroeste solar project IX,--,,Spain,2.7,operating,2017.0,,,38.3252,-6.7008,exact,Extremadura,L100001053794,G100001061588,GEM Global Solar Power Tracker Feb-2026
Sierra Suroeste solar project V,--,,Spain,10.9,operating,2024.0,,,38.1843,-6.6394,exact,Extremadura,L100001010098,G100001011468,GEM Global Solar Power Tracker Feb-2026
Sierra Suroeste solar project VI,--,,Spain,10.2,operating,2024.0,,,38.1867,-6.6513,exact,Extremadura,L100001010099,G100001011469,GEM Global Solar Power Tracker Feb-2026
Sierra Suroeste solar project VII,--,,Spain,2.8,operating,2017.0,,,38.2322,-7.0954,exact,Extremadura,L100001053114,G100001060908,GEM Global Solar Power Tracker Feb-2026
Sierra Suroeste solar project VIII,--,,Spain,2.3,operating,2025.0,,,38.1612,-6.6144,exact,Extremadura,L100001053694,G100001061488,GEM Global Solar Power Tracker Feb-2026
Sierra Suroeste solar project X,--,,Spain,4.2,operating,2024.0,,,38.2956,-6.7846,exact,Extremadura,L100001053839,G100001061633,GEM Global Solar Power Tracker Feb-2026
Sierra de la Oliva Hybrid solar farm,--,,Spain,30.0,pre-construction,,,,38.7606,-0.9917,approximate,Castilla-La Mancha,L100001064017,G100001073619,GEM Global Solar Power Tracker Feb-2026
Sierra de las Carbas Hybrid solar farm,--,,Spain,42.0,pre-construction,,,,41.801,-6.1046,approximate,Castilla y León,L100001063890,G100001073446,GEM Global Solar Power Tracker Feb-2026
Sierra del Boquerón solar farm,--,,Spain,21.8,pre-construction,,,EDP Renovables España [100%],39.2286,-1.2714,approximate,Castilla-La Mancha,L100001003964,G100001004583,GEM Global Solar Power Tracker Feb-2026
Sierresita solar project,--,,Spain,10.0,operating,2008.0,,,37.644,-4.59,exact,Andalucía,L100001009168,G100001010538,GEM Global Solar Power Tracker Feb-2026
Sierrezuela solar farm,--,,Spain,49.8,operating,,,,41.2617,-0.1265,approximate,Aragón,L100000824862,G100000828102,GEM Global Solar Power Tracker Feb-2026
Sigma (Reposal) solar farm,1,Repsol Sigma,Spain,204.0,operating,2024.0,Repsol,Repsol SA [100%],36.6343,-6.3508,approximate,Andalucía,L100000805938,G100000806834,GEM Global Solar Power Tracker Feb-2026
Sigma (Solaria) solar farm,1,Solaria Cyl-So-I,Spain,30.0,operating,2021.0,Solaria Energía y Medio Ambiente,Solaria Energía y Medio Ambiente SA [100%],41.9746,-4.3876,approximate,Castilla y León,L100000805977,G100000806881,GEM Global Solar Power Tracker Feb-2026
Silver solar farm,--,,Spain,21.4,pre-construction,,Energía Inagotable de Silver,Forestalia SL [100%],41.5718,-1.1224,approximate,Aragón,L100001004052,G100001004710,GEM Global Solar Power Tracker Feb-2026
Sinfonía 1 solar farm,--,,Spain,51.7,pre-construction,,Sinfonía Solar Energy Power,,41.1684,-4.3846,approximate,Castilla y León,L100001005630,G100001006750,GEM Global Solar Power Tracker Feb-2026
Sisón solar farm,--,GR Sisón,Spain,100.0,shelved,,GR Sisón Renovables,Grenergy [100%],40.67,-3.1551,approximate,Castilla-La Mancha,L100000824863,G100000828103,GEM Global Solar Power Tracker Feb-2026
Soberbina solar farm,--,,Spain,25.5,pre-construction,,,,37.0769,-6.1663,exact,Andalucía,L100001061927,G100001071027,GEM Global Solar Power Tracker Feb-2026
Socovos 2 solar farm,1,Socovos,Spain,21.6,operating,2021.0,,Renewables Japan Co,38.3125,-1.8864,exact,Castilla-La Mancha,L100001005482,G100001090835,GEM Global Solar Power Tracker Feb-2026
Socovos 2 solar farm,2,Socovos,Spain,33.0,operating,2025.0,,Zelestra,38.3219,-1.8902,exact,Castilla-La Mancha,L100001005482,G100001006528,GEM Global Solar Power Tracker Feb-2026
Sol De Casaquemada solar farm,1,,Spain,50.0,operating,2022.0,Enel Green Power España,Endesa SA [100%],37.4296,-6.281,exact,Andalucía,L100000805793,G100000806667,GEM Global Solar Power Tracker Feb-2026
Sol del Segre solar farm,1,,Spain,21.5,pre-construction,,,Heckla Solar SL [100%],41.6096,0.6431,approximate,Cataluña,L100001000899,G100001001260,GEM Global Solar Power Tracker Feb-2026
Sol9 Solbikes solar farm,--,,Spain,26.4,pre-construction,,,,37.6307,-1.0098,approximate,Región de Murcia,L100001062778,G100001072116,GEM Global Solar Power Tracker Feb-2026
Solaben 1 CSP solar farm,--,,Spain,50.0,operating,2013.0,,Abengoa SA [100%],39.2125,-5.4031,exact,Extremadura,L100000824864,G100000828104,GEM Global Solar Power Tracker Feb-2026
Solaben 2 CSP solar farm,--,,Spain,50.0,operating,2012.0,,Abengoa SA [70%]; ITOCHU Corp [30%],39.2291,-5.398,exact,Extremadura,L100000824865,G100000828105,GEM Global Solar Power Tracker Feb-2026
Solaben 3 CSP solar farm,--,,Spain,50.0,operating,2012.0,,Abengoa SA [70%]; ITOCHU Corp [30%],39.225,-5.3985,exact,Extremadura,L100000824866,G100000828106,GEM Global Solar Power Tracker Feb-2026
Solaben 6 CSP solar farm,--,,Spain,50.0,operating,2013.0,,Abengoa SA [100%],39.2291,-5.398,exact,Extremadura,L100000824867,G100000828107,GEM Global Solar Power Tracker Feb-2026
Solar Steel Zaragoza solar farm,Expansion,Zaragoza expansion,Spain,125.0,pre-construction,,,Solar Steel,41.645,-0.8689,approximate,Aragón,L100001007580,G100001008749,GEM Global Solar Power Tracker Feb-2026
Solaria Pinofranqueado 1 solar farm,--,,Spain,50.0,pre-construction,,,,40.1039,-6.4651,approximate,Extremadura,L100001062532,G100001071820,GEM Global Solar Power Tracker Feb-2026
Solaria Pinofranqueado 2 solar farm,--,,Spain,50.0,pre-construction,,,,40.1039,-6.4651,approximate,Extremadura,L100001062533,G100001071821,GEM Global Solar Power Tracker Feb-2026
Solaria Pinofranqueado 3 solar farm,--,,Spain,50.0,pre-construction,,,,40.0994,-6.4667,approximate,Extremadura,L100001062521,G100001071809,GEM Global Solar Power Tracker Feb-2026
Solaria Pinofranqueado 4 solar farm,--,,Spain,50.0,pre-construction,,,,39.9844,-6.5469,approximate,Extremadura,L100001062531,G100001071819,GEM Global Solar Power Tracker Feb-2026
Solaria Zierbena 2 solar farm,--,,Spain,49.9,pre-construction,,,,42.7227,-2.9117,exact,País Vasco,L100001062729,G100001072064,GEM Global Solar Power Tracker Feb-2026
Solaria Zierbena 3 solar farm,--,,Spain,49.9,pre-construction,,,,42.9632,-2.7243,exact,País Vasco,L100001062730,G100001072065,GEM Global Solar Power Tracker Feb-2026
Solaria Zierbena 4 solar farm,--,,Spain,49.9,pre-construction,,,,42.8643,-2.7775,exact,País Vasco,L100001062731,G100001072066,GEM Global Solar Power Tracker Feb-2026
Solarig Green Hydrogen solar farm,--,,Spain,26.0,shelved - inferred 2 y,,,Solarig Global Services SA [100%],42.4452,-2.2962,approximate,La Rioja,L100000824868,G100000828108,GEM Global Solar Power Tracker Feb-2026
Solgest-1 Hybrid solar farm,CSP,,Spain,110.0,pre-construction,2026.0,Sener Group,Sener Group [100%],37.555,-5.3216,approximate,Andalucía,L100000824869,G100000828109,GEM Global Solar Power Tracker Feb-2026
Solgest-1 Hybrid solar farm,PV,,Spain,40.0,pre-construction,2026.0,Sener Group,Sener Group [100%],37.555,-5.3216,approximate,Andalucía,L100000824869,G100000828110,GEM Global Solar Power Tracker Feb-2026
Solnova solar farm,1,"Solnova 3 CSP (Phase 3), Solnova 4 CSP (Phase 4), Solnova 1 CSP (Phase 1)",Spain,50.0,operating,2009.0,,Abengoa SA [100%],37.4141,-6.2662,exact,Andalucía,L100000824870,G100000828111,GEM Global Solar Power Tracker Feb-2026
Solnova solar farm,3,"Solnova 3 CSP (Phase 3), Solnova 4 CSP (Phase 4), Solnova 1 CSP (Phase 1)",Spain,50.0,operating,2009.0,,Abengoa SA [100%],37.4189,-6.281,exact,Andalucía,L100000824870,G100000828112,GEM Global Solar Power Tracker Feb-2026
Solnova solar farm,4,"Solnova 3 CSP (Phase 3), Solnova 4 CSP (Phase 4), Solnova 1 CSP (Phase 1)",Spain,50.0,operating,2009.0,,Abengoa SA [100%],37.425,-6.2781,exact,Andalucía,L100000824870,G100000828113,GEM Global Solar Power Tracker Feb-2026
Solsonès solar project,--,,Spain,2.0,operating,2017.0,,,41.9009,1.3826,exact,Cataluña,L100001009793,G100001011163,GEM Global Solar Power Tracker Feb-2026
Solsonès solar project I,--,,Spain,1.9,operating,2024.0,,,41.9472,1.4962,exact,Cataluña,L100001053136,G100001060930,GEM Global Solar Power Tracker Feb-2026
Solsonès solar project II,--,,Spain,2.5,operating,2025.0,,,41.985,1.6742,exact,Cataluña,L100001053369,G100001061163,GEM Global Solar Power Tracker Feb-2026
Solten II solar project,--,,Spain,10.5,operating,2017.0,,,28.0702,-16.5255,exact,Canarias,L100001009241,G100001010611,GEM Global Solar Power Tracker Feb-2026
Somontano De Barbastro solar project I,--,,Spain,1.8,operating,2020.0,,,41.9389,-0.051,exact,Aragón,L100001010326,G100001011696,GEM Global Solar Power Tracker Feb-2026
Somontano De Barbastro solar project II,--,,Spain,4.7,operating,2022.0,,,41.8701,-0.041,exact,Aragón,L100001010493,G100001011863,GEM Global Solar Power Tracker Feb-2026
Somontano De Barbastro solar project III,--,,Spain,3.2,operating,2023.0,,,42.101,0.227,exact,Aragón,L100001053552,G100001061346,GEM Global Solar Power Tracker Feb-2026
Somontano De Barbastro solar project IV,--,,Spain,1.5,operating,2025.0,,,42.0274,-0.0612,exact,Aragón,L100001053838,G100001061632,GEM Global Solar Power Tracker Feb-2026
Somozas solar farm,--,,Spain,165.2,cancelled,,Guadalsolar Cuatro,Statkraft AS [100%],42.4152,-6.0829,exact,Castilla y León,L100000824871,G100000828114,GEM Global Solar Power Tracker Feb-2026
Son Reus solar farm,--,,Spain,10.7,operating,,Endesa,Endesa SA [100%],39.6491,2.6849,approximate,Islas Baleares,L100000824872,G100000828115,GEM Global Solar Power Tracker Feb-2026
Son Salomo 1 solar project,--,,Spain,7.0,operating,2010.0,,,40.028,3.828,exact,Islas Baleares,L100001009131,G100001010501,GEM Global Solar Power Tracker Feb-2026
Son Salomó solar farm,--,,Spain,52.0,operating,2023.0,,,39.9704,3.9048,approximate,Islas Baleares,L100001007595,G100001008766,GEM Global Solar Power Tracker Feb-2026
Son Sunyer solar project,--,,Spain,9.2,operating,2021.0,,,39.53,2.764,exact,Islas Baleares,L100001009132,G100001010502,GEM Global Solar Power Tracker Feb-2026
Sonnedix Bonete solar farm,--,,Spain,50.0,announced,,,Sonnedix,38.8709,-1.348,approximate,Castilla-La Mancha,L100001007596,G100001008767,GEM Global Solar Power Tracker Feb-2026
Sonnedix El Carrascal solar farm,--,Espiga,Spain,20.0,operating,2023.0,Ríos Renovables,Sonnedix,41.3367,-4.9184,exact,Castilla y León,L100001005695,G100001006840,GEM Global Solar Power Tracker Feb-2026
Soranus solar farm,--,,Spain,21.4,pre-construction,,Energía Inagotable de Soranus,Forestalia SL [100%],41.5527,-1.3027,approximate,Aragón,L100001004051,G100001004709,GEM Global Solar Power Tracker Feb-2026
Soria solar project,--,,Spain,3.6,operating,2017.0,,,41.782,-2.4327,exact,Castilla y León,L100001009851,G100001011221,GEM Global Solar Power Tracker Feb-2026
Spain solar project I,--,,Spain,4.9,operating,2023.0,,,27.9345,-15.4182,exact,Canarias,L100001009670,G100001011040,GEM Global Solar Power Tracker Feb-2026
Spain solar project II,--,,Spain,2.5,operating,2023.0,,,27.9104,-15.4307,exact,Canarias,L100001009751,G100001011121,GEM Global Solar Power Tracker Feb-2026
Spain solar project III,--,,Spain,3.8,operating,2021.0,,,27.803,-15.4406,exact,Canarias,L100001010056,G100001011426,GEM Global Solar Power Tracker Feb-2026
Spain solar project IV,--,,Spain,4.9,operating,2021.0,,,27.8263,-15.4603,exact,Canarias,L100001010057,G100001011427,GEM Global Solar Power Tracker Feb-2026
Spain solar project V,--,,Spain,7.5,operating,2022.0,,,28.5171,-13.8926,exact,Canarias,L100001010058,G100001011428,GEM Global Solar Power Tracker Feb-2026
Spain solar project VII,--,,Spain,3.5,operating,2021.0,,,28.2318,-14.0208,exact,Canarias,L100001010060,G100001011430,GEM Global Solar Power Tracker Feb-2026
Spex Solar Power Plant solar farm,1,Spex PV,Spain,30.0,operating,2008.0,Solar Parks of Extremadura,Grupo Eco [100%],38.8897,-6.2859,exact,Extremadura,L100000805954,G100000806855,GEM Global Solar Power Tracker Feb-2026
Spinnaker solar farm,--,,Spain,44.7,pre-construction,,Spinnaker Solar,TotalEnergies SE [100%],40.3858,-3.2547,approximate,Comunidad de Madrid,L100000824874,G100000828118,GEM Global Solar Power Tracker Feb-2026
Spring solar farm,2,,Spain,27.5,pre-construction,,,Solaria Promoción y Desarrollo Fotovoltaico SL [100%],41.7429,0.6385,approximate,Cataluña,L100001000924,G100001001290,GEM Global Solar Power Tracker Feb-2026
Spring solar farm,3,,Spain,24.0,pre-construction,,,Solaria Promoción y Desarrollo Fotovoltaico SL [100%],41.7429,0.6385,approximate,Cataluña,L100001000924,G100001001291,GEM Global Solar Power Tracker Feb-2026
Stellantis (Vigo) solar farm,1,,Spain,10.8,operating,,Stellantis,Stellantis NV [100%],42.2082,-8.7418,exact,Galicia,L100000824876,G100000828120,GEM Global Solar Power Tracker Feb-2026
Stellantis (Vigo) solar farm,2,,Spain,8.0,operating,2025.0,Stellantis,Stellantis NV [100%],42.2082,-8.7418,exact,Galicia,L100000824876,G100000828121,GEM Global Solar Power Tracker Feb-2026
Stellantis (Zaragoza) solar farm,1,,Spain,16.6,operating,2022.0,Stellantis,Stellantis NV [100%],41.7527,-1.1783,exact,Aragón,L100000824877,G100000828122,GEM Global Solar Power Tracker Feb-2026
Stellantis (Zaragoza) solar farm,2,,Spain,14.5,operating,2022.0,Stellantis,Stellantis NV [100%],41.7527,-1.1783,exact,Aragón,L100000824877,G100000828123,GEM Global Solar Power Tracker Feb-2026
Stopper solar farm,--,,Spain,120.0,pre-construction,,Stopper Solar,Ignis Energía SL [100%],37.0351,-4.566,approximate,Andalucía,L100000824878,G100000828124,GEM Global Solar Power Tracker Feb-2026
Strom solar farm,--,,Spain,48.4,pre-construction,,,,37.0543,-2.395,approximate,Andalucía,L100001064156,G100001073792,GEM Global Solar Power Tracker Feb-2026
Suadela solar farm,--,,Spain,21.4,pre-construction,,Energía Inagotable de Suadela,Forestalia SL [100%],41.4642,-1.2309,approximate,Aragón,L100001004050,G100001004708,GEM Global Solar Power Tracker Feb-2026
Sumanus solar farm,--,,Spain,21.4,pre-construction,,Energía Inagotable de Sumanus,Forestalia SL [100%],41.5212,-1.2983,approximate,Aragón,L100001004049,G100001004707,GEM Global Solar Power Tracker Feb-2026
Sunplex solar farm,--,,Spain,42.3,operating,2022.0,,Blue Elephant Energy AG (BEE) [100%],37.1766,-2.9497,approximate,Andalucía,L100000824879,G100000828125,GEM Global Solar Power Tracker Feb-2026
Tabernas (Grenergy) solar farm,--,Tabernas (Allianz),Spain,250.0,construction,2026.0,Grenergy,Allianz SE,37.0845,-2.3525,approximate,Andalucía,L100000824880,G100000828126,GEM Global Solar Power Tracker Feb-2026
Tabernas (Naturgy) solar farm,1,,Spain,48.8,operating,2022.0,,Naturgy Energy Group SA [100%],37.0698,-2.3152,exact,Andalucía,L100000824881,G100000828127,GEM Global Solar Power Tracker Feb-2026
Tabernas (Naturgy) solar farm,2,,Spain,48.8,operating,2022.0,,Naturgy Energy Group SA [100%],37.0698,-2.3152,exact,Andalucía,L100000824881,G100000828128,GEM Global Solar Power Tracker Feb-2026
Tabernas 100 solar farm,--,,Spain,109.5,pre-construction,,,,37.0583,-2.3935,approximate,Andalucía,L100001061865,G100001070952,GEM Global Solar Power Tracker Feb-2026
Tabernas 2 solar farm,--,"Ps Tabernas-Ii, Planta Solar Turrillas",Spain,50.0,operating,,Argeo Solar,UTE Aurinka International SL [100%],37.0524,-2.2628,exact,Andalucía,L100000824882,G100000828129,GEM Global Solar Power Tracker Feb-2026
Tabernas 3 solar farm,--,,Spain,32.9,construction,,,Aquila Clean Energy,37.0928,-2.3473,exact,Andalucía,L100001063798,G100001073342,GEM Global Solar Power Tracker Feb-2026
Tabernas I (Abei) solar farm,--,,Spain,47.1,pre-construction,,,,37.0428,-2.2004,approximate,Andalucía,L100001061681,G100001070715,GEM Global Solar Power Tracker Feb-2026
Tabernas II (Abei) solar farm,--,,Spain,47.1,pre-construction,,,,37.0428,-2.2004,approximate,Andalucía,L100001061682,G100001070716,GEM Global Solar Power Tracker Feb-2026
Tabernas solar farm,--,CSF Tabernas Solar PV Park,Spain,50.0,construction,,X-Elio,,37.0747,-2.3182,approximate,Andalucía,L100000824883,G100000828130,GEM Global Solar Power Tracker Feb-2026
Tablit solar farm,--,,Spain,49.5,pre-construction,,,Forestalia SL,41.4872,-0.5278,approximate,Aragón,L100001005660,G100001006797,GEM Global Solar Power Tracker Feb-2026
Tacio solar farm,--,,Spain,21.4,pre-construction,,Energía Inagotable de Tacio,Forestalia SL [100%],41.5866,-1.2731,approximate,Aragón,L100001004048,G100001004706,GEM Global Solar Power Tracker Feb-2026
Tagus (Iberdrola) solar farm,1,Tagus Complex,Spain,50.0,operating,2023.0,,Iberdrola Renovables SA [100%],39.6426,-7.005,exact,Extremadura,L100000824884,G100000828131,GEM Global Solar Power Tracker Feb-2026
Tagus (Iberdrola) solar farm,2,Tagus Complex,Spain,50.0,operating,2023.0,,Iberdrola Renovables SA [100%],39.6426,-7.005,exact,Extremadura,L100000824884,G100000828132,GEM Global Solar Power Tracker Feb-2026
Tagus (Iberdrola) solar farm,3,Tagus Complex,Spain,50.0,operating,2023.0,,Iberdrola Renovables SA [100%],39.6426,-7.005,exact,Extremadura,L100000824884,G100000828133,GEM Global Solar Power Tracker Feb-2026
Tagus (Iberdrola) solar farm,4,Tagus Complex,Spain,50.0,operating,2023.0,,Iberdrola Renovables SA [100%],39.6426,-7.005,exact,Extremadura,L100000824884,G100000828134,GEM Global Solar Power Tracker Feb-2026
Tagus (Iberdrola) solar farm,FV Tagus,Tagus Complex,Spain,330.0,pre-construction,,,Iberdrola Renovables SA [100%],39.6426,-7.005,exact,Extremadura,L100000824884,G100001004290,GEM Global Solar Power Tracker Feb-2026
Tagus (Khons Sun Power) solar farm,1,,Spain,197.0,pre-construction,,Khons Sun Power,Ric Sun España SL [100%],39.9782,-3.5314,approximate,Castilla-La Mancha,L100001003749,G100001004291,GEM Global Solar Power Tracker Feb-2026
Tagus (Khons Sun Power) solar farm,2,,Spain,197.0,pre-construction,,Khons Sun Power,Ric Sun España SL [100%],39.9782,-3.5314,approximate,Castilla-La Mancha,L100001003749,G100001004292,GEM Global Solar Power Tracker Feb-2026
Tajo solar farm,--,,Spain,137.0,pre-construction,,Green Tie Desarrollo SLU,,38.791,-5.6362,approximate,Extremadura,L100000824885,G100000828135,GEM Global Solar Power Tracker Feb-2026
Tajuña solar farm,--,,Spain,47.3,pre-construction,,,,39.985,-3.3804,approximate,Castilla-La Mancha,L100000824886,G100000828136,GEM Global Solar Power Tracker Feb-2026
Talasol solar farm,1,,Spain,300.0,operating,2020.0,,unknown [24%]; Ellomay Capital Ltd [51%]; Capital Dynamics Inc [24%],39.632,-6.3,exact,Extremadura,L100000805902,G100000806789,GEM Global Solar Power Tracker Feb-2026
Talavera solar farm,--,,Spain,35.0,pre-construction,,,Dunas Desarrollos Fotovoltaicos,39.9688,-4.8221,approximate,Castilla-La Mancha,L100001005380,G100001006417,GEM Global Solar Power Tracker Feb-2026
Talaván solar farm,1,Talaván PV,Spain,28.0,operating,2022.0,Metka,Ellomay Solar [100%],39.7172,-6.2765,approximate,Extremadura,L100000805901,G100000806788,GEM Global Solar Power Tracker Feb-2026
Talayuela (Solarcentury) solar farm,1,"Talayuela I-SC, Talayuela Encavis",Spain,300.0,operating,2020.0,Solarcentury,Encavis AG [100%],39.919,-5.418,exact,Extremadura,L100000805960,G100000806861,GEM Global Solar Power Tracker Feb-2026
Talayuela 1-2 solar project,--,,Spain,10.0,operating,2008.0,,,40.0208,-5.579,exact,Extremadura,L100001009142,G100001010512,GEM Global Solar Power Tracker Feb-2026
Talayuela II (Statkraft) solar farm,--,,Spain,55.2,operating,2023.0,Oropesa Solar,Statkraft AS [100%],39.9864,-5.3987,exact,Extremadura,L100000824887,G100000828137,GEM Global Solar Power Tracker Feb-2026
Talento solar farm,--,,Spain,49.8,operating,2019.0,,,41.1891,-0.3858,approximate,Aragón,L100000824888,G100000828138,GEM Global Solar Power Tracker Feb-2026
Tambores 1 solar farm,--,Proyecto Vendimia,Spain,49.5,operating,2021.0,Energías Renovables de Ixión,Plenium Partners [100%]; Bankinter,41.2699,-0.5282,exact,Aragón,L100000824890,G100000828140,GEM Global Solar Power Tracker Feb-2026
Tamujal solar farm,--,,Spain,423.5,shelved - inferred 2 y,,Nara Solar,,38.9113,-6.2983,approximate,Extremadura,L100000824891,G100000828141,GEM Global Solar Power Tracker Feb-2026
Tanuki solar farm,--,,Spain,46.5,pre-construction,,Energía Inagotable Tanuki,Forestalia SL [100%],41.9325,-1.1888,approximate,Aragón,L100000824892,G100000828142,GEM Global Solar Power Tracker Feb-2026
Tara solar farm,--,,Spain,27.3,pre-construction,,Energía Inagotable de Tara,Forestalia SL [100%],41.9244,-1.2299,approximate,Aragón,L100000824893,G100000828143,GEM Global Solar Power Tracker Feb-2026
Tarazona Y El Moncayo solar project,--,,Spain,2.4,operating,2017.0,,,41.9623,-1.6685,exact,Aragón,L100001053803,G100001061597,GEM Global Solar Power Tracker Feb-2026
Tarragona (Solaria) solar farm,--,,Spain,165.0,pre-construction,,Solaria Energía y Medio Ambiente,Solaria Energía y Medio Ambiente SA [100%],41.1252,1.2573,approximate,Cataluña,L100000824894,G100000828144,GEM Global Solar Power Tracker Feb-2026
Tarragonès solar project,--,,Spain,9.1,operating,2023.0,,,41.1692,1.1821,exact,Cataluña,L100001010372,G100001011742,GEM Global Solar Power Tracker Feb-2026
Tarragonès solar project I,--,,Spain,4.9,operating,2024.0,,,41.1385,1.1959,exact,Cataluña,L100001052817,G100001060611,GEM Global Solar Power Tracker Feb-2026
Tarragonès solar project II,--,,Spain,1.5,operating,2023.0,,,41.2157,1.2069,exact,Cataluña,L100001052917,G100001060711,GEM Global Solar Power Tracker Feb-2026
Tarragonès solar project III,--,,Spain,3.9,operating,2023.0,,,41.092,1.1666,exact,Cataluña,L100001053703,G100001061497,GEM Global Solar Power Tracker Feb-2026
Taíno solar farm,--,,Spain,45.0,pre-construction,,,,36.8879,-5.1572,exact,Andalucía,L100001062041,G100001071162,GEM Global Solar Power Tracker Feb-2026
Teba y Campillos solar farm,1,,Spain,50.0,announced,,Euder Energy,Euder Energy SL [100%],37.0508,-4.8668,approximate,Andalucía,L100000824895,G100000828145,GEM Global Solar Power Tracker Feb-2026
Teba y Campillos solar farm,2,,Spain,50.0,announced,,Euder Energy,Euder Energy SL [100%],37.0508,-4.8668,approximate,Andalucía,L100000824895,G100000828146,GEM Global Solar Power Tracker Feb-2026
Tebe solar farm,--,,Spain,49.5,pre-construction,,Energía Inagotable de Tebe,Forestalia SL [100%],42.0067,-1.0703,approximate,Aragón,L100000824896,G100000828147,GEM Global Solar Power Tracker Feb-2026
Tejeda de Tietar solar project,--,,Spain,18.3,operating,2017.0,,,39.9543,-5.8752,exact,Extremadura,L100001009143,G100001010513,GEM Global Solar Power Tracker Feb-2026
Telefo solar farm,--,,Spain,49.5,pre-construction,,Energía Inagotable de Telefo,Forestalia SL [100%],42.0089,-1.0529,approximate,Aragón,L100000824897,G100000828148,GEM Global Solar Power Tracker Feb-2026
Telemaco solar farm,--,,Spain,31.1,pre-construction,,Energía Inagotable de Telemaco,Forestalia SL [100%],42.0319,-1.0137,approximate,Aragón,L100001004084,G100001004751,GEM Global Solar Power Tracker Feb-2026
Tena solar farm,1,,Spain,50.0,construction,,,Everwood Capital,37.3544,-5.8173,approximate,Andalucía,L100000805828,G100000806706,GEM Global Solar Power Tracker Feb-2026
Tena solar farm,2,,Spain,25.0,construction,,,Everwood Capital,37.3544,-5.8173,approximate,Andalucía,L100000805828,G100000806707,GEM Global Solar Power Tracker Feb-2026
Tendetes solar farm,--,,Spain,172.0,pre-construction,,,Proyecto Fotovoltaico Tendetes SLU [100%],38.6513,-0.814,approximate,Comunidad Valenciana,L100001000983,G100001001353,GEM Global Solar Power Tracker Feb-2026
Termosol 1 CSP solar farm,--,,Spain,49.9,operating,2013.0,,NextEra Energy Inc; FPL Energy LLC,39.192,-5.5864,exact,Extremadura,L100000824898,G100000828149,GEM Global Solar Power Tracker Feb-2026
Termosol 2 CSP solar farm,--,,Spain,49.9,operating,2013.0,,NextEra Energy Inc; FPL Energy LLC,39.1748,-5.5979,exact,Extremadura,L100000824899,G100000828150,GEM Global Solar Power Tracker Feb-2026
Terra Chá solar project,--,,Spain,1.5,operating,2022.0,,,43.2908,-7.6482,exact,Galicia,L100001053416,G100001061210,GEM Global Solar Power Tracker Feb-2026
Terra De Lemos solar project I,--,,Spain,1.1,operating,2025.0,,,42.5284,-7.5427,exact,Galicia,L100001052857,G100001060651,GEM Global Solar Power Tracker Feb-2026
Terra De Lemos solar project II,--,,Spain,1.5,operating,2023.0,,,42.5599,-7.3756,exact,Galicia,L100001053319,G100001061113,GEM Global Solar Power Tracker Feb-2026
Terrapower Generación solar farm,--,,Spain,36.1,pre-construction,,,RIC Energy,38.6588,-4.2941,approximate,Castilla-La Mancha,L100001005372,G100001006402,GEM Global Solar Power Tracker Feb-2026
Terrapower Global solar farm,--,,Spain,38.5,pre-construction,,,Terrapower Global Energy,38.6588,-4.2937,approximate,Castilla-La Mancha,L100001005370,G100001006399,GEM Global Solar Power Tracker Feb-2026
Terrer (Dehesa de los Guadalupes) solar farm,--,,Spain,41.7,pre-construction,,,Dehesa de los Guadalupes Solar SL [100%],41.3832,-1.7888,approximate,Aragón,L100001000604,G100001000918,GEM Global Solar Power Tracker Feb-2026
Terrer (Lightsource BP) solar farm,--,,Spain,107.0,pre-construction,,Jorge Energy I,Lightsource BP [100%],41.3385,-1.7569,approximate,Aragón,L100000824900,G100000828151,GEM Global Solar Power Tracker Feb-2026
Teruel Comunidad De Teruel solar project I,--,,Spain,1.9,operating,2022.0,,,40.3699,-1.1586,exact,Aragón,L100001052842,G100001060636,GEM Global Solar Power Tracker Feb-2026
Teruel Comunidad De Teruel solar project II,--,,Spain,3.0,operating,2024.0,,,40.3768,-1.1758,exact,Aragón,L100001053424,G100001061218,GEM Global Solar Power Tracker Feb-2026
Teso Pardo Hybrid solar farm,--,,Spain,39.0,pre-construction,,,,41.8356,-5.0422,approximate,Castilla y León,L100001064203,G100001073847,GEM Global Solar Power Tracker Feb-2026
Teso Santo solar farm,--,,Spain,39.3,pre-construction,,,,41.1818,-5.9009,approximate,Castilla y León,L100001061779,G100001070844,GEM Global Solar Power Tracker Feb-2026
Tico solar farm,1,,Spain,35.8,operating,2022.0,,Endesa SA [100%],41.2066,-0.9668,exact,Aragón,L100000824901,G100000828157,GEM Global Solar Power Tracker Feb-2026
Tico solar farm,2,,Spain,28.0,operating,,,Endesa SA [100%],41.2066,-0.9668,exact,Aragón,L100000824901,G100000828158,GEM Global Solar Power Tracker Feb-2026
Tierra De Badajoz solar project I,--,,Spain,1.8,operating,2017.0,,,38.8579,-6.7367,exact,Extremadura,L100001009649,G100001011019,GEM Global Solar Power Tracker Feb-2026
Tierra De Badajoz solar project II,--,,Spain,9.7,operating,2017.0,,,39.245,-6.9864,exact,Extremadura,L100001009815,G100001011185,GEM Global Solar Power Tracker Feb-2026
Tierra De Badajoz solar project III,--,,Spain,1.7,operating,2017.0,,,38.8424,-6.7093,exact,Extremadura,L100001052999,G100001060793,GEM Global Solar Power Tracker Feb-2026
Tierra De Badajoz solar project IV,--,,Spain,1.7,operating,2025.0,,,38.9169,-6.7373,exact,Extremadura,L100001053030,G100001060824,GEM Global Solar Power Tracker Feb-2026
Tierra De Badajoz solar project V,--,,Spain,1.2,operating,2021.0,,,38.9352,-6.6744,exact,Extremadura,L100001053141,G100001060935,GEM Global Solar Power Tracker Feb-2026
Tierra De Badajoz solar project VI,--,,Spain,3.0,operating,2017.0,,,39.2332,-7.0005,exact,Extremadura,L100001053233,G100001061027,GEM Global Solar Power Tracker Feb-2026
Tierra De Badajoz solar project VII,--,,Spain,6.4,operating,2024.0,,,39.1338,-6.7839,exact,Extremadura,L100001053415,G100001061209,GEM Global Solar Power Tracker Feb-2026
Tierra De Barros solar project I,--,,Spain,10.4,operating,2017.0,,,38.566,-6.2167,exact,Extremadura,L100001009701,G100001011071,GEM Global Solar Power Tracker Feb-2026
Tierra De Barros solar project II,--,,Spain,2.2,operating,2023.0,,,38.7884,-6.362,exact,Extremadura,L100001009797,G100001011167,GEM Global Solar Power Tracker Feb-2026
Tierra De Barros solar project IX,--,,Spain,3.9,operating,2022.0,,,38.7353,-6.483,exact,Extremadura,L100001053458,G100001061252,GEM Global Solar Power Tracker Feb-2026
Tierra De Barros solar project V,--,,Spain,9.3,operating,2023.0,,,38.4821,-6.1576,exact,Extremadura,L100001010554,G100001011924,GEM Global Solar Power Tracker Feb-2026
Tierra De Barros solar project VI,--,,Spain,2.5,operating,2023.0,,,38.7105,-6.3826,exact,Extremadura,L100001052860,G100001060654,GEM Global Solar Power Tracker Feb-2026
Tierra De Barros solar project VII,--,,Spain,1.8,operating,2020.0,,,38.5605,-6.358,exact,Extremadura,L100001053112,G100001060906,GEM Global Solar Power Tracker Feb-2026
Tierra De Barros solar project VIII,--,,Spain,1.4,operating,2023.0,,,38.5059,-6.0753,exact,Extremadura,L100001053365,G100001061159,GEM Global Solar Power Tracker Feb-2026
Tierra De Barros solar project X,--,,Spain,1.1,operating,2024.0,,,38.599,-6.6106,exact,Extremadura,L100001053480,G100001061274,GEM Global Solar Power Tracker Feb-2026
Tierra De Barros solar project XI,--,,Spain,3.9,operating,2019.0,,,38.5669,-6.3575,exact,Extremadura,L100001053685,G100001061479,GEM Global Solar Power Tracker Feb-2026
Tierra De Barros solar project XII,--,,Spain,3.3,operating,2023.0,,,38.5289,-6.3381,exact,Extremadura,L100001053776,G100001061570,GEM Global Solar Power Tracker Feb-2026
Tierra De Barros solar project XIII,--,,Spain,4.0,operating,2023.0,,,38.5574,-6.1142,exact,Extremadura,L100001053828,G100001061622,GEM Global Solar Power Tracker Feb-2026
Tierra de Badajoz solar farm,--,,Spain,48.8,operating,2022.0,,Endesa SA [100%],39.2774,-6.2734,approximate,Extremadura,L100000824902,G100000828159,GEM Global Solar Power Tracker Feb-2026
Tierra de Ágreda solar farm,--,,Spain,39.0,pre-construction,,Seguidores Solares Planta 2,Enel Green Power SpA [100%],41.8544,-2.0537,approximate,Castilla y León,L100001004603,G100001005401,GEM Global Solar Power Tracker Feb-2026
Titán solar farm,--,,Spain,50.0,pre-construction,,,Solaria,40.6111,-2.4504,approximate,Castilla-La Mancha,L100001005478,G100001006519,GEM Global Solar Power Tracker Feb-2026
Tiza solar farm,--,,Spain,30.0,operating,,,Aquila European Renewables PLC [100%],36.8391,-2.4619,approximate,Andalucía,L100000824903,G100000828160,GEM Global Solar Power Tracker Feb-2026
Tobizar solar farm,--,,Spain,22.8,pre-construction,,,,39.9594,-3.3372,approximate,Castilla-La Mancha,L100001062259,G100001071495,GEM Global Solar Power Tracker Feb-2026
Toki solar farm,--,,Spain,21.2,pre-construction,,Energía Inagotable de Toki,Forestalia SL [100%],41.984,-1.0473,approximate,Aragón,L100000824904,G100000828161,GEM Global Solar Power Tracker Feb-2026
Toledo (Cox Energy) solar farm,--,,Spain,54.0,pre-construction,,Desarrollos Fotovoltaicos Ibéricos 1,Cox Energy SAB de CV [100%],40.0769,-3.8704,approximate,Castilla-La Mancha,L100000824905,G100000828162,GEM Global Solar Power Tracker Feb-2026
Toledo solar project,--,,Spain,3.6,operating,2021.0,,,39.8819,-3.9171,exact,Castilla-La Mancha,L100001053595,G100001061389,GEM Global Solar Power Tracker Feb-2026
Topas solar farm,1,,Spain,54.0,shelved,,,Solaria Energía y Medio Ambiente SA [100%],41.2059,-5.896,approximate,Castilla y León,L100000806796,G100000807775,GEM Global Solar Power Tracker Feb-2026
Topas solar farm,10,,Spain,54.0,shelved,,,Solaria Energía y Medio Ambiente SA [100%],41.2059,-5.896,approximate,Castilla y León,L100000806796,G100000807784,GEM Global Solar Power Tracker Feb-2026
Topas solar farm,11,,Spain,54.0,shelved,,,Solaria Energía y Medio Ambiente SA [100%],41.2059,-5.896,approximate,Castilla y León,L100000806796,G100000807785,GEM Global Solar Power Tracker Feb-2026
Topas solar farm,12,,Spain,54.0,shelved,,,Solaria Energía y Medio Ambiente SA [100%],41.2059,-5.896,approximate,Castilla y León,L100000806796,G100000807786,GEM Global Solar Power Tracker Feb-2026
Topas solar farm,2,,Spain,54.0,shelved,,,Solaria Energía y Medio Ambiente SA [100%],41.2059,-5.896,approximate,Castilla y León,L100000806796,G100000807776,GEM Global Solar Power Tracker Feb-2026
Topas solar farm,3,,Spain,54.0,shelved,,,Solaria Energía y Medio Ambiente SA [100%],41.2059,-5.896,approximate,Castilla y León,L100000806796,G100000807777,GEM Global Solar Power Tracker Feb-2026
Topas solar farm,4,,Spain,54.0,shelved,,,Solaria Energía y Medio Ambiente SA [100%],41.2059,-5.896,approximate,Castilla y León,L100000806796,G100000807778,GEM Global Solar Power Tracker Feb-2026
Topas solar farm,5,,Spain,54.0,shelved,,,Solaria Energía y Medio Ambiente SA [100%],41.2059,-5.896,approximate,Castilla y León,L100000806796,G100000807779,GEM Global Solar Power Tracker Feb-2026
Topas solar farm,6,,Spain,54.0,shelved,,,Solaria Energía y Medio Ambiente SA [100%],41.2059,-5.896,approximate,Castilla y León,L100000806796,G100000807780,GEM Global Solar Power Tracker Feb-2026
Topas solar farm,7,,Spain,54.0,shelved,,,Solaria Energía y Medio Ambiente SA [100%],41.2059,-5.896,approximate,Castilla y León,L100000806796,G100000807781,GEM Global Solar Power Tracker Feb-2026
Topas solar farm,8,,Spain,54.0,shelved,,,Solaria Energía y Medio Ambiente SA [100%],41.2059,-5.896,approximate,Castilla y León,L100000806796,G100000807782,GEM Global Solar Power Tracker Feb-2026
Topas solar farm,9,,Spain,54.0,shelved,,,Solaria Energía y Medio Ambiente SA [100%],41.2059,-5.896,approximate,Castilla y León,L100000806796,G100000807783,GEM Global Solar Power Tracker Feb-2026
Tordesillas (Azucena New Energy) solar farm,--,,Spain,286.9,pre-construction,,Azucena New Energy,Best Wonder Business [100%],41.5016,-5.2645,approximate,Castilla y León,L100001004146,G100001004816,GEM Global Solar Power Tracker Feb-2026
Tordesillas (Baywa R.E.) solar farm,1,Tordesillas,Spain,42.0,operating,2021.0,BayWa R.E.,Commerz Real AG [100%],39.3261,-4.838,approximate,Castilla y León,L100000805713,G100000806575,GEM Global Solar Power Tracker Feb-2026
Tordesillas (Solaria) solar farm,1,Solaria Tordesillas,Spain,30.0,operating,2019.0,Solaria Energía y Medio Ambiente,Solaria Energía y Medio Ambiente SA [100%],41.4721,-5.0141,exact,Castilla y León,L100000805967,G100000806870,GEM Global Solar Power Tracker Feb-2026
Tordesillas (Solaria) solar farm,2,Solaria Tordesillas,Spain,50.0,operating,2019.0,Solaria Energía y Medio Ambiente,Solaria Energía y Medio Ambiente SA [100%],41.4721,-5.0141,exact,Castilla y León,L100000805967,G100000806871,GEM Global Solar Power Tracker Feb-2026
Tordesillas 3 solar project,--,,Spain,15.0,operating,2019.0,,,41.519,-4.996,exact,Castilla y León,L100001009280,G100001010650,GEM Global Solar Power Tracker Feb-2026
Tordesillas OPDE solar project,--,,Spain,10.0,operating,2010.0,,,41.5062,-5.0275,exact,Castilla y León,L100001009281,G100001010651,GEM Global Solar Power Tracker Feb-2026
Torija solar project,--,,Spain,3.0,operating,2017.0,,,40.7241,-3.0698,exact,Castilla-La Mancha,L100001009182,G100001010552,GEM Global Solar Power Tracker Feb-2026
Torozos solar farm,1,,Spain,52.0,announced,,,Q Energy,42.0228,-5.0658,approximate,Castilla y León,L100001005623,G100001006740,GEM Global Solar Power Tracker Feb-2026
Torozos solar farm,2,,Spain,52.0,announced,,,Q Energy,42.0228,-5.0658,approximate,Castilla y León,L100001005623,G100001006741,GEM Global Solar Power Tracker Feb-2026
Torozos solar farm,3,,Spain,52.0,announced,,,Q Energy,42.0228,-5.0658,approximate,Castilla y León,L100001005623,G100001006742,GEM Global Solar Power Tracker Feb-2026
Torre De Cotillas solar farm,1,Torres de Cotillas,Spain,50.0,operating,2019.0,Eiffage Énergie Systèmes,X-Elio [100%],37.979,-1.322,exact,Región de Murcia,L100000805768,G100000806637,GEM Global Solar Power Tracker Feb-2026
Torre-Pacheco solar farm,--,,Spain,89.9,pre-construction,,Luminaria Solar Tres,,37.8169,-1.0689,exact,Región de Murcia,L100000824906,G100000828163,GEM Global Solar Power Tracker Feb-2026
Torrealvilla A solar project,--,,Spain,10.0,operating,2015.0,,,37.766,-1.723,exact,Región de Murcia,L100001009214,G100001010584,GEM Global Solar Power Tracker Feb-2026
Torrecilla solar farm,--,Torrecilla Cáceres,Spain,42.0,operating,,Olivum PV Farm 01,Endesa SA [100%],39.5748,-5.7513,approximate,Extremadura,L100000824907,G100000828164,GEM Global Solar Power Tracker Feb-2026
Torregassa solar farm,--,,Spain,27.8,pre-construction,,,Energia Inagotable de Apus SL [100%],41.9729,1.5243,approximate,Cataluña,L100001000930,G100001001297,GEM Global Solar Power Tracker Feb-2026
Torrejón De Ardoz solar project,--,,Spain,2.8,operating,2024.0,,,40.4848,-3.4722,exact,Comunidad de Madrid,L100001053199,G100001060993,GEM Global Solar Power Tracker Feb-2026
Torrejón de Velasco solar farm,1,,Spain,42.6,shelved,,,Fornax Energy SL,40.0239,-4.0547,approximate,Castilla-La Mancha,L100001005655,G100001006788,GEM Global Solar Power Tracker Feb-2026
Torrejón de Velasco solar farm,2,,Spain,42.6,pre-construction,,,Fornax Energy SL,40.0239,-4.0547,approximate,Castilla-La Mancha,L100001005655,G100001006787,GEM Global Solar Power Tracker Feb-2026
Torrejón de Velasco solar farm,3,,Spain,42.6,pre-construction,,,Fornax Energy SL,40.0239,-4.0547,approximate,Castilla-La Mancha,L100001005655,G100001006786,GEM Global Solar Power Tracker Feb-2026
Torrejón de Velasco solar farm,4,,Spain,42.6,pre-construction,,,Fornax Energy SL,40.0239,-4.0547,approximate,Castilla-La Mancha,L100001005655,G100001006789,GEM Global Solar Power Tracker Feb-2026
Torrepalma solar farm,1,,Spain,22.0,operating,2021.0,Enel Green Power,Endesa SA [100%],37.453,-5.798,exact,Andalucía,L100000805788,G100000806662,GEM Global Solar Power Tracker Feb-2026
Torrijos Norte solar project,--,,Spain,5.0,operating,2020.0,,,40.005,-4.246,exact,Castilla-La Mancha,L100001009266,G100001010636,GEM Global Solar Power Tracker Feb-2026
Torrijos Solar Atlas solar farm,--,,Spain,112.9,pre-construction,,Euder Energy,,39.6111,-2.7904,approximate,Castilla-La Mancha,L100000824908,G100000828165,GEM Global Solar Power Tracker Feb-2026
Torrijos Sur solar project,--,,Spain,5.0,operating,2020.0,,,40.005,-4.246,exact,Castilla-La Mancha,L100001009267,G100001010637,GEM Global Solar Power Tracker Feb-2026
Torrijos solar farm,--,Elawan Torrijos,Spain,35.6,operating,2019.0,,Elawan Energy SL [100%],40.0456,-4.2734,approximate,Castilla-La Mancha,L100000824909,G100000828166,GEM Global Solar Power Tracker Feb-2026
Torrubia solar farm,--,,Spain,50.0,operating,2023.0,,Greencoat Renewables [100%],41.4991,-1.0996,exact,Aragón,L100000824910,G100000828167,GEM Global Solar Power Tracker Feb-2026
Torviscal Hybrid solar farm,--,,Spain,26.4,pre-construction,,,,38.7167,-2.316,approximate,Castilla-La Mancha,L100001063701,G100001073225,GEM Global Solar Power Tracker Feb-2026
Totana Bajo Guadalentín solar project I,--,,Spain,5.5,operating,2017.0,,,37.7126,-1.4816,exact,Región de Murcia,L100001009480,G100001010850,GEM Global Solar Power Tracker Feb-2026
Totana Bajo Guadalentín solar project II,--,,Spain,2.8,operating,2017.0,,,37.734,-1.4568,exact,Región de Murcia,L100001009679,G100001011049,GEM Global Solar Power Tracker Feb-2026
Totana Bajo Guadalentín solar project III,--,,Spain,2.5,operating,2017.0,,,37.7471,-1.4434,exact,Región de Murcia,L100001009786,G100001011156,GEM Global Solar Power Tracker Feb-2026
Totana Bajo Guadalentín solar project IV,--,,Spain,2.8,operating,2017.0,,,37.7102,-1.4553,exact,Región de Murcia,L100001009809,G100001011179,GEM Global Solar Power Tracker Feb-2026
Totana Bajo Guadalentín solar project V,--,,Spain,3.4,operating,2017.0,,,37.7346,-1.4808,exact,Región de Murcia,L100001010267,G100001011637,GEM Global Solar Power Tracker Feb-2026
Totana solar farm,1,El Saladar,Spain,85.0,operating,2019.0,Enel Green Power España,Endesa SA [100%],37.7587,-1.4304,exact,Región de Murcia,L100000805797,G100000806672,GEM Global Solar Power Tracker Feb-2026
Trajano A solar project,--,,Spain,7.7,operating,2017.0,,,37.0924,-5.8761,exact,Andalucía,L100001009250,G100001010620,GEM Global Solar Power Tracker Feb-2026
Tres Cantos solar farm,--,Alten Tres Cantos,Spain,77.3,pre-construction,,Matrix Renewables,Matrix Renewables [100%],40.418,-3.7063,approximate,Castilla-La Mancha,L100000824911,G100000828168,GEM Global Solar Power Tracker Feb-2026
Tres Pinos solar project,--,,Spain,17.7,operating,2023.0,,,38.2072,-1.2525,exact,Región de Murcia,L100001009217,G100001010587,GEM Global Solar Power Tracker Feb-2026
Trespuntas solar farm,1,Tres Puntas,Spain,46.8,pre-construction,2026.0,Saresun Trespuntas,Sacyr [100%],38.8831,-1.1118,approximate,Castilla-La Mancha,L100000824912,G100000828169,GEM Global Solar Power Tracker Feb-2026
Trigo solar farm,--,,Spain,56.5,pre-construction,,EDPR Renewable Energy Sources of Greece 1 Sole Proprietorship,EDP Renewables [100%],39.6111,-2.7904,approximate,Castilla-La Mancha,L100000824914,G100000828172,GEM Global Solar Power Tracker Feb-2026
Trillo (Repsol) solar farm,1,"Trillo 4, Trillo 3, Trillo 1, Trillo 2",Spain,49.5,pre-construction,,,Repsol SA,40.7636,-2.8696,approximate,Castilla-La Mancha,L100001005363,G100001006391,GEM Global Solar Power Tracker Feb-2026
Trillo (Repsol) solar farm,2,"Trillo 4, Trillo 3, Trillo 1, Trillo 2",Spain,49.5,pre-construction,,,Repsol SA,40.7636,-2.8696,approximate,Castilla-La Mancha,L100001005363,G100001006392,GEM Global Solar Power Tracker Feb-2026
Trillo (Repsol) solar farm,3,"Trillo 4, Trillo 3, Trillo 1, Trillo 2",Spain,49.5,pre-construction,,,Repsol SA,40.7636,-2.8696,approximate,Castilla-La Mancha,L100001005363,G100001006393,GEM Global Solar Power Tracker Feb-2026
Trillo (Repsol) solar farm,4,"Trillo 4, Trillo 3, Trillo 1, Trillo 2",Spain,49.5,pre-construction,,,Repsol SA,40.7636,-2.8696,approximate,Castilla-La Mancha,L100001005363,G100001006394,GEM Global Solar Power Tracker Feb-2026
Trillo Node solar farm,1,Complejo Trillo,Spain,338.0,operating,2023.0,Solaria Energía y Medio Ambiente,Solaria Energía y Medio Ambiente SA [100%],40.7048,-2.5909,approximate,Castilla-La Mancha,L100000805961,G100000806862,GEM Global Solar Power Tracker Feb-2026
Trillo Node solar farm,2,Complejo Trillo,Spain,138.0,operating,2023.0,Solaria Energía y Medio Ambiente,Solaria Energía y Medio Ambiente SA [100%],40.7048,-2.5909,approximate,Castilla-La Mancha,L100000805961,G100000806863,GEM Global Solar Power Tracker Feb-2026
Trillo Node solar farm,3,Complejo Trillo,Spain,150.0,operating,2023.0,Solaria Energía y Medio Ambiente,Solaria Energía y Medio Ambiente SA [100%],40.7048,-2.5909,approximate,Castilla-La Mancha,L100000805961,G100000806864,GEM Global Solar Power Tracker Feb-2026
Trinidad solar farm,--,Proyecto Trinidad,Spain,328.8,shelved - inferred 2 y,,Altec Green Energy,,41.77,-4.2093,approximate,Castilla y León,L100000824915,G100000828173,GEM Global Solar Power Tracker Feb-2026
Trujillo A solar project,--,,Spain,8.5,operating,2017.0,,,39.4602,-5.9501,exact,Extremadura,L100001009144,G100001010514,GEM Global Solar Power Tracker Feb-2026
Trévago (Euder Energy) solar farm,1,Soria (Euder Energy) solar farm,Spain,31.0,pre-construction,,Nembus Solar,Euder Energy SL [100%],41.855,-2.0611,approximate,Castilla y León,L100000824873,G100000828116,GEM Global Solar Power Tracker Feb-2026
Trévago (Euder Energy) solar farm,2,Soria (Euder Energy) solar farm,Spain,31.0,pre-construction,,Yildun Solar,Euder Energy SL [100%],41.855,-2.0611,approximate,Castilla y León,L100000824873,G100000828117,GEM Global Solar Power Tracker Feb-2026
Tudela II solar farm,--,,Spain,23.9,pre-construction,,,,42.0373,-1.6227,exact,Comunidad Foral de Navarra,L100001062376,G100001071654,GEM Global Solar Power Tracker Feb-2026
Turroneros solar farm,1,Jijona,Spain,35.0,operating,2021.0,,X-Elio [100%],38.5089,-0.4711,exact,Comunidad Valenciana,L100000824916,G100000828174,GEM Global Solar Power Tracker Feb-2026
Turroneros solar farm,2,Jijona,Spain,14.6,operating,2024.0,,X-Elio [100%],38.5089,-0.4711,exact,Comunidad Valenciana,L100000824916,G100000828175,GEM Global Solar Power Tracker Feb-2026
Táctica solar farm,--,,Spain,26.0,pre-construction,,,,36.8611,-5.1827,approximate,Andalucía,L100001062011,G100001071133,GEM Global Solar Power Tracker Feb-2026
UT 1 solar farm,--,,Spain,49.0,pre-construction,,,,37.4103,-5.8319,approximate,Andalucía,L100001061713,G100001070756,GEM Global Solar Power Tracker Feb-2026
Ubalza II solar farm,--,,Spain,30.9,pre-construction,,,,42.8326,-2.4135,exact,País Vasco,L100001062767,G100001072104,GEM Global Solar Power Tracker Feb-2026
Ukara solar farm,--,,Spain,45.8,pre-construction,,Energía Inagotable de Ukara,Forestalia SL [100%],41.9488,-1.1949,approximate,Aragón,L100000824917,G100000828176,GEM Global Solar Power Tracker Feb-2026
Ume solar farm,--,,Spain,14.7,pre-construction,,Energía Inagotable de Ume,Forestalia SL [100%],41.3473,-0.7809,approximate,Aragón,L100000824918,G100000828177,GEM Global Solar Power Tracker Feb-2026
Umiko solar farm,--,,Spain,52.5,pre-construction,,Energía Inagotable de Umiko,Forestalia SL [100%],41.9201,-1.2288,approximate,Aragón,L100000824919,G100000828178,GEM Global Solar Power Tracker Feb-2026
Upper Empordà solar project I,--,,Spain,3.3,operating,2017.0,,,42.2089,3.0128,exact,Cataluña,L100001009691,G100001011061,GEM Global Solar Power Tracker Feb-2026
Upper Empordà solar project II,--,,Spain,2.2,operating,2017.0,,,42.2049,2.9626,exact,Cataluña,L100001009841,G100001011211,GEM Global Solar Power Tracker Feb-2026
Upper Empordà solar project III,--,,Spain,1.7,operating,2025.0,,,42.149,3.0588,exact,Cataluña,L100001053001,G100001060795,GEM Global Solar Power Tracker Feb-2026
Upper Empordà solar project IV,--,,Spain,2.1,operating,2023.0,,,42.2373,2.9937,exact,Cataluña,L100001053240,G100001061034,GEM Global Solar Power Tracker Feb-2026
Upper Empordà solar project V,--,,Spain,1.7,operating,2017.0,,,42.2259,2.9079,exact,Cataluña,L100001053444,G100001061238,GEM Global Solar Power Tracker Feb-2026
Urbión solar farm,--,,Spain,100.0,shelved - inferred 2 y,,,Ignis Energía SL,40.1784,-3.7872,approximate,Comunidad de Madrid,L100000824920,G100000828179,GEM Global Solar Power Tracker Feb-2026
Urgell solar project,--,,Spain,2.0,operating,2023.0,,,41.6522,1.0849,exact,Cataluña,L100001010332,G100001011702,GEM Global Solar Power Tracker Feb-2026
Urgell solar project I,--,,Spain,1.1,operating,2025.0,,,41.6307,0.9876,exact,Cataluña,L100001052957,G100001060751,GEM Global Solar Power Tracker Feb-2026
Urgell solar project II,--,,Spain,2.1,operating,2022.0,,,41.6984,1.1167,exact,Cataluña,L100001053293,G100001061087,GEM Global Solar Power Tracker Feb-2026
Ursa Maior solar farm,--,,Spain,48.1,operating,2022.0,,Solaria Energía y Medio Ambiente SA [100%],42.5168,-5.7671,approximate,Castilla y León,L100000824921,G100000828180,GEM Global Solar Power Tracker Feb-2026
Utrilla solar farm,--,,Spain,30.0,pre-construction,,,,37.6824,-4.5537,approximate,Andalucía,L100001007683,G100001008910,GEM Global Solar Power Tracker Feb-2026
V Solar 1 solar farm,--,,Spain,289.6,pre-construction,,,Shell Desarrollo 2 SLU [100%],40.0966,-3.4274,approximate,Comunidad de Madrid,L100001004289,G100001005003,GEM Global Solar Power Tracker Feb-2026
Valbuena solar farm,--,,Spain,50.0,operating,2022.0,,Iberdrola SA [100%],40.6341,-3.1717,approximate,Castilla-La Mancha,L100000824922,G100000828181,GEM Global Solar Power Tracker Feb-2026
Valdecaballeros A solar project,--,,Spain,10.0,operating,2008.0,,,39.2945,-5.2036,exact,Extremadura,L100001009126,G100001010496,GEM Global Solar Power Tracker Feb-2026
Valdecaballeros Tracker solar project,--,,Spain,5.2,operating,2008.0,,,39.278,-5.225,exact,Extremadura,L100001009127,G100001010497,GEM Global Solar Power Tracker Feb-2026
Valdecaballeros solar project,--,,Spain,10.0,operating,2008.0,,,39.294,-5.217,exact,Extremadura,L100001009125,G100001010495,GEM Global Solar Power Tracker Feb-2026
Valdecarretas (OPDE) solar farm,--,,Spain,160.0,shelved - inferred 2 y,,Opdenergy,Opdenergy SA [100%],40.9586,-5.5608,approximate,Castilla y León,L100000824923,G100000828182,GEM Global Solar Power Tracker Feb-2026
Valdecarretas (Renewables japan) solar farm,--,,Spain,37.8,operating,,Generación Fotovoltaica El Llano,Renewables Japan Co [100%],41.4413,-5.3745,approximate,Castilla y León,L100001003292,G100001003772,GEM Global Solar Power Tracker Feb-2026
Valdecarro solar farm,--,Planta Solar Alcazar,Spain,49.8,operating,2019.0,Energías Ambientales de Soria,Actividades de Construcción y Servicios SA [24%]; Galp Energia SGPS SA [75%],39.3939,-3.2131,approximate,Castilla-La Mancha,L100000824924,G100000828183,GEM Global Solar Power Tracker Feb-2026
Valdejalón solar project I,--,,Spain,2.3,operating,2017.0,,,41.5003,-1.3653,exact,Aragón,L100001009678,G100001011048,GEM Global Solar Power Tracker Feb-2026
Valdejalón solar project II,--,,Spain,13.2,operating,2022.0,,,41.5007,-1.3488,exact,Aragón,L100001010273,G100001011643,GEM Global Solar Power Tracker Feb-2026
Valdejalón solar project III,--,,Spain,1.1,operating,2022.0,,,41.5978,-1.0876,exact,Aragón,L100001052952,G100001060746,GEM Global Solar Power Tracker Feb-2026
Valdejalón solar project IV,--,,Spain,3.0,operating,2017.0,,,41.571,-1.3179,exact,Aragón,L100001053312,G100001061106,GEM Global Solar Power Tracker Feb-2026
Valdejalón solar project V,--,,Spain,2.1,operating,2017.0,,,41.5718,-1.2043,exact,Aragón,L100001053549,G100001061343,GEM Global Solar Power Tracker Feb-2026
Valdejalón solar project VI,--,,Spain,1.1,operating,2024.0,,,41.4519,-1.3804,exact,Aragón,L100001053666,G100001061460,GEM Global Solar Power Tracker Feb-2026
Valdejalón solar project VII,--,,Spain,1.6,operating,2023.0,,,41.5698,-1.0764,exact,Aragón,L100001053744,G100001061538,GEM Global Solar Power Tracker Feb-2026
Valdejalón solar project VIII,--,,Spain,1.0,operating,2022.0,,,41.5236,-1.2203,exact,Aragón,L100001053773,G100001061567,GEM Global Solar Power Tracker Feb-2026
Valdelagua solar farm,--,,Spain,49.8,operating,,,,41.2617,-0.1265,approximate,Aragón,L100000824925,G100000828184,GEM Global Solar Power Tracker Feb-2026
Valdelaguna solar project,--,,Spain,14.7,operating,2017.0,,,36.9553,-2.4344,exact,Andalucía,L100001009191,G100001010561,GEM Global Solar Power Tracker Feb-2026
Valdelobos solar farm,--,,Spain,191.4,shelved - inferred 2 y,,Ardermer Itg,,41.3473,-0.7809,approximate,Aragón,L100000824926,G100000828185,GEM Global Solar Power Tracker Feb-2026
Valdelosa solar farm,1,Solaria Valdelosa-I,Spain,30.0,operating,2019.0,Solaria Energía y Medio Ambiente,Solaria Energía y Medio Ambiente SA [100%],41.212,-5.842,exact,Castilla y León,L100000805968,G100000806872,GEM Global Solar Power Tracker Feb-2026
Valdemoro solar farm,1,,Spain,50.0,pre-construction,,,Grupo Edora,40.0713,-3.7414,approximate,Castilla-La Mancha,L100001005656,G100001006790,GEM Global Solar Power Tracker Feb-2026
Valdemoro solar farm,2,,Spain,50.0,pre-construction,,,Grupo Edora,40.0713,-3.7414,approximate,Castilla-La Mancha,L100001005656,G100001006791,GEM Global Solar Power Tracker Feb-2026
Valdemoro solar farm,4,,Spain,50.0,pre-construction,,,Grupo Edora,40.0713,-3.7414,approximate,Castilla-La Mancha,L100001005656,G100001006792,GEM Global Solar Power Tracker Feb-2026
Valdemoro solar farm,5,,Spain,50.0,pre-construction,,,Grupo Edora,40.0713,-3.7414,approximate,Castilla-La Mancha,L100001005656,G100001006793,GEM Global Solar Power Tracker Feb-2026
Valdepeñas H2 solar farm,--,,Spain,377.3,pre-construction,,,,38.7576,-3.4086,approximate,Castilla-La Mancha,L100001064196,G100001073842,GEM Global Solar Power Tracker Feb-2026
Valderredible solar project,--,,Spain,1.4,operating,2020.0,,,42.7967,-3.945,exact,Cantabria,L100001053411,G100001061205,GEM Global Solar Power Tracker Feb-2026
Valdeserrana solar farm,--,,Spain,132.3,shelved - inferred 2 y,,Ardermer Itg,,41.3473,-0.7809,approximate,Aragón,L100000824927,G100000828186,GEM Global Solar Power Tracker Feb-2026
Valdesolar solar farm,1,Repsol Valdesolar,Spain,264.0,operating,2021.0,Repsol,Repsol SA [51%]; Renewables Infrastructure Group (TRIG) [49%],38.7986,-6.2371,approximate,Extremadura,L100000805939,G100000806835,GEM Global Solar Power Tracker Feb-2026
Valdivieso solar farm,--,Planta Solar Alcazar,Spain,49.9,operating,2019.0,Energías Ambientales de Soria,Actividades de Construcción y Servicios SA [24%]; Galp Energia SGPS SA [75%],39.3939,-3.2131,approximate,Castilla-La Mancha,L100000824928,G100000828187,GEM Global Solar Power Tracker Feb-2026
Valdompere solar farm,1,,Spain,48.8,construction,2026.0,Alectoris Energía Sostenible 10,Forestalia SL [100%],41.4442,-0.5767,approximate,Aragón,L100001004298,G100001005017,GEM Global Solar Power Tracker Feb-2026
Valdompere solar farm,2,,Spain,48.8,construction,,Alectoris Energía Sostenible 11,Forestalia SL [100%],41.4442,-0.5767,approximate,Aragón,L100001004298,G100001005018,GEM Global Solar Power Tracker Feb-2026
Valdompere solar farm,3,,Spain,48.8,construction,,Alectoris Energía Sostenible 12,Forestalia SL [100%],41.4442,-0.5767,approximate,Aragón,L100001004298,G100001005019,GEM Global Solar Power Tracker Feb-2026
Valdompere solar farm,4,,Spain,18.3,operating,2023.0,Alectoris Energía Sostenible 12,Forestalia SL [100%],41.4239,-0.6109,exact,Aragón,L100001004298,G100001005020,GEM Global Solar Power Tracker Feb-2026
Valduerna solar farm,4,,Spain,49.9,pre-construction,,Parque Eólico Villaumbrales,Sinia Renovables [100%],42.3102,-6.0114,approximate,Castilla y León,L100001004626,G100001005427,GEM Global Solar Power Tracker Feb-2026
Valencia Comarca De València solar project,--,,Spain,1.5,operating,2024.0,,,39.453,-0.3564,exact,Comunidad Valenciana,L100001052941,G100001060735,GEM Global Solar Power Tracker Feb-2026
Valencia DVP (Spain) solar farm,--,,Spain,43.5,pre-construction,,,Everstrong Capital,39.4597,-0.3893,approximate,Comunidad Valenciana,L100001005692,G100001006838,GEM Global Solar Power Tracker Feb-2026
Valencian Community solar project C,--,,Spain,1.0,operating,2018.0,,,38.7995,0.0405,exact,Comunidad Valenciana,L100001053799,G100001061593,GEM Global Solar Power Tracker Feb-2026
Valencian Community solar project CI,--,,Spain,1.7,operating,2023.0,,,39.7859,-0.2266,exact,Comunidad Valenciana,L100001053815,G100001061609,GEM Global Solar Power Tracker Feb-2026
Valencian Community solar project CII,--,,Spain,1.3,operating,2024.0,,,39.4445,-0.4566,exact,Comunidad Valenciana,L100001053833,G100001061627,GEM Global Solar Power Tracker Feb-2026
Valencian Community solar project CIII,--,,Spain,1.5,operating,2024.0,,,38.6383,-0.7857,exact,Comunidad Valenciana,L100001053844,G100001061638,GEM Global Solar Power Tracker Feb-2026
Valencian Community solar project I,--,,Spain,4.5,operating,2017.0,,,38.9266,-0.5283,exact,Comunidad Valenciana,L100001009301,G100001010671,GEM Global Solar Power Tracker Feb-2026
Valencian Community solar project II,--,,Spain,11.5,operating,2022.0,,,39.8846,-0.1017,exact,Comunidad Valenciana,L100001009302,G100001010672,GEM Global Solar Power Tracker Feb-2026
Valencian Community solar project III,--,,Spain,11.1,operating,2023.0,,,39.4748,-1.1557,exact,Comunidad Valenciana,L100001009395,G100001010765,GEM Global Solar Power Tracker Feb-2026
Valencian Community solar project IV,--,,Spain,4.1,operating,2023.0,,,38.8726,-0.4528,exact,Comunidad Valenciana,L100001009398,G100001010768,GEM Global Solar Power Tracker Feb-2026
Valencian Community solar project IX,--,,Spain,2.3,operating,2017.0,,,38.4651,-0.9044,exact,Comunidad Valenciana,L100001009548,G100001010918,GEM Global Solar Power Tracker Feb-2026
Valencian Community solar project L,--,,Spain,1.2,operating,2021.0,,,40.128,-0.0168,exact,Comunidad Valenciana,L100001052904,G100001060698,GEM Global Solar Power Tracker Feb-2026
Valencian Community solar project LI,--,,Spain,1.4,operating,2025.0,,,39.4776,-0.6326,exact,Comunidad Valenciana,L100001052921,G100001060715,GEM Global Solar Power Tracker Feb-2026
Valencian Community solar project LII,--,,Spain,1.0,operating,2022.0,,,39.9704,-0.1416,exact,Comunidad Valenciana,L100001052930,G100001060724,GEM Global Solar Power Tracker Feb-2026
Valencian Community solar project LIII,--,,Spain,3.6,operating,2022.0,,,39.486,-0.7127,exact,Comunidad Valenciana,L100001052942,G100001060736,GEM Global Solar Power Tracker Feb-2026
Valencian Community solar project LIV,--,,Spain,2.1,operating,2023.0,,,39.4746,-0.5534,exact,Comunidad Valenciana,L100001052945,G100001060739,GEM Global Solar Power Tracker Feb-2026
Valencian Community solar project LIX,--,,Spain,1.5,operating,2017.0,,,39.9743,-0.1981,exact,Comunidad Valenciana,L100001052998,G100001060792,GEM Global Solar Power Tracker Feb-2026
Valencian Community solar project LV,--,,Spain,1.0,operating,2017.0,,,39.2801,-0.5667,exact,Comunidad Valenciana,L100001052951,G100001060745,GEM Global Solar Power Tracker Feb-2026
Valencian Community solar project LVI,--,,Spain,1.6,operating,2023.0,,,39.9841,-0.1554,exact,Comunidad Valenciana,L100001052976,G100001060770,GEM Global Solar Power Tracker Feb-2026
Valencian Community solar project LVII,--,,Spain,1.6,operating,2017.0,,,39.1934,-0.5127,exact,Comunidad Valenciana,L100001052984,G100001060778,GEM Global Solar Power Tracker Feb-2026
Valencian Community solar project LVIII,--,,Spain,1.2,operating,2017.0,,,38.6818,-0.4708,exact,Comunidad Valenciana,L100001052985,G100001060779,GEM Global Solar Power Tracker Feb-2026
Valencian Community solar project LX,--,,Spain,2.3,operating,2020.0,,,38.5148,-0.479,exact,Comunidad Valenciana,L100001053033,G100001060827,GEM Global Solar Power Tracker Feb-2026
Valencian Community solar project LXI,--,,Spain,1.4,operating,2017.0,,,38.7896,0.0711,exact,Comunidad Valenciana,L100001053064,G100001060858,GEM Global Solar Power Tracker Feb-2026
Valencian Community solar project LXII,--,,Spain,1.0,operating,2017.0,,,39.6736,-0.4427,exact,Comunidad Valenciana,L100001053065,G100001060859,GEM Global Solar Power Tracker Feb-2026
Valencian Community solar project LXIII,--,,Spain,3.8,operating,2021.0,,,39.5302,-1.1401,exact,Comunidad Valenciana,L100001053152,G100001060946,GEM Global Solar Power Tracker Feb-2026
Valencian Community solar project LXIV,--,,Spain,5.4,operating,2023.0,,,38.6155,-0.9612,exact,Comunidad Valenciana,L100001053197,G100001060991,GEM Global Solar Power Tracker Feb-2026
Valencian Community solar project LXIX,--,,Spain,1.8,operating,2017.0,,,39.9339,-0.1668,exact,Comunidad Valenciana,L100001053284,G100001061078,GEM Global Solar Power Tracker Feb-2026
Valencian Community solar project LXV,--,,Spain,1.4,operating,2022.0,,,39.953,-0.1727,exact,Comunidad Valenciana,L100001053201,G100001060995,GEM Global Solar Power Tracker Feb-2026
Valencian Community solar project LXVI,--,,Spain,1.4,operating,2023.0,,,38.8092,0.0002,exact,Comunidad Valenciana,L100001053246,G100001061040,GEM Global Solar Power Tracker Feb-2026
Valencian Community solar project LXVII,--,,Spain,1.3,operating,2017.0,,,39.8123,-0.4698,exact,Comunidad Valenciana,L100001053264,G100001061058,GEM Global Solar Power Tracker Feb-2026
Valencian Community solar project LXVIII,--,,Spain,2.5,operating,2024.0,,,39.6656,-0.2635,exact,Comunidad Valenciana,L100001053274,G100001061068,GEM Global Solar Power Tracker Feb-2026
Valencian Community solar project LXX,--,,Spain,2.5,operating,2024.0,,,39.4375,-0.5514,exact,Comunidad Valenciana,L100001053328,G100001061122,GEM Global Solar Power Tracker Feb-2026
Valencian Community solar project LXXI,--,,Spain,2.1,operating,2017.0,,,39.7253,-1.239,exact,Comunidad Valenciana,L100001053344,G100001061138,GEM Global Solar Power Tracker Feb-2026
Valencian Community solar project LXXII,--,,Spain,3.9,operating,2024.0,,,39.4355,-0.7817,exact,Comunidad Valenciana,L100001053358,G100001061152,GEM Global Solar Power Tracker Feb-2026
Valencian Community solar project LXXIII,--,,Spain,1.0,operating,2022.0,,,39.9651,-0.2442,exact,Comunidad Valenciana,L100001053364,G100001061158,GEM Global Solar Power Tracker Feb-2026
Valencian Community solar project LXXIV,--,,Spain,1.4,operating,2025.0,,,38.7134,-0.4603,exact,Comunidad Valenciana,L100001053368,G100001061162,GEM Global Solar Power Tracker Feb-2026
Valencian Community solar project LXXIX,--,,Spain,2.0,operating,2023.0,,,39.4144,-0.5824,exact,Comunidad Valenciana,L100001053484,G100001061278,GEM Global Solar Power Tracker Feb-2026
Valencian Community solar project LXXV,--,,Spain,1.3,operating,2017.0,,,38.8087,-0.0059,exact,Comunidad Valenciana,L100001053394,G100001061188,GEM Global Solar Power Tracker Feb-2026
Valencian Community solar project LXXVI,--,,Spain,2.3,operating,2021.0,,,38.6103,-0.5881,exact,Comunidad Valenciana,L100001053396,G100001061190,GEM Global Solar Power Tracker Feb-2026
Valencian Community solar project LXXVII,--,,Spain,1.2,operating,2023.0,,,38.7963,-0.8828,exact,Comunidad Valenciana,L100001053410,G100001061204,GEM Global Solar Power Tracker Feb-2026
Valencian Community solar project LXXVIII,--,,Spain,1.9,operating,2024.0,,,40.4593,0.3388,exact,Comunidad Valenciana,L100001053483,G100001061277,GEM Global Solar Power Tracker Feb-2026
Valencian Community solar project LXXX,--,,Spain,3.0,operating,2017.0,,,40.3361,0.1219,exact,Comunidad Valenciana,L100001053490,G100001061284,GEM Global Solar Power Tracker Feb-2026
Valencian Community solar project LXXXI,--,,Spain,1.4,operating,2023.0,,,38.4015,-0.7043,exact,Comunidad Valenciana,L100001053521,G100001061315,GEM Global Solar Power Tracker Feb-2026
Valencian Community solar project LXXXII,--,,Spain,2.4,operating,2025.0,,,38.2177,-0.5655,exact,Comunidad Valenciana,L100001053542,G100001061336,GEM Global Solar Power Tracker Feb-2026
Valencian Community solar project LXXXIII,--,,Spain,2.9,operating,2022.0,,,39.9581,-0.1682,exact,Comunidad Valenciana,L100001053567,G100001061361,GEM Global Solar Power Tracker Feb-2026
Valencian Community solar project LXXXIV,--,,Spain,1.0,operating,2017.0,,,38.4178,-1.0132,exact,Comunidad Valenciana,L100001053571,G100001061365,GEM Global Solar Power Tracker Feb-2026
Valencian Community solar project LXXXIX,--,,Spain,1.2,operating,2017.0,,,39.2478,-0.5715,exact,Comunidad Valenciana,L100001053650,G100001061444,GEM Global Solar Power Tracker Feb-2026
Valencian Community solar project LXXXV,--,,Spain,4.9,operating,2023.0,,,38.5259,-0.4705,exact,Comunidad Valenciana,L100001053588,G100001061382,GEM Global Solar Power Tracker Feb-2026
Valencian Community solar project LXXXVI,--,,Spain,1.5,operating,2017.0,,,39.0655,-0.2759,exact,Comunidad Valenciana,L100001053606,G100001061400,GEM Global Solar Power Tracker Feb-2026
Valencian Community solar project LXXXVII,--,,Spain,3.6,operating,2023.0,,,39.4804,-0.5737,exact,Comunidad Valenciana,L100001053634,G100001061428,GEM Global Solar Power Tracker Feb-2026
Valencian Community solar project LXXXVIII,--,,Spain,1.1,operating,2017.0,,,39.4745,-0.569,exact,Comunidad Valenciana,L100001053644,G100001061438,GEM Global Solar Power Tracker Feb-2026
Valencian Community solar project V,--,,Spain,4.1,operating,2017.0,,,40.1796,0.113,exact,Comunidad Valenciana,L100001009475,G100001010845,GEM Global Solar Power Tracker Feb-2026
Valencian Community solar project VI,--,,Spain,2.3,operating,2017.0,,,38.8849,-0.3445,exact,Comunidad Valenciana,L100001009491,G100001010861,GEM Global Solar Power Tracker Feb-2026
Valencian Community solar project VII,--,,Spain,2.7,operating,2017.0,,,39.4766,-0.5827,exact,Comunidad Valenciana,L100001009496,G100001010866,GEM Global Solar Power Tracker Feb-2026
Valencian Community solar project VIII,--,,Spain,2.3,operating,2023.0,,,39.1286,-1.0895,exact,Comunidad Valenciana,L100001009501,G100001010871,GEM Global Solar Power Tracker Feb-2026
Valencian Community solar project X,--,,Spain,2.6,operating,2017.0,,,40.0073,-0.1628,exact,Comunidad Valenciana,L100001009561,G100001010931,GEM Global Solar Power Tracker Feb-2026
Valencian Community solar project XC,--,,Spain,2.4,operating,2017.0,,,39.3121,-0.4208,exact,Comunidad Valenciana,L100001053651,G100001061445,GEM Global Solar Power Tracker Feb-2026
Valencian Community solar project XCI,--,,Spain,1.0,operating,2022.0,,,38.9272,-0.1842,exact,Comunidad Valenciana,L100001053654,G100001061448,GEM Global Solar Power Tracker Feb-2026
Valencian Community solar project XCII,--,,Spain,2.7,operating,2017.0,,,40.031,-0.2608,exact,Comunidad Valenciana,L100001053676,G100001061470,GEM Global Solar Power Tracker Feb-2026
Valencian Community solar project XCIII,--,,Spain,1.1,operating,2017.0,,,38.7147,-0.685,exact,Comunidad Valenciana,L100001053692,G100001061486,GEM Global Solar Power Tracker Feb-2026
Valencian Community solar project XCIV,--,,Spain,2.3,operating,2017.0,,,39.5892,-1.4279,exact,Comunidad Valenciana,L100001053704,G100001061498,GEM Global Solar Power Tracker Feb-2026
Valencian Community solar project XCIX,--,,Spain,1.2,operating,2023.0,,,39.3444,-0.4819,exact,Comunidad Valenciana,L100001053798,G100001061592,GEM Global Solar Power Tracker Feb-2026
Valencian Community solar project XCV,--,,Spain,1.0,operating,2023.0,,,38.7982,-0.0217,exact,Comunidad Valenciana,L100001053715,G100001061509,GEM Global Solar Power Tracker Feb-2026
Valencian Community solar project XCVI,--,,Spain,2.2,operating,2017.0,,,39.2006,-0.5024,exact,Comunidad Valenciana,L100001053718,G100001061512,GEM Global Solar Power Tracker Feb-2026
Valencian Community solar project XCVII,--,,Spain,1.6,operating,2022.0,,,39.8615,-0.5074,exact,Comunidad Valenciana,L100001053723,G100001061517,GEM Global Solar Power Tracker Feb-2026
Valencian Community solar project XCVIII,--,,Spain,2.9,operating,2021.0,,,40.4789,0.3576,exact,Comunidad Valenciana,L100001053733,G100001061527,GEM Global Solar Power Tracker Feb-2026
Valencian Community solar project XI,--,,Spain,3.8,operating,2017.0,,,38.6899,-0.9139,exact,Comunidad Valenciana,L100001009568,G100001010938,GEM Global Solar Power Tracker Feb-2026
Valencian Community solar project XII,--,,Spain,4.1,operating,2017.0,,,38.6559,-0.9092,exact,Comunidad Valenciana,L100001009646,G100001011016,GEM Global Solar Power Tracker Feb-2026
Valencian Community solar project XIV,--,,Spain,2.0,operating,2017.0,,,38.8591,-0.5206,exact,Comunidad Valenciana,L100001009726,G100001011096,GEM Global Solar Power Tracker Feb-2026
Valencian Community solar project XIX,--,,Spain,4.6,operating,2023.0,,,38.418,-1.0264,exact,Comunidad Valenciana,L100001009853,G100001011223,GEM Global Solar Power Tracker Feb-2026
Valencian Community solar project XL,--,,Spain,5.4,operating,2019.0,,,39.963,-0.2153,exact,Comunidad Valenciana,L100001010488,G100001011858,GEM Global Solar Power Tracker Feb-2026
Valencian Community solar project XLII,--,,Spain,2.2,operating,2022.0,,,40.1984,-0.0101,exact,Comunidad Valenciana,L100001010490,G100001011860,GEM Global Solar Power Tracker Feb-2026
Valencian Community solar project XLIII,--,,Spain,3.1,operating,2023.0,,,40.1634,-0.0176,exact,Comunidad Valenciana,L100001010491,G100001011861,GEM Global Solar Power Tracker Feb-2026
Valencian Community solar project XLIV,--,,Spain,1.3,operating,2025.0,,,39.4623,-0.7282,exact,Comunidad Valenciana,L100001052801,G100001060595,GEM Global Solar Power Tracker Feb-2026
Valencian Community solar project XLIX,--,,Spain,1.9,operating,2018.0,,,39.4409,-0.5855,exact,Comunidad Valenciana,L100001052887,G100001060681,GEM Global Solar Power Tracker Feb-2026
Valencian Community solar project XLV,--,,Spain,1.2,operating,2024.0,,,39.211,-0.501,exact,Comunidad Valenciana,L100001052809,G100001060603,GEM Global Solar Power Tracker Feb-2026
Valencian Community solar project XLVI,--,,Spain,1.5,operating,2017.0,,,39.3087,-0.4008,exact,Comunidad Valenciana,L100001052838,G100001060632,GEM Global Solar Power Tracker Feb-2026
Valencian Community solar project XLVII,--,,Spain,1.8,operating,2018.0,,,39.5972,-0.373,exact,Comunidad Valenciana,L100001052866,G100001060660,GEM Global Solar Power Tracker Feb-2026
Valencian Community solar project XLVIII,--,,Spain,1.0,operating,2017.0,,,39.2721,-0.4625,exact,Comunidad Valenciana,L100001052881,G100001060675,GEM Global Solar Power Tracker Feb-2026
Valencian Community solar project XV,--,,Spain,3.8,operating,2017.0,,,40.1735,0.0002,exact,Comunidad Valenciana,L100001009765,G100001011135,GEM Global Solar Power Tracker Feb-2026
Valencian Community solar project XVI,--,,Spain,1.2,operating,2023.0,,,38.6202,-0.6722,exact,Comunidad Valenciana,L100001009771,G100001011141,GEM Global Solar Power Tracker Feb-2026
Valencian Community solar project XVII,--,,Spain,4.3,operating,2017.0,,,40.57,-0.0738,exact,Comunidad Valenciana,L100001009777,G100001011147,GEM Global Solar Power Tracker Feb-2026
Valencian Community solar project XVIII,--,,Spain,5.6,operating,2023.0,,,38.4242,-0.9784,exact,Comunidad Valenciana,L100001009850,G100001011220,GEM Global Solar Power Tracker Feb-2026
Valencian Community solar project XX,--,,Spain,3.1,operating,2023.0,,,38.3783,-0.7075,exact,Comunidad Valenciana,L100001009887,G100001011257,GEM Global Solar Power Tracker Feb-2026
Valencian Community solar project XXI,--,,Spain,2.1,operating,2017.0,,,39.3506,-0.7597,exact,Comunidad Valenciana,L100001009920,G100001011290,GEM Global Solar Power Tracker Feb-2026
Valencian Community solar project XXII,--,,Spain,2.3,operating,2024.0,,,39.9632,-0.6351,exact,Comunidad Valenciana,L100001009921,G100001011291,GEM Global Solar Power Tracker Feb-2026
Valencian Community solar project XXIII,--,,Spain,3.4,operating,2017.0,,,39.8244,-0.3399,exact,Comunidad Valenciana,L100001009939,G100001011309,GEM Global Solar Power Tracker Feb-2026
Valencian Community solar project XXIV,--,,Spain,3.8,operating,2017.0,,,39.5446,-1.2938,exact,Comunidad Valenciana,L100001010011,G100001011381,GEM Global Solar Power Tracker Feb-2026
Valencian Community solar project XXIX,--,,Spain,2.7,operating,2023.0,,,40.039,-0.2378,exact,Comunidad Valenciana,L100001010312,G100001011682,GEM Global Solar Power Tracker Feb-2026
Valencian Community solar project XXV,--,,Spain,4.8,operating,2022.0,,,38.4397,-0.7801,exact,Comunidad Valenciana,L100001010295,G100001011665,GEM Global Solar Power Tracker Feb-2026
Valencian Community solar project XXVI,--,,Spain,3.5,operating,2017.0,,,38.5626,-0.8958,exact,Comunidad Valenciana,L100001010297,G100001011667,GEM Global Solar Power Tracker Feb-2026
Valencian Community solar project XXVIII,--,,Spain,6.8,operating,2022.0,,,39.328,-0.4233,exact,Comunidad Valenciana,L100001010311,G100001011681,GEM Global Solar Power Tracker Feb-2026
Valencian Community solar project XXX,--,,Spain,2.9,operating,2017.0,,,39.9987,-0.1707,exact,Comunidad Valenciana,L100001010313,G100001011683,GEM Global Solar Power Tracker Feb-2026
Valencian Community solar project XXXI,--,,Spain,1.7,operating,2017.0,,,39.95,-0.1914,exact,Comunidad Valenciana,L100001010314,G100001011684,GEM Global Solar Power Tracker Feb-2026
Valencian Community solar project XXXIII,--,,Spain,3.2,operating,2022.0,,,40.1975,-0.1134,exact,Comunidad Valenciana,L100001010317,G100001011687,GEM Global Solar Power Tracker Feb-2026
Valencian Community solar project XXXIV,--,,Spain,2.2,operating,2023.0,,,40.2298,0.0576,exact,Comunidad Valenciana,L100001010318,G100001011688,GEM Global Solar Power Tracker Feb-2026
Valencian Community solar project XXXIX,--,,Spain,14.4,operating,2022.0,,,40.5643,0.373,exact,Comunidad Valenciana,L100001010476,G100001011846,GEM Global Solar Power Tracker Feb-2026
Valencian Community solar project XXXV,--,,Spain,3.3,operating,2023.0,,,38.4522,-0.7751,exact,Comunidad Valenciana,L100001010352,G100001011722,GEM Global Solar Power Tracker Feb-2026
Valencian Community solar project XXXVI,--,,Spain,2.2,operating,2021.0,,,39.5145,-0.6196,exact,Comunidad Valenciana,L100001010388,G100001011758,GEM Global Solar Power Tracker Feb-2026
Valencian Community solar project XXXVIII,--,,Spain,3.5,operating,2020.0,,,38.5349,-0.7976,exact,Comunidad Valenciana,L100001010404,G100001011774,GEM Global Solar Power Tracker Feb-2026
Valentia Edetanotum FV8 solar farm,--,,Spain,210.0,pre-construction,,,Harbour Energy PLC,40.2274,-0.1171,approximate,Comunidad Valenciana,L100001005589,G100001006689,GEM Global Solar Power Tracker Feb-2026
Valentia Edetanotum solar farm,--,,Spain,49.4,pre-construction,,,Harbour Energy PLC,39.2832,-0.5734,approximate,Comunidad Valenciana,L100001005621,G100001006738,GEM Global Solar Power Tracker Feb-2026
Valentina solar farm,--,,Spain,124.9,pre-construction,,,Solaria,41.7365,-4.2967,approximate,Castilla y León,L100001005599,G100001006706,GEM Global Solar Power Tracker Feb-2026
Valhonda solar farm,--,Valdeserrana solar,Spain,113.4,shelved - inferred 2 y,,Aragon Transición Justa,,41.3473,-0.7809,approximate,Aragón,L100000824929,G100000828188,GEM Global Solar Power Tracker Feb-2026
Valiente solar farm,2,,Spain,88.4,pre-construction,,,Mowe Energía XII SLU,42.015,-0.7614,approximate,Aragón,L100001005613,G100001006729,GEM Global Solar Power Tracker Feb-2026
Valladolid (Sonnedix) solar farm,1,,Spain,15.4,operating,2023.0,Sonnedix,Sonnedix [100%],41.6426,-4.734,approximate,Castilla y León,L100000824930,G100000828189,GEM Global Solar Power Tracker Feb-2026
Valladolid (Sonnedix) solar farm,2,,Spain,15.4,operating,2023.0,Sonnedix,Sonnedix [100%],41.6426,-4.734,approximate,Castilla y León,L100000824930,G100001008808,GEM Global Solar Power Tracker Feb-2026
Valladolid (Sonnedix) solar farm,3,,Spain,15.4,operating,2023.0,Sonnedix,Sonnedix [100%],41.6426,-4.734,approximate,Castilla y León,L100000824930,G100001008809,GEM Global Solar Power Tracker Feb-2026
Valladolid (Sonnedix) solar farm,4,,Spain,15.4,operating,2023.0,Sonnedix,Sonnedix [100%],41.6426,-4.734,approximate,Castilla y León,L100000824930,G100001008810,GEM Global Solar Power Tracker Feb-2026
Valladolid (Sonnedix) solar farm,5,,Spain,15.4,operating,2023.0,Sonnedix,Sonnedix [100%],41.6426,-4.734,approximate,Castilla y León,L100000824930,G100001008811,GEM Global Solar Power Tracker Feb-2026
Valladolid (Sonnedix) solar farm,6,,Spain,15.4,operating,2023.0,Sonnedix,Sonnedix [100%],41.6426,-4.734,approximate,Castilla y León,L100000824930,G100001008812,GEM Global Solar Power Tracker Feb-2026
Valladolid (Sonnedix) solar farm,7,,Spain,15.4,operating,2023.0,Sonnedix,Sonnedix [100%],41.6426,-4.734,approximate,Castilla y León,L100000824930,G100001008813,GEM Global Solar Power Tracker Feb-2026
Valladolid solar project II,--,,Spain,10.2,operating,2023.0,,,41.7864,-4.8551,exact,Castilla y León,L100001010175,G100001011545,GEM Global Solar Power Tracker Feb-2026
Valladolid solar project III,--,,Spain,13.1,operating,2023.0,,,41.7926,-4.865,exact,Castilla y León,L100001010176,G100001011546,GEM Global Solar Power Tracker Feb-2026
Valladolid solar project IV,--,,Spain,2.3,operating,2024.0,,,41.6823,-4.7775,exact,Castilla y León,L100001052967,G100001060761,GEM Global Solar Power Tracker Feb-2026
Valladolid solar project V,--,,Spain,3.5,operating,2017.0,,,41.6779,-4.7113,exact,Castilla y León,L100001053063,G100001060857,GEM Global Solar Power Tracker Feb-2026
Valladolid solar project VI,--,,Spain,4.5,operating,2024.0,,,41.6801,-4.7284,exact,Castilla y León,L100001053553,G100001061347,GEM Global Solar Power Tracker Feb-2026
Valladolid solar project VII,--,,Spain,1.6,operating,2023.0,,,41.6004,-4.7104,exact,Castilla y León,L100001053772,G100001061566,GEM Global Solar Power Tracker Feb-2026
"Valladolid, Palencia, and Soria solar farm",--,,Spain,550.0,pre-construction,,Bruc Iberia Energy Investment Partners,Bruc Iberia Energy Investment Partners [100%],42.0135,-4.5287,approximate,Castilla y León,L100000824931,G100000828190,GEM Global Solar Power Tracker Feb-2026
Valle (ISC Greenfield) solar farm,1,,Spain,108.9,pre-construction,,,ISC Greenfield 10 [100%],41.77,-4.2093,approximate,Castilla y León,L100000824934,G100000828193,GEM Global Solar Power Tracker Feb-2026
Valle (ISC Greenfield) solar farm,2,,Spain,108.9,pre-construction,,,ISC Greenfield 10 [100%],41.77,-4.2093,approximate,Castilla y León,L100000824934,G100000828194,GEM Global Solar Power Tracker Feb-2026
Valle (ISC Greenfield) solar farm,3,,Spain,165.0,pre-construction,,,ISC Greenfield 10 [100%],41.77,-4.2093,approximate,Castilla y León,L100000824934,G100001006704,GEM Global Solar Power Tracker Feb-2026
Valle (ISC Greenfield) solar farm,4,,Spain,164.0,pre-construction,,,ISC Greenfield 10 [100%],41.77,-4.2093,approximate,Castilla y León,L100000824934,G100001006705,GEM Global Solar Power Tracker Feb-2026
Valle 1 CSP solar farm,--,"Valle Torresol, Arcosol 50",Spain,50.0,operating,2011.0,Torresol,Torresol [100%],36.6579,-5.8565,exact,Andalucía,L100000824932,G100000828191,GEM Global Solar Power Tracker Feb-2026
Valle 2 CSP solar farm,--,"Valle Torresol, Termesol 50 CSP Project",Spain,50.0,operating,2011.0,Torresol,Torresol [100%],36.6579,-5.8565,exact,Andalucía,L100000824933,G100000828192,GEM Global Solar Power Tracker Feb-2026
Valle Andaluz Green Hydrogen solar farm,Palos de la Frontera,Andalusian Green Hydrogen Valley,Spain,100.0,announced,2027.0,,Enagás Renovable; Compañía Española de Petróleos SA; Alter Enersun SA,37.2298,-6.8958,approximate,Andalucía,L100000824935,G100000828195,GEM Global Solar Power Tracker Feb-2026
Valle Andaluz Green Hydrogen solar farm,San Roque,Andalusian Green Hydrogen Valley,Spain,100.0,announced,2027.0,,Enagás Renovable; Compañía Española de Petróleos SA; Alter Enersun SA,36.2105,-5.3868,approximate,Andalucía,L100000824935,G100000828196,GEM Global Solar Power Tracker Feb-2026
Valle De Ricote solar project I,--,,Spain,1.2,operating,2023.0,,,38.1297,-1.2929,exact,Región de Murcia,L100001053633,G100001061427,GEM Global Solar Power Tracker Feb-2026
Valle De Ricote solar project II,--,,Spain,1.9,operating,2022.0,,,38.0716,-1.3482,exact,Región de Murcia,L100001053721,G100001061515,GEM Global Solar Power Tracker Feb-2026
Valle Del Almanzora solar project I,--,,Spain,1.3,operating,2018.0,,,37.3495,-2.146,exact,Andalucía,L100001009645,G100001011015,GEM Global Solar Power Tracker Feb-2026
Valle Del Almanzora solar project II,--,,Spain,2.7,operating,2023.0,,,37.3081,-2.2818,exact,Andalucía,L100001009683,G100001011053,GEM Global Solar Power Tracker Feb-2026
Valle Del Almanzora solar project III,--,,Spain,1.9,operating,2021.0,,,37.3567,-2.0924,exact,Andalucía,L100001010263,G100001011633,GEM Global Solar Power Tracker Feb-2026
Valle Del Almanzora solar project IV,--,,Spain,14.4,operating,2022.0,,,37.371,-2.236,exact,Andalucía,L100001010506,G100001011876,GEM Global Solar Power Tracker Feb-2026
Valle Del Almanzora solar project V,--,,Spain,1.1,operating,2021.0,,,37.3841,-2.3535,exact,Andalucía,L100001052878,G100001060672,GEM Global Solar Power Tracker Feb-2026
Valle Del Almanzora solar project VI,--,,Spain,2.4,operating,2017.0,,,37.4476,-2.1607,exact,Andalucía,L100001053421,G100001061215,GEM Global Solar Power Tracker Feb-2026
Valle Del Guadalhorce solar project,--,,Spain,3.0,operating,2023.0,,,36.7628,-4.7599,exact,Andalucía,L100001009505,G100001010875,GEM Global Solar Power Tracker Feb-2026
Valle Del Guadalhorce solar project I,--,,Spain,1.0,operating,2017.0,,,36.9348,-4.6532,exact,Andalucía,L100001053407,G100001061201,GEM Global Solar Power Tracker Feb-2026
Valle Del Zalabí Comarca De Guadix solar project,--,,Spain,10.1,operating,2017.0,,,37.243,-3.0756,exact,Andalucía,L100001009787,G100001011157,GEM Global Solar Power Tracker Feb-2026
Valle Del Zalabí Partido Judicial De Guadix solar project,--,,Spain,3.0,operating,2023.0,,,37.2878,-3.0568,exact,Andalucía,L100001052916,G100001060710,GEM Global Solar Power Tracker Feb-2026
Valle H2V Navarra solar farm,--,,Spain,25.0,pre-construction,,Acciona Proyectos Renovables para Hidrógeno,Plug Power Inc; Acciona Energía SAU,42.592,-1.2904,approximate,Comunidad Foral de Navarra,L100000824936,G100000828197,GEM Global Solar Power Tracker Feb-2026
Valle del Sol (Spain) solar farm,--,,Spain,50.0,pre-construction,,,,39.6146,-2.1047,approximate,Castilla-La Mancha,L100001005461,G100001006500,GEM Global Solar Power Tracker Feb-2026
Valle solar farm,--,,Spain,279.9,pre-construction,,,Solar Ventures [100%],39.1468,-1.0658,approximate,Comunidad Valenciana,L100000824937,G100000828198,GEM Global Solar Power Tracker Feb-2026
Vallobar solar farm,--,,Spain,40.0,construction,,Planta Solar OPDE 14,Opdenergy SA [100%],41.5233,-1.059,exact,Aragón,L100000824938,G100000828199,GEM Global Solar Power Tracker Feb-2026
Vallès Occidental solar project,--,,Spain,3.6,operating,2023.0,,,41.5936,2.0927,exact,Cataluña,L100001052898,G100001060692,GEM Global Solar Power Tracker Feb-2026
Vallès Oriental solar project,--,,Spain,3.2,operating,2017.0,,,41.6165,2.3569,exact,Cataluña,L100001009943,G100001011313,GEM Global Solar Power Tracker Feb-2026
Vallès Oriental solar project I,--,,Spain,1.4,operating,2017.0,,,41.5214,2.2165,exact,Cataluña,L100001052925,G100001060719,GEM Global Solar Power Tracker Feb-2026
Vallès Oriental solar project II,--,,Spain,1.2,operating,2017.0,,,41.6617,2.439,exact,Cataluña,L100001053253,G100001061047,GEM Global Solar Power Tracker Feb-2026
Vallès Oriental solar project III,--,,Spain,1.7,operating,2024.0,,,41.5696,2.2733,exact,Cataluña,L100001053516,G100001061310,GEM Global Solar Power Tracker Feb-2026
Vallès Oriental solar project IV,--,,Spain,1.3,operating,2025.0,,,41.6035,2.2562,exact,Cataluña,L100001053591,G100001061385,GEM Global Solar Power Tracker Feb-2026
Valtarafón solar farm,--,,Spain,50.0,pre-construction,,Planta Fotovoltaica Valtarafón,AXPO Solar Iberia [100%],42.6134,-5.8094,approximate,Castilla y León,L100001004529,G100001005311,GEM Global Solar Power Tracker Feb-2026
Valtierra I solar project (Spain),--,,Spain,4.0,operating,2008.0,,,42.1442,-1.6715,exact,Comunidad Foral de Navarra,L100001009229,G100001010599,GEM Global Solar Power Tracker Feb-2026
Valtierra II solar project (Spain),--,,Spain,5.9,operating,2009.0,,,42.1388,-1.6824,exact,Comunidad Foral de Navarra,L100001009230,G100001010600,GEM Global Solar Power Tracker Feb-2026
Valverde De Leganés Llanos De Olivenza solar project,--,,Spain,5.6,operating,2017.0,,,38.6708,-6.9515,exact,Extremadura,L100001010004,G100001011374,GEM Global Solar Power Tracker Feb-2026
Valverdon solar project,--,,Spain,15.5,operating,2017.0,,,41.0583,-5.7828,exact,Castilla y León,L100001009234,G100001010604,GEM Global Solar Power Tracker Feb-2026
Varadero solar farm,--,,Spain,47.7,pre-construction,,,Varadero Solar SLU [100%],40.32,-3.4463,approximate,Comunidad de Madrid,L100000824940,G100000828201,GEM Global Solar Power Tracker Feb-2026
Vega Alta Del Segura solar project I,--,,Spain,6.8,operating,2023.0,,,38.2441,-1.3632,exact,Región de Murcia,L100001009527,G100001010897,GEM Global Solar Power Tracker Feb-2026
Vega Alta Del Segura solar project II,--,,Spain,9.3,operating,2017.0,,,38.2536,-1.3813,exact,Región de Murcia,L100001009541,G100001010911,GEM Global Solar Power Tracker Feb-2026
Vega Alta Del Segura solar project IV,--,,Spain,2.1,operating,2021.0,,,38.2978,-1.2949,exact,Región de Murcia,L100001010376,G100001011746,GEM Global Solar Power Tracker Feb-2026
Vega Alta Del Segura solar project V,--,,Spain,1.4,operating,2023.0,,,38.236,-1.5213,exact,Región de Murcia,L100001053505,G100001061299,GEM Global Solar Power Tracker Feb-2026
Vega Alta Del Segura solar project VI,--,,Spain,1.0,operating,2021.0,,,38.2965,-1.3245,exact,Región de Murcia,L100001053831,G100001061625,GEM Global Solar Power Tracker Feb-2026
Vega Media Del Segura solar project I,--,,Spain,9.9,operating,2018.0,,,38.0247,-1.3015,exact,Región de Murcia,L100001010045,G100001011415,GEM Global Solar Power Tracker Feb-2026
Vega Media Del Segura solar project II,--,,Spain,3.2,operating,2021.0,,,38.0364,-1.2938,exact,Región de Murcia,L100001010348,G100001011718,GEM Global Solar Power Tracker Feb-2026
Vega Media Del Segura solar project III,--,,Spain,1.0,operating,2024.0,,,38.0034,-1.3106,exact,Región de Murcia,L100001052786,G100001060580,GEM Global Solar Power Tracker Feb-2026
Vega Media Del Segura solar project IV,--,,Spain,12.6,operating,2023.0,,,38.136,-1.1686,exact,Región de Murcia,L100001052804,G100001060598,GEM Global Solar Power Tracker Feb-2026
Vega Media Del Segura solar project IX,--,,Spain,2.2,operating,2021.0,,,38.057,-1.245,exact,Región de Murcia,L100001053631,G100001061425,GEM Global Solar Power Tracker Feb-2026
Vega Media Del Segura solar project V,--,,Spain,1.1,operating,2017.0,,,38.0725,-1.1996,exact,Región de Murcia,L100001052937,G100001060731,GEM Global Solar Power Tracker Feb-2026
Vega Media Del Segura solar project VI,--,,Spain,3.6,operating,2023.0,,,38.1033,-1.1987,exact,Región de Murcia,L100001053404,G100001061198,GEM Global Solar Power Tracker Feb-2026
Vega Media Del Segura solar project VII,--,,Spain,2.1,operating,2025.0,,,38.1268,-1.1674,exact,Región de Murcia,L100001053457,G100001061251,GEM Global Solar Power Tracker Feb-2026
Vega Media Del Segura solar project VIII,--,,Spain,1.8,operating,2023.0,,,38.169,-1.1846,exact,Región de Murcia,L100001053462,G100001061256,GEM Global Solar Power Tracker Feb-2026
Vega Media Del Segura solar project X,--,,Spain,1.7,operating,2023.0,,,38.1102,-1.2474,exact,Región de Murcia,L100001053710,G100001061504,GEM Global Solar Power Tracker Feb-2026
Vega del Segura solar farm,--,,Spain,82.9,announced,,,Statkraft AS,38.5444,-0.4082,approximate,Comunidad Valenciana,L100001005618,G100001006734,GEM Global Solar Power Tracker Feb-2026
Vega solar farm,--,,Spain,35.0,pre-construction,,,Vega Solar SL [100%],40.6976,-3.1304,approximate,Castilla-La Mancha,L100001003976,G100001004618,GEM Global Solar Power Tracker Feb-2026
Vegateseo Carmona solar farm,--,,Spain,50.0,pre-construction,,,,37.4965,-5.9864,approximate,Andalucía,L100001061819,G100001070886,GEM Global Solar Power Tracker Feb-2026
Vejer de la Frontera solar project,--,,Spain,10.0,operating,2008.0,,,36.2447,-6.008,exact,Andalucía,L100001009148,G100001010518,GEM Global Solar Power Tracker Feb-2026
Velilla (Iberdrola) solar farm,1,Velilla Solar,Spain,275.0,pre-construction,,Iberenova Promociones,Iberdrola SA [100%],42.8181,-4.8536,exact,Castilla y León,L100000805872,G100000806756,GEM Global Solar Power Tracker Feb-2026
Venta de la Virgen solar farm,--,,Spain,46.1,pre-construction,,,,37.8276,-1.1997,exact,Región de Murcia,L100001063120,G100001072499,GEM Global Solar Power Tracker Feb-2026
Ventas de Huelma solar farm,--,,Spain,600.0,pre-construction,,Greening Group,,37.6087,-4.6016,approximate,Andalucía,L100000824941,G100000828202,GEM Global Solar Power Tracker Feb-2026
Veracruz solar farm,1,,Spain,50.0,operating,,Enel Green Power,Endesa SA [100%],38.7574,-6.3997,approximate,Extremadura,L100000805785,G100000806659,GEM Global Solar Power Tracker Feb-2026
Verín solar project,--,,Spain,3.4,operating,2020.0,,,41.895,-7.3642,exact,Galicia,L100001053427,G100001061221,GEM Global Solar Power Tracker Feb-2026
Vidriera Crisnova solar farm,--,,Spain,12.0,operating,2022.0,Grupo Vidrala,Grupo Vidrala [100%],38.7099,-0.9496,exact,Castilla-La Mancha,L100000824942,G100000828203,GEM Global Solar Power Tracker Feb-2026
Vigo solar project I,--,,Spain,1.2,operating,2023.0,,,42.1283,-8.6286,exact,Galicia,L100001052899,G100001060693,GEM Global Solar Power Tracker Feb-2026
Vigo solar project II,--,,Spain,1.5,operating,2025.0,,,42.1375,-8.7841,exact,Galicia,L100001053673,G100001061467,GEM Global Solar Power Tracker Feb-2026
Vilecha (Axpo) solar farm,--,,Spain,200.0,construction,2027.0,,AXPO Solar Iberia,42.5154,-5.7656,approximate,Castilla y León,L100001007603,G100001008783,GEM Global Solar Power Tracker Feb-2026
Villa solar farm,--,,Spain,148.6,pre-construction,,,,42.9715,-3.5955,exact,Castilla y León,L100001061860,G100001070947,GEM Global Solar Power Tracker Feb-2026
Villabrázaro solar project,--,,Spain,7.5,operating,2024.0,,,42.0475,-5.6992,exact,Castilla y León,L100001009112,G100001010482,GEM Global Solar Power Tracker Feb-2026
Villafranca solar project,--,,Spain,7.8,operating,2006.0,,,42.268,-1.685,exact,Comunidad Foral de Navarra,L100001009231,G100001010601,GEM Global Solar Power Tracker Feb-2026
Villalba de Guardo (Iberdrola) solar farm,--,Iberdrola Palencia,Spain,350.0,construction,,Iberdrola,Iberdrola SA [100%],42.7216,-4.8233,approximate,Castilla y León,L100000824943,G100000828204,GEM Global Solar Power Tracker Feb-2026
Villaldelmiro solar project,--,,Spain,8.5,operating,2018.0,,,42.2479,-3.9729,exact,Castilla y León,L100001009134,G100001010504,GEM Global Solar Power Tracker Feb-2026
Villalobillos solar farm,--,,Spain,44.4,pre-construction,,,,37.8816,-4.9672,exact,Andalucía,L100001062058,G100001071186,GEM Global Solar Power Tracker Feb-2026
Villamartín H2 solar farm,--,,Spain,354.8,pre-construction,,,,36.8663,-5.6531,approximate,Andalucía,L100001061888,G100001070985,GEM Global Solar Power Tracker Feb-2026
Villamañán solar farm,--,,Spain,19.0,construction,2026.0,,Zelestra,42.3164,-5.5906,exact,Castilla y León,L100001080873,G100001090836,GEM Global Solar Power Tracker Feb-2026
Villameca (Enel) solar farm,--,,Spain,158.6,pre-construction,2027.0,Enel Green Power España,Enel Green Power SpA [100%],42.6578,-6.0341,approximate,Castilla y León,L100000824944,G100000828205,GEM Global Solar Power Tracker Feb-2026
Villameca (Erbienergia) solar farm,--,,Spain,49.9,pre-construction,,Planta Fotovoltaica Villameca,Erbienergia Inversiones [100%],42.6338,-6.1633,approximate,Castilla y León,L100001004629,G100001005430,GEM Global Solar Power Tracker Feb-2026
Villameca (Progressum) solar farm,1,,Spain,99.7,pre-construction,,,Progressum Energy Developments [100%],42.5325,-5.9362,approximate,Castilla y León,L100000824945,G100000828206,GEM Global Solar Power Tracker Feb-2026
Villameca (Progressum) solar farm,2,,Spain,99.7,pre-construction,,,Progressum Energy Developments [100%],42.6606,-6.0483,approximate,Castilla y León,L100000824945,G100000828207,GEM Global Solar Power Tracker Feb-2026
Villameca solar farm,1,,Spain,46.1,pre-construction,,,Miram Solar SL [100%],42.6344,-6.0473,approximate,Castilla y León,L100000824946,G100000828208,GEM Global Solar Power Tracker Feb-2026
Villameca solar farm,2,,Spain,46.2,pre-construction,,,Miram Solar SL [100%],42.6344,-6.0473,approximate,Castilla y León,L100000824946,G100000828209,GEM Global Solar Power Tracker Feb-2026
Villameca solar farm,3,,Spain,46.2,pre-construction,,,Wassat Solar SL [100%],42.6344,-6.0473,approximate,Castilla y León,L100000824946,G100000828210,GEM Global Solar Power Tracker Feb-2026
Villanueva 2 (Eni) solar farm,--,,Spain,50.0,operating,2024.0,Eni,Eni SpA,40.0093,-2.5723,approximate,Castilla-La Mancha,L100001020809,G100001023757,GEM Global Solar Power Tracker Feb-2026
Villanueva de Serena solar project,--,,Spain,10.6,operating,2017.0,,,38.9627,-5.7713,exact,Extremadura,L100001009128,G100001010498,GEM Global Solar Power Tracker Feb-2026
Villanueva de la Jara solar project,--,,Spain,7.1,operating,2017.0,,,39.4389,-1.9248,exact,Castilla-La Mancha,L100001009173,G100001010543,GEM Global Solar Power Tracker Feb-2026
Villanueva de los Escuderos solar farm,1,,Spain,50.0,pre-construction,2026.0,Eni,Dhamma Energy [100%],40.0433,-2.3009,approximate,Castilla-La Mancha,L100000805815,G100000806691,GEM Global Solar Power Tracker Feb-2026
Villanueva del Rey solar farm,--,,Spain,50.0,operating,2024.0,Naturgy Energy Group,Naturgy Energy Group SA [100%],37.5216,-4.5467,approximate,Andalucía,L100000824948,G100000828214,GEM Global Solar Power Tracker Feb-2026
Villar de Cañas solar farm,--,,Spain,143.4,pre-construction,,Prokon Generador Renovable España,,39.6111,-2.7904,approximate,Castilla-La Mancha,L100000824949,G100000828215,GEM Global Solar Power Tracker Feb-2026
Villar de Cañas solar project,--,,Spain,14.8,operating,2017.0,,,39.8335,-2.5686,exact,Castilla-La Mancha,L100001009174,G100001010544,GEM Global Solar Power Tracker Feb-2026
Villarcayo De Merindad De Castilla La Vieja solar project,--,,Spain,2.1,operating,2017.0,,,42.9786,-3.5662,exact,Castilla y León,L100001009639,G100001011009,GEM Global Solar Power Tracker Feb-2026
Villarino solar farm,1,,Spain,49.9,operating,2023.0,Iberenova Promociones,Iberdrola SA [100%],41.2732,-6.4623,approximate,Castilla y León,L100000805873,G100000806757,GEM Global Solar Power Tracker Feb-2026
Villarino solar farm,2,,Spain,50.0,construction,,Iberdrola Renovables Energia,Iberdrola SA [100%],41.2732,-6.4623,approximate,Castilla y León,L100000805873,G100000806758,GEM Global Solar Power Tracker Feb-2026
Villarmeriel solar farm,--,,Spain,49.9,pre-construction,,Ciprés Energía,Erbienergia Inversiones [100%],42.6673,-6.0422,approximate,Castilla y León,L100001004628,G100001005429,GEM Global Solar Power Tracker Feb-2026
Villatorres solar project I,--,,Spain,2.3,operating,2024.0,,,37.9478,-3.7321,exact,Andalucía,L100001053649,G100001061443,GEM Global Solar Power Tracker Feb-2026
Villatorres solar project II,--,,Spain,1.1,operating,2024.0,,,37.9147,-3.6495,exact,Andalucía,L100001053698,G100001061492,GEM Global Solar Power Tracker Feb-2026
Villaverde solar project,--,,Spain,5.0,operating,2008.0,,,39.6914,-3.9545,exact,Castilla-La Mancha,L100001009268,G100001010638,GEM Global Solar Power Tracker Feb-2026
Villaviciosa solar farm,1,Villaviciosa-Toledo,Spain,782.0,pre-construction,,Solaria Energía y Medio Ambiente,Solaria Energía y Medio Ambiente SA [100%],39.6209,-4.4892,approximate,Castilla-La Mancha,L100000805969,G100000806873,GEM Global Solar Power Tracker Feb-2026
Villena solar farm,--,,Spain,103.0,pre-construction,,Repsol Renovables SLU,Repsol Renovables SLU [100%],38.6529,-0.8602,approximate,Comunidad Valenciana,L100000824950,G100000828216,GEM Global Solar Power Tracker Feb-2026
Villimar solar farm,--,Quintanapalla,Spain,29.9,pre-construction,,,Work-Life Balance SL [100%],42.4136,-3.5465,approximate,Castilla y León,L100001004518,G100001005291,GEM Global Solar Power Tracker Feb-2026
Vinaceite solar project,--,,Spain,8.6,operating,2008.0,,,41.307,-0.605,exact,Aragón,L100001009256,G100001010626,GEM Global Solar Power Tracker Feb-2026
Vinalopó solar farm,--,,Spain,24.2,pre-construction,,Desarrollo Proyecto Fotovoltaico XV,Aresol Renovables [100%],38.7207,-0.9185,approximate,Comunidad Valenciana,L100000824951,G100000828217,GEM Global Solar Power Tracker Feb-2026
Vincax II solar farm,--,,Spain,48.9,pre-construction,,,,39.2577,-3.4667,exact,Castilla-La Mancha,L100001062218,G100001071443,GEM Global Solar Power Tracker Feb-2026
Virgen de Areños III solar farm,--,,Spain,50.0,construction,,Iberenova Promociones,Iberdrola SA [100%],42.5615,-4.8365,approximate,Castilla y León,L100000824953,G100000828219,GEM Global Solar Power Tracker Feb-2026
Virgen del Carmen solar farm,--,,Spain,26.1,operating,,Foresight Solar Fund,,37.3766,-6.9684,approximate,Andalucía,L100000824954,G100000828220,GEM Global Solar Power Tracker Feb-2026
Viscofan solar farm,--,,Spain,45.0,pre-construction,,,,42.5457,-1.3554,approximate,Comunidad Foral de Navarra,L100001062350,G100001071609,GEM Global Solar Power Tracker Feb-2026
Vitoria solar farm,1,,Spain,48.1,pre-construction,,,Indarberri SL [100%],42.9227,-2.6008,approximate,País Vasco,L100001000550,G100001000852,GEM Global Solar Power Tracker Feb-2026
Vitoria solar farm,2,,Spain,48.1,pre-construction,,,Indarberri SL [100%],42.8648,-2.5295,approximate,País Vasco,L100001000550,G100001000853,GEM Global Solar Power Tracker Feb-2026
Vizmalo solar farm,--,,Spain,113.0,pre-construction,,,,42.078,-4.1825,approximate,Castilla y León,L100001061831,G100001070899,GEM Global Solar Power Tracker Feb-2026
Volans solar farm,1,,Spain,46.7,pre-construction,,,Solaria Promoción y Desarrollo Fotovoltaico SL [100%],41.5706,0.5518,approximate,Cataluña,L100001000627,G100001000947,GEM Global Solar Power Tracker Feb-2026
Volans solar farm,2,,Spain,46.7,pre-construction,,,Solaria Promoción y Desarrollo Fotovoltaico SL [100%],41.5706,0.5518,approximate,Cataluña,L100001000627,G100001001335,GEM Global Solar Power Tracker Feb-2026
Volateo solar farm,--,,Spain,139.0,pre-construction,,Volateo Solar,Ignis Energía SL [100%],37.0687,-4.6131,approximate,Andalucía,L100000824955,G100000828221,GEM Global Solar Power Tracker Feb-2026
Vulturno solar farm,--,,Spain,42.0,pre-construction,,Energía Inagotable de Vulturno,Forestalia SL [100%],41.8853,-1.1991,approximate,Aragón,L100000824956,G100000828222,GEM Global Solar Power Tracker Feb-2026
Winche solar farm,--,,Spain,62.5,pre-construction,,,Tejo Solar [100%],36.4327,-5.4519,approximate,Andalucía,L100000824957,G100000828223,GEM Global Solar Power Tracker Feb-2026
Yadisema solar farm,1,,Spain,116.7,pre-construction,,,Energías Renovables Yadisema SL [100%],40.1388,-3.9719,approximate,Castilla-La Mancha,L100000824958,G100000828224,GEM Global Solar Power Tracker Feb-2026
Yadisema solar farm,2,,Spain,63.8,pre-construction,,,Energías Renovables Yadisema SL [100%],40.0824,-3.7514,approximate,Castilla-La Mancha,L100000824958,G100000828225,GEM Global Solar Power Tracker Feb-2026
Yecla Altiplano solar project II,--,,Spain,4.4,operating,2017.0,,,38.5831,-1.0777,exact,Región de Murcia,L100001009502,G100001010872,GEM Global Solar Power Tracker Feb-2026
Yecla Altiplano solar project III,--,,Spain,1.7,operating,2017.0,,,38.5133,-1.1472,exact,Región de Murcia,L100001009720,G100001011090,GEM Global Solar Power Tracker Feb-2026
Yecla Altiplano solar project IV,--,,Spain,2.2,operating,2017.0,,,38.5101,-1.1865,exact,Región de Murcia,L100001009826,G100001011196,GEM Global Solar Power Tracker Feb-2026
Yecla Altiplano solar project V,--,,Spain,19.1,operating,2017.0,,,38.6608,-1.1179,exact,Región de Murcia,L100001009843,G100001011213,GEM Global Solar Power Tracker Feb-2026
Yecla Altiplano solar project VI,--,,Spain,2.3,operating,2019.0,,,38.6329,-1.0375,exact,Región de Murcia,L100001009888,G100001011258,GEM Global Solar Power Tracker Feb-2026
Yecla Altiplano solar project VII,--,,Spain,2.3,operating,2017.0,,,38.6503,-1.1634,exact,Región de Murcia,L100001009919,G100001011289,GEM Global Solar Power Tracker Feb-2026
Yecla Altiplano solar project VIII,--,,Spain,2.0,operating,2021.0,,,38.5989,-1.069,exact,Región de Murcia,L100001010299,G100001011669,GEM Global Solar Power Tracker Feb-2026
Yecla solar project,--,,Spain,9.5,operating,2023.0,,,38.5926,-1.0562,exact,Región de Murcia,L100001009218,G100001010588,GEM Global Solar Power Tracker Feb-2026
Yeseras solar farm,--,,Spain,11.0,cancelled - inferred 4 y,,,Suno Energía 2 SL [100%],42.1738,-1.7469,approximate,La Rioja,L100000824959,G100000828226,GEM Global Solar Power Tracker Feb-2026
Zafiro solar farm,--,,Spain,44.0,pre-construction,,,,37.4792,-4.4373,approximate,Andalucía,L100001061691,G100001070729,GEM Global Solar Power Tracker Feb-2026
Zafra (ISC Greenfield) solar farm,--,,Spain,320.0,pre-construction,,,ISC Greenfield SL [100%],42.1379,-6.3107,approximate,Castilla y León,L100000824960,G100000828227,GEM Global Solar Power Tracker Feb-2026
Zafra (Opdenergy) solar farm,1,La Zafra,Spain,50.0,operating,2019.0,Opdenergy,Opdenergy SA [100%],37.3063,-5.8242,approximate,Andalucía,L100000805919,G100000806808,GEM Global Solar Power Tracker Feb-2026
Zafra - Río Bodión solar project II,--,,Spain,3.2,operating,2023.0,,,38.5068,-6.6447,exact,Extremadura,L100001009466,G100001010836,GEM Global Solar Power Tracker Feb-2026
Zafra - Río Bodión solar project III,--,,Spain,3.4,operating,2017.0,,,38.3405,-6.4067,exact,Extremadura,L100001009507,G100001010877,GEM Global Solar Power Tracker Feb-2026
Zafra - Río Bodión solar project IV,--,,Spain,5.0,operating,2017.0,,,38.2909,-6.3119,exact,Extremadura,L100001009513,G100001010883,GEM Global Solar Power Tracker Feb-2026
Zafra - Río Bodión solar project IX,--,,Spain,18.2,operating,2022.0,,,38.4295,-6.3829,exact,Extremadura,L100001053568,G100001061362,GEM Global Solar Power Tracker Feb-2026
Zafra - Río Bodión solar project VII,--,,Spain,4.2,operating,2023.0,,,38.4419,-6.4104,exact,Extremadura,L100001010106,G100001011476,GEM Global Solar Power Tracker Feb-2026
Zafra - Río Bodión solar project VIII,--,,Spain,14.8,operating,2021.0,,,38.4334,-6.4387,exact,Extremadura,L100001010107,G100001011477,GEM Global Solar Power Tracker Feb-2026
Zafra - Río Bodión solar project X,--,,Spain,3.2,operating,2017.0,,,38.5502,-6.417,exact,Extremadura,L100001053664,G100001061458,GEM Global Solar Power Tracker Feb-2026
Zafra - Río Bodión solar project XI,--,,Spain,5.4,operating,2024.0,,,38.3821,-6.4835,exact,Extremadura,L100001053737,G100001061531,GEM Global Solar Power Tracker Feb-2026
Zalea solar farm,--,,Spain,141.6,pre-construction,,Sun Capital 2000,,37.6087,-4.6016,approximate,Andalucía,L100000824961,G100000828228,GEM Global Solar Power Tracker Feb-2026
Zamora 3 solar farm,--,,Spain,29.0,pre-construction,,,,41.533,-5.8714,exact,Castilla y León,L100001063704,G100001073229,GEM Global Solar Power Tracker Feb-2026
Zamora solar project,--,,Spain,1.1,operating,2025.0,,,41.526,-5.6825,exact,Castilla y León,L100001053249,G100001061043,GEM Global Solar Power Tracker Feb-2026
Zamora solar project II,--,,Spain,6.5,operating,2023.0,,,41.4773,-5.7593,exact,Castilla y León,L100001010137,G100001011507,GEM Global Solar Power Tracker Feb-2026
Zamora-Capillas solar farm,--,,Spain,56.0,pre-construction,,Opdenergy,Opdenergy SA [100%],41.5066,-5.7451,approximate,Castilla y León,L100000824963,G100000828231,GEM Global Solar Power Tracker Feb-2026
Zamora-Mulas solar farm,--,,Spain,29.0,pre-construction,,Opdenergy,Opdenergy SA [100%],41.5066,-5.7451,approximate,Castilla y León,L100000824964,G100000828232,GEM Global Solar Power Tracker Feb-2026
Zangozerria / Comarca De Sangüesa solar project,--,,Spain,4.2,operating,2017.0,,,42.5541,-1.3607,exact,Comunidad Foral de Navarra,L100001010038,G100001011408,GEM Global Solar Power Tracker Feb-2026
Zaragoza and Teruel solar farm,--,,Spain,2580.0,pre-construction,,Bruc Iberia Energy Investment Partners,Bruc Iberia Energy Investment Partners [100%],41.6537,-0.8888,approximate,Aragón,L100000824965,G100000828233,GEM Global Solar Power Tracker Feb-2026
Zaragoza solar project I,--,,Spain,2.6,operating,2017.0,,,41.7038,-1.0526,exact,Aragón,L100001009520,G100001010890,GEM Global Solar Power Tracker Feb-2026
Zaragoza solar project II,--,,Spain,12.1,operating,2021.0,,,41.9091,-0.8046,exact,Aragón,L100001009865,G100001011235,GEM Global Solar Power Tracker Feb-2026
Zaragoza solar project III,--,,Spain,10.8,operating,2023.0,,,41.5183,-0.8563,exact,Aragón,L100001010272,G100001011642,GEM Global Solar Power Tracker Feb-2026
Zaragoza solar project IX,--,,Spain,18.4,operating,2023.0,,,41.8613,-0.724,exact,Aragón,L100001010279,G100001011649,GEM Global Solar Power Tracker Feb-2026
Zaragoza solar project V,--,,Spain,5.1,operating,2019.0,,,41.5859,-0.8053,exact,Aragón,L100001010275,G100001011645,GEM Global Solar Power Tracker Feb-2026
Zaragoza solar project VII,--,,Spain,17.6,operating,2020.0,,,41.8775,-0.8167,exact,Aragón,L100001010277,G100001011647,GEM Global Solar Power Tracker Feb-2026
Zaragoza solar project XIII,--,,Spain,3.9,operating,2017.0,,,41.6377,-0.9164,exact,Aragón,L100001010495,G100001011865,GEM Global Solar Power Tracker Feb-2026
Zaragoza solar project XIV,--,,Spain,1.7,operating,2022.0,,,41.5727,-0.7882,exact,Aragón,L100001052865,G100001060659,GEM Global Solar Power Tracker Feb-2026
Zaragoza solar project XIX,--,,Spain,1.1,operating,2025.0,,,41.5021,-1.0168,exact,Aragón,L100001053296,G100001061090,GEM Global Solar Power Tracker Feb-2026
Zaragoza solar project XV,--,,Spain,4.7,operating,2024.0,,,41.7845,-0.7851,exact,Aragón,L100001052876,G100001060670,GEM Global Solar Power Tracker Feb-2026
Zaragoza solar project XVI,--,,Spain,1.9,operating,2025.0,,,41.5376,-0.6954,exact,Aragón,L100001052991,G100001060785,GEM Global Solar Power Tracker Feb-2026
Zaragoza solar project XVII,--,,Spain,2.0,operating,2022.0,,,41.6361,-1.0213,exact,Aragón,L100001053021,G100001060815,GEM Global Solar Power Tracker Feb-2026
Zaragoza solar project XVIII,--,,Spain,5.5,operating,2024.0,,,41.6061,-1.0075,exact,Aragón,L100001053283,G100001061077,GEM Global Solar Power Tracker Feb-2026
Zaragoza solar project XX,--,,Spain,1.0,operating,2025.0,,,41.8263,-0.8051,exact,Aragón,L100001053408,G100001061202,GEM Global Solar Power Tracker Feb-2026
Zaragoza solar project XXI,--,,Spain,6.4,operating,2020.0,,,41.6616,-0.8077,exact,Aragón,L100001053585,G100001061379,GEM Global Solar Power Tracker Feb-2026
Zaragoza solar project XXII,--,,Spain,2.5,operating,2024.0,,,41.5784,-0.818,exact,Aragón,L100001053662,G100001061456,GEM Global Solar Power Tracker Feb-2026
Zaragoza solar project XXIII,--,,Spain,2.1,operating,2024.0,,,41.5031,-0.57,exact,Aragón,L100001053663,G100001061457,GEM Global Solar Power Tracker Feb-2026
Zaratan (Q Energy) solar farm,1,,Spain,32.0,construction,,,Q Energy,41.889,-4.922,approximate,Castilla y León,L100001063506,G100001072989,GEM Global Solar Power Tracker Feb-2026
Zaratan (Q Energy) solar farm,2,,Spain,32.0,construction,,,Q Energy,41.889,-4.922,approximate,Castilla y León,L100001063506,G100001072992,GEM Global Solar Power Tracker Feb-2026
Zaratan (Q Energy) solar farm,3,,Spain,32.0,construction,,,Q Energy,41.889,-4.922,approximate,Castilla y León,L100001063506,G100001073006,GEM Global Solar Power Tracker Feb-2026
Zaratán solar farm,--,Amazon Zaratan solar farm,Spain,33.0,operating,2023.0,Matrix Renewables,Matrix Renewables [100%],41.644,-4.8492,exact,Castilla y León,L100000824966,G100000828234,GEM Global Solar Power Tracker Feb-2026
Zarza solar project,--,,Spain,15.0,operating,2017.0,,,39.8688,-6.8324,exact,Extremadura,L100001009145,G100001010515,GEM Global Solar Power Tracker Feb-2026
Zarzuela solar farm,--,,Spain,41.8,operating,2021.0,,Audax Renovables SA [100%],42.1824,-4.1526,approximate,Castilla y León,L100000824967,G100000828235,GEM Global Solar Power Tracker Feb-2026
Zednemen solar farm,1,,Spain,61.6,pre-construction,,,Energías Renovables Zednemen SL [100%],40.1798,-4.0251,approximate,Castilla-La Mancha,L100000824968,G100000828236,GEM Global Solar Power Tracker Feb-2026
Zednemen solar farm,2,,Spain,143.0,pre-construction,,,Energías Renovables Zednemen SL [100%],40.1798,-4.0251,approximate,Castilla-La Mancha,L100000824968,G100000828237,GEM Global Solar Power Tracker Feb-2026
Zednemen solar farm,3,,Spain,56.4,pre-construction,,,Energías Renovables Zednemen SL [100%],40.1798,-4.0251,approximate,Castilla-La Mancha,L100000824968,G100000828238,GEM Global Solar Power Tracker Feb-2026
Zednemen solar farm,4,,Spain,146.2,pre-construction,,,Energías Renovables Zednemen SL [100%],40.1798,-4.0251,approximate,Castilla-La Mancha,L100000824968,G100000828239,GEM Global Solar Power Tracker Feb-2026
Zetes solar farm,--,,Spain,46.5,pre-construction,,Energía Inagotable Zetes,Forestalia SL [100%],41.9117,-1.19,approximate,Aragón,L100000824969,G100000828240,GEM Global Solar Power Tracker Feb-2026
Zorita solar farm,1,,Spain,50.0,operating,2025.0,Naturgy Energy Group,Naturgy Energy Group SA [100%],40.3505,-2.8818,exact,Castilla-La Mancha,L100000824970,G100000828241,GEM Global Solar Power Tracker Feb-2026
Zorita solar farm,2,,Spain,50.0,operating,2025.0,Naturgy Energy Group,Naturgy Energy Group SA [100%],40.3505,-2.8818,exact,Castilla-La Mancha,L100000824970,G100000828242,GEM Global Solar Power Tracker Feb-2026
Zorrilla H2 solar farm,--,,Spain,63.9,pre-construction,,,,36.8314,-5.8229,approximate,Andalucía,L100001061922,G100001071023,GEM Global Solar Power Tracker Feb-2026
Zuera I solar project,--,,Spain,9.0,operating,2008.0,,,41.934,-0.805,exact,Aragón,L100001009286,G100001010656,GEM Global Solar Power Tracker Feb-2026
Zuera II solar project,--,,Spain,17.3,operating,2017.0,,,41.9448,-0.8185,exact,Aragón,L100001009287,G100001010657,GEM Global Solar Power Tracker Feb-2026
Zumajo solar farm,1,,Spain,50.0,construction,2026.0,Greenalia,Greenalia SA [100%],38.0417,-4.225,exact,Andalucía,L100000824971,G100000828243,GEM Global Solar Power Tracker Feb-2026
Zumajo solar farm,2,,Spain,50.0,construction,2026.0,Greenalia,Greenalia SA [100%],37.9796,-4.1791,exact,Andalucía,L100000824971,G100000828244,GEM Global Solar Power Tracker Feb-2026
Zuncho solar farm,--,,Spain,99.8,pre-construction,,Zuncho Solar,Ignis Energía SL [100%],40.1022,-4.1183,approximate,Castilla-La Mancha,L100000824972,G100000828245,GEM Global Solar Power Tracker Feb-2026
Zurbarán (Enel) solar farm,--,,Spain,42.9,operating,2019.0,,Enel Green Power SpA [100%],39.0656,-5.7224,approximate,Extremadura,L100000824973,G100000828246,GEM Global Solar Power Tracker Feb-2026
Zújar solar project,--,,Spain,6.9,operating,2023.0,,,38.942,-5.876,exact,Extremadura,L100001009129,G100001010499,GEM Global Solar Power Tracker Feb-2026
Ágata solar farm,--,,Spain,51.0,pre-construction,,,,37.481,-4.4464,approximate,Andalucía,L100001061684,G100001070718,GEM Global Solar Power Tracker Feb-2026
Áncora solar farm,--,,Spain,103.0,pre-construction,,,Tejo Solar [100%],36.4327,-5.4519,approximate,Andalucía,L100000824344,G100000827458,GEM Global Solar Power Tracker Feb-2026
Ébora solar farm,--,,Spain,31.3,pre-construction,,,Elcano,39.8686,-4.9215,approximate,Castilla-La Mancha,L100001005465,G100001006504,GEM Global Solar Power Tracker Feb-2026
